test_season,date,league,selection,edge,odds,profit_units
2324,2023-08-11,La Liga,H,0.045794544978304874,2.54,-1.0
2324,2023-08-11,La Liga,H,0.06440979552644216,1.93,-1.0
2324,2023-08-11,Ligue 1,H,0.027427896962338216,2.57,-1.0
2324,2023-08-11,Premier League,H,0.024814922910536663,9.02,-1.0
2324,2023-08-12,La Liga,H,0.04620035145371626,3.4,-1.0
2324,2023-08-12,La Liga,H,0.002998092134781527,1.63,-1.0
2324,2023-08-12,Ligue 1,H,0.024154052144140348,1.7,0.7
2324,2023-08-12,Ligue 1,H,0.02726537857919209,1.33,-1.0
2324,2023-08-12,Premier League,H,0.00781244968666106,1.18,0.17999999999999994
2324,2023-08-12,Premier League,H,0.06471618336396784,2.69,-1.0
2324,2023-08-12,Premier League,D,0.028551604646590956,3.43,-1.0
2324,2023-08-12,Premier League,H,0.05015436905140802,1.76,0.76
2324,2023-08-13,La Liga,H,0.04470383954763507,2.12,-1.0
2324,2023-08-13,La Liga,H,0.028686787184076246,6.35,-1.0
2324,2023-08-13,La Liga,A,0.00939723398532799,4.4,3.4000000000000004
2324,2023-08-13,Ligue 1,A,0.05407643090974351,1.96,-1.0
2324,2023-08-13,Ligue 1,A,0.16976335426089256,2.04,1.04
2324,2023-08-13,Ligue 1,D,0.018511532873514813,3.38,-1.0
2324,2023-08-13,Ligue 1,A,0.009412572075059689,7.59,-1.0
2324,2023-08-13,Ligue 1,A,0.04316968954703959,2.61,-1.0
2324,2023-08-13,Premier League,A,0.011997258390692933,2.5,-1.0
2324,2023-08-13,Premier League,D,0.06412870471104859,3.64,2.64
2324,2023-08-14,La Liga,A,0.01863835556496407,10.27,-1.0
2324,2023-08-14,La Liga,H,0.0734295999607224,2.19,1.19
2324,2023-08-14,Premier League,H,0.02804514717627815,1.31,0.31000000000000005
2324,2023-08-18,Bundesliga,H,0.03763697714370971,8.5,-1.0
2324,2023-08-18,La Liga,H,0.04632260172302255,2.95,-1.0
2324,2023-08-18,Ligue 1,D,0.0588759137595678,4.01,3.01
2324,2023-08-19,Bundesliga,D,0.038949191567515196,3.69,2.69
2324,2023-08-19,Bundesliga,H,0.038309023637870476,1.4,0.3999999999999999
2324,2023-08-19,Bundesliga,H,0.027096152769029103,2.35,-1.0
2324,2023-08-19,Bundesliga,H,0.08008675716072539,2.47,1.4700000000000002
2324,2023-08-19,Bundesliga,H,0.046820585179296326,1.69,0.69
2324,2023-08-19,La Liga,H,0.04036876605259648,8.0,-1.0
2324,2023-08-19,La Liga,A,0.09113069644778438,2.71,1.71
2324,2023-08-19,La Liga,A,0.03335637429835547,5.24,-1.0
2324,2023-08-19,Ligue 1,H,0.020425845804529108,1.71,-1.0
2324,2023-08-19,Ligue 1,A,0.06962859957795864,1.67,-1.0
2324,2023-08-19,Premier League,A,0.0062150759335184436,2.63,1.63
2324,2023-08-19,Premier League,A,0.0501048192575627,11.82,-1.0
2324,2023-08-19,Premier League,A,0.015169315089562735,4.83,-1.0
2324,2023-08-19,Premier League,D,0.0404329626925124,3.75,-1.0
2324,2023-08-19,Premier League,A,0.026524633374422235,1.89,0.8899999999999999
2324,2023-08-19,Serie A,A,0.04870870507427022,3.27,2.27
2324,2023-08-19,Serie A,D,0.06491126515378087,3.34,-1.0
2324,2023-08-19,Serie A,A,0.02871573871099803,7.92,-1.0
2324,2023-08-20,Bundesliga,H,0.0892975157325745,2.01,1.0099999999999998
2324,2023-08-20,La Liga,D,0.0047117811989119684,6.7,-1.0
2324,2023-08-20,La Liga,H,0.07062721108769002,3.86,-1.0
2324,2023-08-20,La Liga,H,0.05023113725513911,2.05,1.0499999999999998
2324,2023-08-20,Ligue 1,D,0.06543015416529718,3.63,2.63
2324,2023-08-20,Ligue 1,H,0.03946744889348064,1.42,0.41999999999999993
2324,2023-08-20,Ligue 1,A,0.061745845292168255,2.18,-1.0
2324,2023-08-20,Ligue 1,D,0.037249050679990015,3.96,-1.0
2324,2023-08-20,Ligue 1,D,0.08060124038283717,3.71,-1.0
2324,2023-08-20,Premier League,A,0.02662820221906345,5.0,-1.0
2324,2023-08-20,Premier League,A,0.10913680258130648,2.04,-1.0
2324,2023-08-20,Serie A,D,0.007855623169374382,3.33,-1.0
2324,2023-08-20,Serie A,D,0.030192924704914303,4.07,3.0700000000000003
2324,2023-08-20,Serie A,A,0.06043551828021565,2.12,1.12
2324,2023-08-20,Serie A,A,0.028732387126864545,1.86,0.8600000000000001
2324,2023-08-21,La Liga,H,0.00943983264217818,3.32,2.32
2324,2023-08-21,La Liga,D,0.03050521126661304,3.08,-1.0
2324,2023-08-21,Premier League,A,0.10308364400722603,1.6,0.6000000000000001
2324,2023-08-21,Serie A,A,0.05271489379938388,1.99,0.99
2324,2023-08-21,Serie A,A,0.010779172556528077,5.47,-1.0
2324,2023-08-25,Bundesliga,D,0.023172290619354274,4.71,-1.0
2324,2023-08-25,La Liga,H,0.08463390688501873,4.74,-1.0
2324,2023-08-25,Ligue 1,D,0.009252902896698112,3.82,2.82
2324,2023-08-26,Bundesliga,D,0.04893111529310745,5.29,4.29
2324,2023-08-26,Bundesliga,H,0.09703234808854061,2.36,-1.0
2324,2023-08-26,Bundesliga,H,0.10555591107757156,1.71,0.71
2324,2023-08-26,Bundesliga,H,0.04264856231630704,3.68,-1.0
2324,2023-08-26,La Liga,H,0.048240250972650056,2.25,-1.0
2324,2023-08-26,La Liga,H,0.029098078357767232,2.65,1.65
2324,2023-08-26,La Liga,D,0.03297849817500509,3.48,-1.0
2324,2023-08-26,Ligue 1,H,0.04998569920080698,1.52,0.52
2324,2023-08-26,Ligue 1,H,0.04767425493948063,1.61,0.6100000000000001
2324,2023-08-26,Premier League,H,0.016313214014587518,1.23,-1.0
2324,2023-08-26,Premier League,H,0.04403030875387498,3.67,-1.0
2324,2023-08-26,Premier League,A,0.026971727486433172,3.57,-1.0
2324,2023-08-26,Premier League,D,0.009553585211407506,4.67,-1.0
2324,2023-08-26,Premier League,A,0.018594777287124997,3.24,2.24
2324,2023-08-26,Premier League,H,0.023235570002950623,1.31,0.31000000000000005
2324,2023-08-26,Serie A,A,0.01765759227790098,5.63,-1.0
2324,2023-08-26,Serie A,D,0.02843751369783315,3.54,-1.0
2324,2023-08-26,Serie A,A,0.04163327828022645,1.86,-1.0
2324,2023-08-27,Bundesliga,D,0.015389212623539622,12.99,-1.0
2324,2023-08-27,Bundesliga,D,0.0922727018821729,3.63,2.63
2324,2023-08-27,La Liga,H,0.09322589854203905,1.92,0.9199999999999999
2324,2023-08-27,La Liga,H,0.025204344854354965,1.9,-1.0
2324,2023-08-27,La Liga,H,0.02264626630528188,3.54,-1.0
2324,2023-08-27,Ligue 1,A,0.028979807855916917,3.96,2.96
2324,2023-08-27,Ligue 1,A,0.019198042722933684,1.95,-1.0
2324,2023-08-27,Ligue 1,A,0.02871508932253758,2.91,1.9100000000000001
2324,2023-08-27,Ligue 1,H,0.010287042133725444,2.11,-1.0
2324,2023-08-27,Ligue 1,A,0.052743815827367535,3.28,-1.0
2324,2023-08-27,Premier League,D,0.014207632600792108,3.55,-1.0
2324,2023-08-27,Premier League,H,0.058919558883109846,2.2,-1.0
2324,2023-08-27,Serie A,D,0.010197727474384632,3.96,2.96
2324,2023-08-27,Serie A,D,0.039295787496162526,4.39,3.3899999999999997
2324,2023-08-27,Serie A,D,0.014691337515011366,4.09,-1.0
2324,2023-08-27,Serie A,D,0.028295967285091594,5.67,-1.0
2324,2023-08-28,La Liga,H,0.036463665699480174,2.28,1.2799999999999998
2324,2023-08-28,La Liga,H,0.03183364842863007,4.04,-1.0
2324,2023-08-28,Serie A,H,0.029587321266542677,6.85,-1.0
2324,2023-08-28,Serie A,A,0.11130548405122681,2.62,-1.0
2324,2023-09-01,La Liga,H,0.055753482281384825,2.97,-1.0
2324,2023-09-01,La Liga,H,0.034020995246547225,3.36,2.36
2324,2023-09-01,Ligue 1,D,0.028731867181692794,3.94,2.94
2324,2023-09-01,Serie A,D,0.09107847055798457,3.15,-1.0
2324,2023-09-01,Serie A,D,0.05898551227157295,3.59,-1.0
2324,2023-09-02,Bundesliga,D,0.06074359112956379,3.7,2.7
2324,2023-09-02,Bundesliga,H,0.017368826724427466,2.47,1.4700000000000002
2324,2023-09-02,Bundesliga,D,0.025636038136864325,6.34,-1.0
2324,2023-09-02,Bundesliga,H,0.06195722279142596,2.18,1.1800000000000002
2324,2023-09-02,Bundesliga,H,0.08482811709025684,2.7,1.7000000000000002
2324,2023-09-02,La Liga,H,0.04428072143087336,2.93,1.9300000000000002
2324,2023-09-02,La Liga,H,0.10886727890618264,1.98,0.98
2324,2023-09-02,La Liga,H,0.050385148010807956,1.33,0.33000000000000007
2324,2023-09-02,La Liga,H,0.060732419484858524,1.45,0.44999999999999996
2324,2023-09-02,Ligue 1,A,0.042684799090373704,2.13,-1.0
2324,2023-09-02,Ligue 1,D,0.09611398014571604,3.84,-1.0
2324,2023-09-02,Premier League,A,0.06706513255832963,4.67,-1.0
2324,2023-09-02,Premier League,A,0.06144922960141341,2.55,-1.0
2324,2023-09-02,Premier League,D,0.011194988775822479,3.99,-1.0
2324,2023-09-02,Premier League,H,0.021962355963773494,1.38,-1.0
2324,2023-09-02,Premier League,A,0.012893610020261806,17.91,-1.0
2324,2023-09-02,Serie A,D,0.0321238993727703,4.17,-1.0
2324,2023-09-02,Serie A,D,0.025567199408324026,3.72,-1.0
2324,2023-09-02,Serie A,D,0.010571112794417081,4.04,-1.0
2324,2023-09-03,Bundesliga,H,0.03295680613623264,2.13,-1.0
2324,2023-09-03,Bundesliga,D,0.013924926723418829,3.45,-1.0
2324,2023-09-03,La Liga,A,0.046684590116842506,2.42,-1.0
2324,2023-09-03,La Liga,A,0.008475618690603426,1.66,0.6599999999999999
2324,2023-09-03,Ligue 1,H,0.03071855523383249,1.78,0.78
2324,2023-09-03,Ligue 1,A,0.09691712133149033,1.5,0.5
2324,2023-09-03,Ligue 1,A,0.01672555285301408,1.91,-1.0
2324,2023-09-03,Ligue 1,H,0.013984667727623468,1.95,0.95
2324,2023-09-03,Ligue 1,A,0.020010857914180502,3.69,-1.0
2324,2023-09-03,Premier League,H,0.04954487368479166,1.77,0.77
2324,2023-09-03,Premier League,A,0.06448269672411347,4.15,-1.0
2324,2023-09-03,Premier League,A,0.02259171291941195,4.57,-1.0
2324,2023-09-03,Serie A,A,0.08301081998041404,1.67,0.6699999999999999
2324,2023-09-03,Serie A,D,0.02642325558455133,4.04,-1.0
2324,2023-09-03,Serie A,D,0.055708013175836846,3.38,-1.0
2324,2023-09-03,Serie A,H,0.014398233651102932,2.05,1.0499999999999998
2324,2023-09-15,Bundesliga,H,0.028563954299131833,1.62,-1.0
2324,2023-09-15,La Liga,D,0.06803675845916307,3.2,-1.0
2324,2023-09-15,Ligue 1,H,0.020158901763324577,1.54,-1.0
2324,2023-09-16,Bundesliga,H,0.03540770175668895,2.93,-1.0
2324,2023-09-16,Bundesliga,H,0.09742843564949644,2.22,-1.0
2324,2023-09-16,Bundesliga,H,0.04035505653388122,3.16,-1.0
2324,2023-09-16,Bundesliga,D,0.09782444400831553,3.65,-1.0
2324,2023-09-16,Bundesliga,A,0.004294071386918508,11.49,-1.0
2324,2023-09-16,Bundesliga,H,0.05859409852206787,2.26,1.2599999999999998
2324,2023-09-16,La Liga,H,0.04592716154075427,1.55,0.55
2324,2023-09-16,La Liga,H,0.023777558532851684,1.37,0.3700000000000001
2324,2023-09-16,La Liga,D,0.03868238608279956,3.13,-1.0
2324,2023-09-16,La Liga,D,0.032773123125637904,3.38,-1.0
2324,2023-09-16,Ligue 1,A,0.024006381060938192,6.29,5.29
2324,2023-09-16,Ligue 1,A,0.053669288953311356,3.3,-1.0
2324,2023-09-16,Premier League,D,0.02544568983620843,3.7,-1.0
2324,2023-09-16,Premier League,D,0.028743384398241062,3.98,-1.0
2324,2023-09-16,Premier League,D,0.019561812912324478,4.37,-1.0
2324,2023-09-16,Premier League,A,0.06656116138191759,1.48,0.48
2324,2023-09-16,Premier League,D,0.012359067951716263,4.95,-1.0
2324,2023-09-16,Serie A,D,0.023427974875716046,4.03,3.0300000000000002
2324,2023-09-16,Serie A,A,0.009606989590947523,3.41,-1.0
2324,2023-09-16,Serie A,H,0.021240450019558488,1.93,0.9299999999999999
2324,2023-09-17,La Liga,H,0.06323754004795229,2.6,1.6
2324,2023-09-17,La Liga,H,0.030412722697090278,1.67,0.6699999999999999
2324,2023-09-17,La Liga,H,0.023197720846625636,1.48,0.48
2324,2023-09-17,Ligue 1,A,0.038658613512164985,3.75,2.75
2324,2023-09-17,Ligue 1,A,0.06666116406094313,1.87,-1.0
2324,2023-09-17,Ligue 1,H,0.03585847979618251,1.48,-1.0
2324,2023-09-17,Ligue 1,D,0.042719398876895964,3.67,-1.0
2324,2023-09-17,Ligue 1,D,0.039541589007021205,3.54,2.54
2324,2023-09-17,Premier League,A,0.04936889973117464,1.79,-1.0
2324,2023-09-17,Premier League,D,0.018240083739678975,4.55,-1.0
2324,2023-09-17,Serie A,D,0.02282322675971582,3.26,2.26
2324,2023-09-17,Serie A,D,0.07045208198579433,3.52,-1.0
2324,2023-09-17,Serie A,D,0.07965857996641101,3.4,2.4
2324,2023-09-17,Serie A,D,0.05170215827854846,4.5,-1.0
2324,2023-09-18,La Liga,D,0.06522500447003476,3.37,-1.0
2324,2023-09-18,Premier League,A,0.07527979406861629,3.22,-1.0
2324,2023-09-18,Serie A,A,0.08346862561894397,2.21,1.21
2324,2023-09-18,Serie A,D,0.02396785887649372,3.31,2.31
2324,2023-09-22,La Liga,A,0.037955308824427436,2.09,1.0899999999999999
2324,2023-09-22,Ligue 1,D,0.047510945656703885,3.56,-1.0
2324,2023-09-22,Serie A,A,0.05640385832854783,3.17,-1.0
2324,2023-09-23,Bundesliga,D,0.015481408355975168,3.63,-1.0
2324,2023-09-23,Bundesliga,D,0.015841667684337313,11.34,-1.0
2324,2023-09-23,Bundesliga,H,0.07858511254928569,1.69,0.69
2324,2023-09-23,Bundesliga,D,0.07805345320339765,4.69,-1.0
2324,2023-09-23,Bundesliga,H,0.06432630516944754,2.12,-1.0
2324,2023-09-23,Bundesliga,H,0.0565722714689727,2.54,1.54
2324,2023-09-23,La Liga,D,0.04733261472676675,3.48,2.48
2324,2023-09-23,La Liga,H,0.03723698595570857,1.29,0.29000000000000004
2324,2023-09-23,La Liga,A,0.0012221551184938562,4.42,-1.0
2324,2023-09-23,La Liga,H,0.02237610942300955,2.55,-1.0
2324,2023-09-23,Ligue 1,A,0.06821687773844909,2.65,-1.0
2324,2023-09-23,Ligue 1,D,0.023240028800854906,3.39,-1.0
2324,2023-09-23,Premier League,H,0.029860330423295833,1.8,-1.0
2324,2023-09-23,Premier League,A,0.02248352214394922,1.75,0.75
2324,2023-09-23,Premier League,H,0.06298031625900269,1.95,-1.0
2324,2023-09-23,Premier League,A,0.006208387348010672,18.11,-1.0
2324,2023-09-23,Serie A,A,0.026026376046992178,4.42,-1.0
2324,2023-09-23,Serie A,A,0.01959295633731445,8.61,-1.0
2324,2023-09-23,Serie A,D,0.07364262516446002,3.93,-1.0
2324,2023-09-24,Bundesliga,H,0.08389069469935678,2.09,-1.0
2324,2023-09-24,La Liga,H,0.0688761551039373,2.83,1.83
2324,2023-09-24,La Liga,D,0.033814515866010086,3.56,2.56
2324,2023-09-24,La Liga,H,0.11718253372757981,2.03,1.0299999999999998
2324,2023-09-24,La Liga,H,0.03182596427107798,1.55,0.55
2324,2023-09-24,La Liga,D,0.04508133934326464,3.54,2.54
2324,2023-09-24,Ligue 1,A,0.06594574815112847,3.0,-1.0
2324,2023-09-24,Ligue 1,A,0.031038131518117157,4.75,-1.0
2324,2023-09-24,Ligue 1,A,0.04532063159130684,2.51,1.5099999999999998
2324,2023-09-24,Ligue 1,D,0.05169687552189578,3.53,2.53
2324,2023-09-24,Ligue 1,H,0.03630551596744791,1.63,0.6299999999999999
2324,2023-09-24,Premier League,H,0.06179614615904472,1.7,-1.0
2324,2023-09-24,Premier League,A,0.033160278039747915,7.58,-1.0
2324,2023-09-24,Premier League,H,0.05604911109982513,1.91,-1.0
2324,2023-09-24,Premier League,H,0.018201601238150844,1.39,0.3899999999999999
2324,2023-09-24,Premier League,H,0.02072155176145371,7.01,-1.0
2324,2023-09-24,Serie A,D,0.05352472804161196,4.94,-1.0
2324,2023-09-24,Serie A,D,0.018058543225617563,3.64,2.64
2324,2023-09-24,Serie A,D,0.04204563173988657,5.42,-1.0
2324,2023-09-24,Serie A,D,0.03442950912191017,3.05,2.05
2324,2023-09-24,Serie A,D,0.05372757951589202,3.45,-1.0
2324,2023-09-26,La Liga,H,0.028427301880592004,6.89,-1.0
2324,2023-09-26,La Liga,H,0.05359785015762186,1.67,0.6699999999999999
2324,2023-09-26,Ligue 1,D,0.008603215216488325,3.7,-1.0
2324,2023-09-26,Serie A,D,0.01942398944125287,4.27,-1.0
2324,2023-09-27,La Liga,H,0.07526297169414908,1.64,-1.0
2324,2023-09-27,La Liga,A,0.04039357359590212,2.95,-1.0
2324,2023-09-27,La Liga,A,0.011601688939818056,13.1,-1.0
2324,2023-09-27,La Liga,H,0.019253651175787923,2.65,-1.0
2324,2023-09-27,La Liga,H,0.03950725807462263,2.23,-1.0
2324,2023-09-27,Serie A,H,0.02156821413527832,5.43,-1.0
2324,2023-09-27,Serie A,D,0.07753392520755797,3.27,-1.0
2324,2023-09-27,Serie A,A,0.013394294073528434,8.57,7.57
2324,2023-09-27,Serie A,H,0.009637552354472168,2.15,1.15
2324,2023-09-27,Serie A,H,0.01368520562512876,1.38,0.3799999999999999
2324,2023-09-27,Serie A,D,0.03595070457331917,3.73,-1.0
2324,2023-09-28,La Liga,H,0.02284133988356596,1.71,-1.0
2324,2023-09-28,La Liga,D,0.0037674381655612987,3.45,2.45
2324,2023-09-28,La Liga,D,0.05878376798273155,3.43,-1.0
2324,2023-09-28,Serie A,A,0.07113760702575916,2.0,-1.0
2324,2023-09-28,Serie A,A,0.05911784028964173,2.12,-1.0
2324,2023-09-28,Serie A,D,0.021656109860966444,3.34,2.34
2324,2023-09-29,Bundesliga,H,0.0782919919897031,3.11,-1.0
2324,2023-09-29,La Liga,H,0.02514843349505025,1.38,0.3799999999999999
2324,2023-09-29,Ligue 1,H,0.04261103819004636,3.55,-1.0
2324,2023-09-30,Bundesliga,D,0.04770834409387398,3.79,-1.0
2324,2023-09-30,Bundesliga,D,0.044039953385068165,3.65,-1.0
2324,2023-09-30,Bundesliga,H,0.03135845802437082,3.07,2.07
2324,2023-09-30,Bundesliga,D,0.04470267743127712,4.64,-1.0
2324,2023-09-30,Bundesliga,A,0.03153750229190627,1.93,-1.0
2324,2023-09-30,Bundesliga,H,0.04427165355629836,2.11,1.1099999999999999
2324,2023-09-30,La Liga,A,0.02856282186417114,2.56,-1.0
2324,2023-09-30,La Liga,H,0.03765422175140826,3.57,-1.0
2324,2023-09-30,La Liga,D,0.0032453304853140574,3.25,-1.0
2324,2023-09-30,La Liga,H,0.025564706088897604,2.18,-1.0
2324,2023-09-30,Ligue 1,A,0.04214116813451685,1.45,-1.0
2324,2023-09-30,Ligue 1,D,0.03624438428492677,3.82,-1.0
2324,2023-09-30,Premier League,H,0.04358036464417636,2.56,1.56
2324,2023-09-30,Premier League,H,0.021606921671351254,5.77,-1.0
2324,2023-09-30,Premier League,H,0.029611894398556715,1.61,-1.0
2324,2023-09-30,Premier League,H,0.011920704566111384,1.57,-1.0
2324,2023-09-30,Premier League,H,0.06852823465436741,1.33,0.33000000000000007
2324,2023-09-30,Premier League,H,0.05454884415224254,2.96,1.96
2324,2023-09-30,Premier League,H,0.06190811021994169,1.45,0.44999999999999996
2324,2023-09-30,Premier League,H,0.0293535851019789,9.2,8.2
2324,2023-09-30,Serie A,A,0.045495271354693334,1.76,0.76
2324,2023-09-30,Serie A,A,0.04419534036898834,4.84,-1.0
2324,2023-09-30,Serie A,A,0.05344680313947503,1.42,0.41999999999999993
2324,2023-10-01,Bundesliga,D,0.0793084921498548,3.7,-1.0
2324,2023-10-01,Bundesliga,H,0.060223233697689005,1.72,0.72
2324,2023-10-01,La Liga,H,0.05040982434394209,2.71,-1.0
2324,2023-10-01,La Liga,D,0.03860941849311461,3.7,2.7
2324,2023-10-01,La Liga,H,0.03905938167361467,1.36,0.3600000000000001
2324,2023-10-01,La Liga,D,0.040675701749409876,3.32,-1.0
2324,2023-10-01,Ligue 1,A,0.045495014914922194,1.99,0.99
2324,2023-10-01,Ligue 1,D,0.031794361702864316,3.54,-1.0
2324,2023-10-01,Ligue 1,H,0.06392942156736592,1.76,-1.0
2324,2023-10-01,Ligue 1,D,0.011814297569537446,3.8,-1.0
2324,2023-10-01,Ligue 1,A,0.044445491876222265,5.99,-1.0
2324,2023-10-01,Ligue 1,H,0.018224800192244428,2.14,1.1400000000000001
2324,2023-10-01,Premier League,A,0.03740710063675279,2.65,-1.0
2324,2023-10-01,Serie A,A,0.015866974366253617,2.82,-1.0
2324,2023-10-01,Serie A,H,0.029692656861803668,1.66,0.6599999999999999
2324,2023-10-01,Serie A,D,0.035211331468909646,4.43,-1.0
2324,2023-10-01,Serie A,D,0.06363151522081434,3.15,2.15
2324,2023-10-02,La Liga,H,0.06052354135029375,2.48,1.48
2324,2023-10-02,Premier League,A,0.0725801757456484,2.06,1.06
2324,2023-10-02,Serie A,A,0.043788041445432,6.96,-1.0
2324,2023-10-02,Serie A,D,0.08308491349410324,3.8,-1.0
2324,2023-10-02,Serie A,D,0.03625282634876015,3.4,2.4
2324,2023-10-03,Premier League,H,0.043303360409767844,2.92,-1.0
2324,2023-10-06,Bundesliga,H,0.10611771887963056,2.06,-1.0
2324,2023-10-06,La Liga,H,0.07434957352576455,1.38,0.3799999999999999
2324,2023-10-06,Ligue 1,H,0.029691715502565386,2.24,-1.0
2324,2023-10-06,Serie A,D,0.07484727399185342,3.34,2.34
2324,2023-10-06,Serie A,H,0.016986055557273505,2.57,-1.0
2324,2023-10-07,Bundesliga,H,0.0636612018526731,1.9,-1.0
2324,2023-10-07,Bundesliga,H,0.08005873174114175,1.61,0.6100000000000001
2324,2023-10-07,Bundesliga,H,0.024908480529675203,1.24,-1.0
2324,2023-10-07,Bundesliga,H,0.05666063935472482,2.0,1.0
2324,2023-10-07,Bundesliga,H,0.07770636586506852,2.75,-1.0
2324,2023-10-07,La Liga,H,0.06124916914650669,3.25,-1.0
2324,2023-10-07,La Liga,D,0.026272269948988403,3.08,2.08
2324,2023-10-07,La Liga,H,0.019544198979948968,1.31,0.31000000000000005
2324,2023-10-07,La Liga,H,0.05251998709689554,1.89,-1.0
2324,2023-10-07,Ligue 1,A,0.03514382798707383,1.73,0.73
2324,2023-10-07,Ligue 1,D,0.02722018807323129,3.66,-1.0
2324,2023-10-07,Premier League,A,0.015989769903516304,1.76,0.76
2324,2023-10-07,Premier League,A,0.03405673689723365,3.49,-1.0
2324,2023-10-07,Premier League,H,0.07286810795474014,1.97,0.97
2324,2023-10-07,Premier League,H,0.09488428152466921,1.64,0.6399999999999999
2324,2023-10-07,Premier League,H,0.07950689671811598,6.46,-1.0
2324,2023-10-07,Premier League,H,0.024763005541536764,1.69,0.69
2324,2023-10-07,Serie A,H,0.01711120275313266,4.06,-1.0
2324,2023-10-07,Serie A,H,0.022678992457514924,1.39,-1.0
2324,2023-10-07,Serie A,H,0.014198306500982139,1.93,0.9299999999999999
2324,2023-10-08,Bundesliga,H,0.01617105767845628,1.16,0.15999999999999992
2324,2023-10-08,Bundesliga,H,0.10980841349824366,1.73,0.73
2324,2023-10-08,Bundesliga,H,0.05936415038261866,1.34,0.3400000000000001
2324,2023-10-08,La Liga,H,0.06361694434529319,2.86,-1.0
2324,2023-10-08,La Liga,D,0.008880415567284972,3.45,-1.0
2324,2023-10-08,La Liga,D,0.03138232931323104,3.2,2.2
2324,2023-10-08,La Liga,D,0.05584345997146864,5.18,4.18
2324,2023-10-08,La Liga,H,0.07362693792509645,1.62,-1.0
2324,2023-10-08,Ligue 1,A,0.018127948172975833,4.39,-1.0
2324,2023-10-08,Ligue 1,D,0.01680324286397311,3.49,2.49
2324,2023-10-08,Ligue 1,H,0.03025533114912693,1.69,-1.0
2324,2023-10-08,Ligue 1,D,0.03125079405936737,4.53,-1.0
2324,2023-10-08,Ligue 1,A,0.09826903838286655,2.08,1.08
2324,2023-10-08,Premier League,H,0.01832281008776493,2.92,1.92
2324,2023-10-08,Premier League,D,0.04849601406820639,4.01,3.01
2324,2023-10-08,Premier League,D,0.027430585715619016,3.72,2.72
2324,2023-10-08,Premier League,D,0.02912248061233974,3.59,2.59
2324,2023-10-08,Serie A,D,0.04035884889549385,3.46,-1.0
2324,2023-10-08,Serie A,A,0.060967628642929594,3.13,-1.0
2324,2023-10-08,Serie A,D,0.03911162605670859,3.3,-1.0
2324,2023-10-08,Serie A,H,0.035730822044886534,1.68,0.6799999999999999
2324,2023-10-08,Serie A,D,0.028399112277065208,4.22,-1.0
2324,2023-10-20,Bundesliga,H,0.030564509740866996,1.3,0.30000000000000004
2324,2023-10-20,La Liga,H,0.036645668798594544,1.73,0.73
2324,2023-10-20,Ligue 1,H,0.025634086138370094,4.53,-1.0
2324,2023-10-21,Bundesliga,D,0.021063128270867537,4.92,-1.0
2324,2023-10-21,Bundesliga,H,0.029814982534522194,1.73,0.73
2324,2023-10-21,Bundesliga,H,0.011074363069083437,2.12,-1.0
2324,2023-10-21,Bundesliga,D,0.06654210915540693,6.53,-1.0
2324,2023-10-21,Bundesliga,D,0.08975615627715294,3.54,-1.0
2324,2023-10-21,Bundesliga,D,0.016532055299769782,4.12,-1.0
2324,2023-10-21,La Liga,H,0.13008637593025085,3.58,-1.0
2324,2023-10-21,La Liga,D,0.012172296731827514,3.11,2.11
2324,2023-10-21,La Liga,H,0.05681764957359023,4.08,-1.0
2324,2023-10-21,La Liga,H,0.051242359585563335,1.57,0.5700000000000001
2324,2023-10-21,Ligue 1,H,0.03352131433924238,2.44,1.44
2324,2023-10-21,Ligue 1,D,0.014597920055204605,6.61,-1.0
2324,2023-10-21,Premier League,D,0.06297259275450906,3.48,-1.0
2324,2023-10-21,Premier League,H,0.04825685060155516,1.83,0.8300000000000001
2324,2023-10-21,Premier League,H,0.07535869246820598,3.24,-1.0
2324,2023-10-21,Premier League,H,0.028568266497829398,1.36,0.3600000000000001
2324,2023-10-21,Premier League,H,0.04196096742223365,1.41,0.4099999999999999
2324,2023-10-21,Premier League,H,0.055292391545602504,1.46,0.45999999999999996
2324,2023-10-21,Premier League,H,0.045866735672514314,1.69,-1.0
2324,2023-10-21,Premier League,D,0.035169142213005294,5.07,-1.0
2324,2023-10-21,Serie A,D,0.024524340309903137,3.66,-1.0
2324,2023-10-21,Serie A,D,0.01673392438425686,3.7,-1.0
2324,2023-10-21,Serie A,H,0.028349810381846308,5.45,-1.0
2324,2023-10-22,Bundesliga,H,0.0983786497699658,2.38,1.38
2324,2023-10-22,Bundesliga,H,0.05398383001497242,2.4,-1.0
2324,2023-10-22,La Liga,H,0.030772580049849396,1.67,0.6699999999999999
2324,2023-10-22,La Liga,H,0.040841295711676495,1.47,0.47
2324,2023-10-22,La Liga,H,0.02688058722911918,2.66,-1.0
2324,2023-10-22,La Liga,H,0.06789333791426522,1.73,-1.0
2324,2023-10-22,Ligue 1,H,0.03825602815156137,1.8,0.8
2324,2023-10-22,Ligue 1,D,0.059029483289073204,3.74,-1.0
2324,2023-10-22,Ligue 1,D,0.04008843345381902,3.95,-1.0
2324,2023-10-22,Ligue 1,A,0.0233388723595591,8.19,-1.0
2324,2023-10-22,Ligue 1,A,0.0073042142307735425,2.38,-1.0
2324,2023-10-22,Ligue 1,H,0.043955343896887156,2.91,-1.0
2324,2023-10-22,Premier League,H,0.03590182184405044,1.9,0.8999999999999999
2324,2023-10-22,Serie A,A,0.028645871719619326,6.51,-1.0
2324,2023-10-22,Serie A,H,0.020578113046433755,1.75,0.75
2324,2023-10-22,Serie A,A,0.054416280753235846,3.31,2.31
2324,2023-10-22,Serie A,D,0.04620570181331246,3.79,-1.0
2324,2023-10-22,Serie A,D,0.05364347377404893,3.19,2.19
2324,2023-10-23,La Liga,H,0.024322844150592493,1.77,0.77
2324,2023-10-23,Premier League,A,0.014368851751403011,5.99,-1.0
2324,2023-10-23,Serie A,A,0.02954336771743149,7.25,6.25
2324,2023-10-23,Serie A,D,0.05285459260906611,3.26,2.26
2324,2023-10-27,Bundesliga,H,0.05984462519233408,2.72,-1.0
2324,2023-10-27,La Liga,H,0.030415145122781317,1.69,0.69
2324,2023-10-27,Ligue 1,H,0.041585671377178696,4.31,-1.0
2324,2023-10-27,Premier League,H,0.11546681117054167,4.64,-1.0
2324,2023-10-27,Serie A,H,0.03829279853242362,1.75,0.75
2324,2023-10-28,Bundesliga,D,0.039657208312903924,3.63,-1.0
2324,2023-10-28,Bundesliga,D,0.009035273346600564,14.36,-1.0
2324,2023-10-28,Bundesliga,H,0.06887450856141408,1.8,0.8
2324,2023-10-28,Bundesliga,H,0.11939215220753929,1.44,0.43999999999999995
2324,2023-10-28,Bundesliga,H,0.10572597834009745,1.86,-1.0
2324,2023-10-28,Bundesliga,H,0.059282905032496724,2.68,1.6800000000000002
2324,2023-10-28,La Liga,D,0.10290197218313701,3.46,-1.0
2324,2023-10-28,La Liga,A,0.0067127805069437385,2.68,1.6800000000000002
2324,2023-10-28,La Liga,H,0.03931184080653344,3.29,-1.0
2324,2023-10-28,La Liga,H,0.03105374587211629,2.31,-1.0
2324,2023-10-28,Ligue 1,H,0.07528103396677843,1.58,0.5800000000000001
2324,2023-10-28,Ligue 1,H,0.03995190920624214,1.66,0.6599999999999999
2324,2023-10-28,Premier League,H,0.02976236611991312,1.13,0.1299999999999999
2324,2023-10-28,Premier League,H,0.055434010255103916,2.13,1.13
2324,2023-10-28,Premier League,H,0.08644604661182076,1.65,-1.0
2324,2023-10-28,Premier League,D,0.022065576908609302,3.94,2.94
2324,2023-10-28,Serie A,H,0.010563710740283061,1.37,0.3700000000000001
2324,2023-10-28,Serie A,A,0.036215627653448046,2.85,1.85
2324,2023-10-28,Serie A,D,0.06686855133049058,3.48,2.48
2324,2023-10-29,Bundesliga,H,0.10363362711741292,3.24,-1.0
2324,2023-10-29,Bundesliga,H,0.04435143434336919,1.29,0.29000000000000004
2324,2023-10-29,La Liga,H,0.05846363483179717,1.65,-1.0
2324,2023-10-29,La Liga,H,0.01889476317703387,1.39,0.3899999999999999
2324,2023-10-29,La Liga,H,0.07649063251704369,2.08,1.08
2324,2023-10-29,La Liga,H,0.032587948414152024,3.21,-1.0
2324,2023-10-29,Ligue 1,A,0.05792335396543391,1.53,0.53
2324,2023-10-29,Ligue 1,H,0.06671361407732201,2.28,1.2799999999999998
2324,2023-10-29,Ligue 1,H,0.0696844253016548,2.55,-1.0
2324,2023-10-29,Ligue 1,H,0.03939423953496868,1.77,0.77
2324,2023-10-29,Ligue 1,H,0.013161933920570634,1.6,-1.0
2324,2023-10-29,Premier League,H,0.0509176759281712,1.28,0.28
2324,2023-10-29,Premier League,A,0.022309142685672717,5.42,-1.0
2324,2023-10-29,Premier League,A,0.015665490891238823,10.39,-1.0
2324,2023-10-29,Premier League,A,0.038848383228505146,1.69,0.69
2324,2023-10-29,Premier League,D,0.021661278621509406,3.64,-1.0
2324,2023-10-29,Serie A,D,0.12627778466249795,3.4,-1.0
2324,2023-10-29,Serie A,H,0.00948146212613854,1.64,0.6399999999999999
2324,2023-10-29,Serie A,H,0.044348368587535936,2.1,-1.0
2324,2023-10-29,Serie A,D,0.029189482632844044,3.37,2.37
2324,2023-10-30,La Liga,H,0.029951675418412593,3.02,-1.0
2324,2023-10-30,Serie A,D,0.05177310010583569,3.96,-1.0
2324,2023-10-30,Serie A,D,0.031144982584371872,3.42,-1.0
2324,2023-11-03,Bundesliga,D,0.03894223551741666,3.62,-1.0
2324,2023-11-03,La Liga,H,0.09127425879851,5.7,4.7
2324,2023-11-03,Ligue 1,D,0.01961889941693326,6.56,-1.0
2324,2023-11-03,Serie A,A,0.02832516076513042,2.79,-1.0
2324,2023-11-04,Bundesliga,A,0.08279520349824443,1.82,0.8200000000000001
2324,2023-11-04,Bundesliga,D,0.09019636179634244,3.72,2.72
2324,2023-11-04,Bundesliga,H,0.109498466349842,2.1,-1.0
2324,2023-11-04,Bundesliga,D,0.031703130460458306,4.82,-1.0
2324,2023-11-04,Bundesliga,D,0.07495528733889359,4.44,-1.0
2324,2023-11-04,Bundesliga,D,0.051490274915992895,3.25,-1.0
2324,2023-11-04,La Liga,H,0.059347681249351525,1.92,0.9199999999999999
2324,2023-11-04,La Liga,D,0.05269738598786844,3.43,2.43
2324,2023-11-04,La Liga,H,0.06955283322646438,2.88,-1.0
2324,2023-11-04,La Liga,H,0.046255211934660534,3.26,-1.0
2324,2023-11-04,Ligue 1,D,0.012726999759137714,3.89,2.89
2324,2023-11-04,Ligue 1,D,0.04243920672569751,3.54,2.54
2324,2023-11-04,Premier League,H,0.024301563390419945,2.08,1.08
2324,2023-11-04,Premier League,D,0.04153781308015386,3.23,-1.0
2324,2023-11-04,Premier League,H,0.06436344181711096,3.09,-1.0
2324,2023-11-04,Premier League,H,0.05626593215524267,3.24,-1.0
2324,2023-11-04,Premier League,H,0.014481503493421588,1.1,0.10000000000000009
2324,2023-11-04,Premier League,D,0.05088617399482498,3.39,-1.0
2324,2023-11-04,Premier League,D,0.10584830702388348,3.64,-1.0
2324,2023-11-04,Serie A,A,0.016449876424791066,2.17,1.17
2324,2023-11-04,Serie A,A,0.01944003993858684,7.22,6.22
2324,2023-11-04,Serie A,D,0.07648667913860127,4.9,-1.0
2324,2023-11-05,Bundesliga,D,0.04611908532815834,4.38,-1.0
2324,2023-11-05,Bundesliga,H,0.05476328602473979,1.73,-1.0
2324,2023-11-05,La Liga,H,0.0898166081002103,1.79,0.79
2324,2023-11-05,La Liga,H,0.05255750571118334,1.28,-1.0
2324,2023-11-05,La Liga,H,0.03854062278036463,1.65,0.6499999999999999
2324,2023-11-05,La Liga,H,0.03663107261079279,2.98,-1.0
2324,2023-11-05,Ligue 1,D,0.03415791176193245,4.01,3.01
2324,2023-11-05,Ligue 1,A,0.039587308303826535,4.49,-1.0
2324,2023-11-05,Ligue 1,D,0.024308509401877787,3.24,-1.0
2324,2023-11-05,Ligue 1,H,0.04683890781762423,2.1,1.1
2324,2023-11-05,Ligue 1,H,0.025903323581399573,2.37,-1.0
2324,2023-11-05,Ligue 1,H,0.036793627340375,2.15,-1.0
2324,2023-11-05,Premier League,H,0.030774518059263664,11.46,-1.0
2324,2023-11-05,Premier League,A,0.03827925743645266,1.89,-1.0
2324,2023-11-05,Serie A,D,0.11077058644817067,3.21,-1.0
2324,2023-11-05,Serie A,D,0.011676551900393684,3.3,-1.0
2324,2023-11-05,Serie A,A,0.02029868344938765,6.35,-1.0
2324,2023-11-05,Serie A,D,0.02917826701100068,3.28,-1.0
2324,2023-11-06,La Liga,A,0.01286524326083105,4.67,-1.0
2324,2023-11-06,Premier League,A,0.09448160899941765,3.29,2.29
2324,2023-11-06,Serie A,A,0.04245110176246886,3.45,-1.0
2324,2023-11-06,Serie A,D,0.041849496721815704,3.44,-1.0
2324,2023-11-10,Bundesliga,D,0.05126002957641229,3.76,-1.0
2324,2023-11-10,La Liga,H,0.07229018594831127,1.68,0.6799999999999999
2324,2023-11-10,Ligue 1,H,0.029123992656411468,3.56,-1.0
2324,2023-11-10,Serie A,H,0.025096996103737113,1.95,0.95
2324,2023-11-10,Serie A,H,0.05141184859384451,1.69,-1.0
2324,2023-11-11,Bundesliga,H,0.06160250374340964,2.6,-1.0
2324,2023-11-11,Bundesliga,D,0.005846185536320173,15.98,-1.0
2324,2023-11-11,Bundesliga,H,0.08586796132135949,2.45,-1.0
2324,2023-11-11,Bundesliga,D,0.058030844606360876,3.67,2.67
2324,2023-11-11,Bundesliga,H,0.11980119315359694,2.59,1.5899999999999999
2324,2023-11-11,La Liga,D,0.07885496922226712,3.95,-1.0
2324,2023-11-11,La Liga,D,0.06221855834712958,3.18,2.18
2324,2023-11-11,La Liga,H,0.0820331566659962,1.99,-1.0
2324,2023-11-11,La Liga,H,0.05776206311641141,1.33,0.33000000000000007
2324,2023-11-11,La Liga,H,0.044691961023062,2.88,-1.0
2324,2023-11-11,Ligue 1,H,0.05913330221645824,4.45,-1.0
2324,2023-11-11,Ligue 1,A,0.032028662656497286,1.6,0.6000000000000001
2324,2023-11-11,Premier League,H,0.03173596309355087,1.19,0.18999999999999995
2324,2023-11-11,Premier League,D,0.14628553026695348,4.03,-1.0
2324,2023-11-11,Premier League,H,0.005073294143118912,2.44,-1.0
2324,2023-11-11,Premier League,H,0.014692685381836768,1.33,0.33000000000000007
2324,2023-11-11,Premier League,H,0.06216001568809476,3.13,2.13
2324,2023-11-11,Serie A,H,0.054507122004033515,1.38,0.3799999999999999
2324,2023-11-11,Serie A,A,0.06717977942436981,1.74,-1.0
2324,2023-11-11,Serie A,H,0.01210452340503343,2.48,-1.0
2324,2023-11-12,Bundesliga,H,0.04161322464057349,1.28,0.28
2324,2023-11-12,Bundesliga,H,0.057531275414317795,1.45,0.44999999999999996
2324,2023-11-12,Bundesliga,H,0.033924586474791796,3.0,-1.0
2324,2023-11-12,La Liga,A,0.023071173921633256,7.92,-1.0
2324,2023-11-12,La Liga,H,0.03536199220836478,1.25,0.25
2324,2023-11-12,La Liga,H,0.05135010200941931,2.13,-1.0
2324,2023-11-12,Ligue 1,H,0.051913219019705525,2.13,1.13
2324,2023-11-12,Ligue 1,H,0.03581337252923866,2.26,1.2599999999999998
2324,2023-11-12,Ligue 1,H,0.046046994488188164,1.57,-1.0
2324,2023-11-12,Ligue 1,H,0.03104556501898592,2.93,1.9300000000000002
2324,2023-11-12,Ligue 1,A,0.021473051397659426,4.48,3.4800000000000004
2324,2023-11-12,Premier League,A,0.03949158851384929,5.66,-1.0
2324,2023-11-12,Premier League,H,0.02395639345105338,1.24,-1.0
2324,2023-11-12,Premier League,D,0.012313736957416499,3.83,2.83
2324,2023-11-12,Premier League,H,0.044935241882283816,1.42,0.41999999999999993
2324,2023-11-12,Premier League,H,0.01837535367290788,1.89,0.8899999999999999
2324,2023-11-12,Serie A,D,0.06154813443553009,3.47,-1.0
2324,2023-11-12,Serie A,D,0.02193979401660845,7.53,-1.0
2324,2023-11-12,Serie A,D,0.03625325754460651,3.11,2.11
2324,2023-11-12,Serie A,D,0.03756690061882448,6.73,-1.0
2324,2023-11-12,Serie A,D,0.02239971930959983,3.49,2.49
2324,2023-11-24,Bundesliga,D,0.06133185882996278,6.77,-1.0
2324,2023-11-24,La Liga,H,0.05841738752796177,1.74,0.74
2324,2023-11-24,Ligue 1,H,0.05678873739720258,1.48,0.48
2324,2023-11-25,Bundesliga,D,0.04013241002796364,5.23,-1.0
2324,2023-11-25,Bundesliga,H,0.055201753647991125,2.62,-1.0
2324,2023-11-25,Bundesliga,H,0.05335797856492319,1.58,-1.0
2324,2023-11-25,Bundesliga,D,0.1084676026404337,3.63,2.63
2324,2023-11-25,Bundesliga,H,0.07591783175869346,6.24,-1.0
2324,2023-11-25,Bundesliga,D,0.06151517441736251,3.94,-1.0
2324,2023-11-25,La Liga,A,0.030033473544297987,9.17,-1.0
2324,2023-11-25,La Liga,H,0.06998427953423303,1.68,0.6799999999999999
2324,2023-11-25,La Liga,H,0.04609426470791422,2.18,-1.0
2324,2023-11-25,La Liga,H,0.05644317651953745,5.13,-1.0
2324,2023-11-25,Ligue 1,A,0.016481509765494895,2.01,1.0099999999999998
2324,2023-11-25,Ligue 1,A,0.032972103315881185,1.97,-1.0
2324,2023-11-25,Premier League,A,0.015218716924010667,1.77,0.77
2324,2023-11-25,Premier League,D,0.043007002176411346,3.62,-1.0
2324,2023-11-25,Premier League,A,0.023323268274693554,2.13,-1.0
2324,2023-11-25,Premier League,D,0.03685760520623285,4.31,3.3099999999999996
2324,2023-11-25,Premier League,A,0.035360958071786686,2.68,-1.0
2324,2023-11-25,Premier League,H,0.010785336146774405,3.22,-1.0
2324,2023-11-25,Premier League,D,0.013141744903802433,3.53,-1.0
2324,2023-11-25,Serie A,H,0.022892111711503127,2.68,-1.0
2324,2023-11-25,Serie A,D,0.005699479754490255,3.42,-1.0
2324,2023-11-25,Serie A,D,0.06787992129646209,3.71,-1.0
2324,2023-11-26,Bundesliga,D,0.02675068970454908,3.76,2.76
2324,2023-11-26,Bundesliga,H,0.02968037462677764,1.85,-1.0
2324,2023-11-26,La Liga,H,0.11616114233537767,1.68,0.6799999999999999
2324,2023-11-26,La Liga,H,0.02234836727225012,6.48,-1.0
2324,2023-11-26,La Liga,H,0.04250942734852192,1.76,0.76
2324,2023-11-26,La Liga,H,0.04220381947308999,2.17,1.17
2324,2023-11-26,Ligue 1,H,0.011995102858329998,1.99,-1.0
2324,2023-11-26,Ligue 1,H,0.01337895969746472,2.99,-1.0
2324,2023-11-26,Ligue 1,D,0.017720381022261478,3.43,-1.0
2324,2023-11-26,Ligue 1,H,0.023685169152788677,2.08,-1.0
2324,2023-11-26,Ligue 1,H,0.04572251776465874,1.51,0.51
2324,2023-11-26,Ligue 1,H,0.08361216752740314,1.99,0.99
2324,2023-11-26,Premier League,H,0.1014457961219849,2.74,-1.0
2324,2023-11-26,Premier League,A,0.0520909612708797,2.8,1.7999999999999998
2324,2023-11-26,Serie A,D,0.06970000986352098,3.32,2.32
2324,2023-11-26,Serie A,D,0.045838694518483825,3.63,-1.0
2324,2023-11-26,Serie A,D,0.043629875059321144,3.24,-1.0
2324,2023-11-26,Serie A,A,0.018836151425818792,2.28,-1.0
2324,2023-11-26,Serie A,H,0.02808888134404508,1.64,0.6399999999999999
2324,2023-11-27,La Liga,A,0.06471520010348303,3.01,-1.0
2324,2023-11-27,Premier League,H,0.056029286325482264,2.43,1.4300000000000002
2324,2023-11-27,Serie A,A,0.03892649052789565,3.31,-1.0
2324,2023-11-27,Serie A,D,0.06798962905846084,3.01,2.01
2324,2023-11-29,La Liga,H,0.0904690004569666,1.98,-1.0
2324,2023-11-29,Ligue 1,H,0.08608147282612222,1.94,-1.0
2324,2023-12-01,Bundesliga,H,0.04743433506389999,2.68,-1.0
2324,2023-12-01,La Liga,H,0.09011996833624891,2.45,1.4500000000000002
2324,2023-12-01,Ligue 1,H,0.020384690273584583,1.74,0.74
2324,2023-12-01,Serie A,H,0.04478599205290437,4.1,-1.0
2324,2023-12-02,Bundesliga,H,0.11225915884323495,2.66,1.6600000000000001
2324,2023-12-02,Bundesliga,H,0.04791288545425082,2.25,1.25
2324,2023-12-02,Bundesliga,H,0.030835922373548152,1.24,0.24
2324,2023-12-02,Bundesliga,H,0.061495064653992015,1.41,0.4099999999999999
2324,2023-12-02,La Liga,H,0.04450153350048813,1.59,0.5900000000000001
2324,2023-12-02,La Liga,H,0.05268094379573518,1.7,0.7
2324,2023-12-02,La Liga,H,0.08004900227117401,3.57,-1.0
2324,2023-12-02,La Liga,A,0.01641992419501221,15.7,-1.0
2324,2023-12-02,Ligue 1,H,0.08387180099607539,1.71,0.71
2324,2023-12-02,Ligue 1,H,0.01687181968170451,3.87,2.87
2324,2023-12-02,Premier League,H,0.04403827372919189,1.27,0.27
2324,2023-12-02,Premier League,H,0.06752976007164158,1.48,0.48
2324,2023-12-02,Premier League,H,0.0669164150510545,1.83,0.8300000000000001
2324,2023-12-02,Premier League,H,0.09683795372299614,1.94,0.94
2324,2023-12-02,Premier League,H,0.05568629796388541,2.8,-1.0
2324,2023-12-02,Serie A,A,0.024105788488607838,4.15,-1.0
2324,2023-12-02,Serie A,H,0.0443690804319411,1.63,0.6299999999999999
2324,2023-12-02,Serie A,D,0.03260138091364198,4.74,-1.0
2324,2023-12-03,Bundesliga,H,0.07011875402691459,2.68,1.6800000000000002
2324,2023-12-03,Bundesliga,H,0.09294769373658396,1.67,-1.0
2324,2023-12-03,Bundesliga,H,0.06834814167167069,2.29,-1.0
2324,2023-12-03,La Liga,D,0.05534927172510701,3.63,2.63
2324,2023-12-03,La Liga,H,0.1070382566445644,2.03,1.0299999999999998
2324,2023-12-03,La Liga,H,0.13129555520383895,2.46,-1.0
2324,2023-12-03,La Liga,H,0.09464277499513285,2.11,-1.0
2324,2023-12-03,Ligue 1,H,0.05581650669710281,1.8,0.8
2324,2023-12-03,Ligue 1,H,0.037643964191139676,9.68,-1.0
2324,2023-12-03,Ligue 1,H,0.07382683246044541,1.44,0.43999999999999995
2324,2023-12-03,Ligue 1,H,0.0575675822161838,1.92,0.9199999999999999
2324,2023-12-03,Ligue 1,H,0.028893455132280033,1.65,0.6499999999999999
2324,2023-12-03,Ligue 1,H,0.041711844146826216,2.02,-1.0
2324,2023-12-03,Premier League,D,0.03941450137041688,4.0,3.0
2324,2023-12-03,Premier League,H,0.03354792489170344,1.75,0.75
2324,2023-12-03,Premier League,H,0.0290123632175755,1.26,0.26
2324,2023-12-03,Premier League,H,0.04890182819227351,1.3,-1.0
2324,2023-12-03,Premier League,A,0.0025769874897974,3.84,-1.0
2324,2023-12-03,Serie A,D,0.00591157545699203,4.72,-1.0
2324,2023-12-03,Serie A,D,0.050239793529719856,3.17,2.17
2324,2023-12-03,Serie A,D,0.021091383092408877,3.49,-1.0
2324,2023-12-03,Serie A,D,0.049122419172970944,3.73,-1.0
2324,2023-12-03,Serie A,H,0.013506204660228338,1.73,-1.0
2324,2023-12-04,La Liga,H,0.05050129647295276,1.6,-1.0
2324,2023-12-04,Serie A,D,0.05254570116197388,3.2,-1.0
2324,2023-12-05,Premier League,H,0.02234624970009623,14.98,-1.0
2324,2023-12-05,Premier League,A,0.02454320822424924,4.31,-1.0
2324,2023-12-06,Ligue 1,H,0.09095786592914457,1.71,0.71
2324,2023-12-06,Premier League,A,0.15498667100330477,1.73,-1.0
2324,2023-12-06,Premier League,H,0.05385230627653653,1.93,0.9299999999999999
2324,2023-12-06,Premier League,H,0.07932276035414099,2.27,-1.0
2324,2023-12-06,Premier League,A,0.029884632057136873,3.78,-1.0
2324,2023-12-06,Premier League,H,0.02725253738885486,2.82,1.8199999999999998
2324,2023-12-06,Premier League,D,0.0385418255287846,7.67,-1.0
2324,2023-12-07,Ligue 1,H,0.020946327703390888,1.85,-1.0
2324,2023-12-07,Premier League,H,0.07883683219846122,3.13,2.13
2324,2023-12-07,Premier League,D,0.012876995711293249,4.22,-1.0
2324,2023-12-08,Bundesliga,H,0.05285024835769869,1.72,0.72
2324,2023-12-08,La Liga,H,0.05960428696545056,2.69,1.69
2324,2023-12-08,Ligue 1,D,0.03818663233336528,3.49,2.49
2324,2023-12-08,Serie A,A,0.03063961435729745,3.3,-1.0
2324,2023-12-09,Bundesliga,D,0.03405786588900264,3.89,-1.0
2324,2023-12-09,Bundesliga,A,0.026239207870937253,1.32,-1.0
2324,2023-12-09,Bundesliga,H,0.037166488743395565,2.08,1.08
2324,2023-12-09,Bundesliga,D,0.13667861549541682,3.66,-1.0
2324,2023-12-09,Bundesliga,H,0.06081550995626034,2.42,1.42
2324,2023-12-09,Bundesliga,D,0.031511909267802896,3.68,-1.0
2324,2023-12-09,La Liga,H,0.03395484838947055,2.06,-1.0
2324,2023-12-09,La Liga,A,0.020511073483932107,1.82,-1.0
2324,2023-12-09,La Liga,H,0.09164945674566732,2.68,1.6800000000000002
2324,2023-12-09,La Liga,D,0.022969818650549312,3.52,-1.0
2324,2023-12-09,Ligue 1,A,0.01523147311584587,11.82,-1.0
2324,2023-12-09,Ligue 1,D,0.006359055910824474,3.66,-1.0
2324,2023-12-09,Premier League,A,0.04235541205645649,2.11,-1.0
2324,2023-12-09,Premier League,A,0.029222720039133537,6.18,-1.0
2324,2023-12-09,Premier League,H,0.010679618928791962,6.12,-1.0
2324,2023-12-09,Premier League,H,0.03924961744847799,1.55,-1.0
2324,2023-12-09,Premier League,D,0.03389603111951711,3.82,-1.0
2324,2023-12-09,Premier League,A,0.06455781075029862,4.34,-1.0
2324,2023-12-09,Serie A,D,0.06143015279698799,3.29,-1.0
2324,2023-12-09,Serie A,A,0.025866960330716005,10.9,-1.0
2324,2023-12-09,Serie A,D,0.088385712280241,3.43,2.43
2324,2023-12-10,Bundesliga,H,0.07074800974513235,2.39,-1.0
2324,2023-12-10,Bundesliga,H,0.019634424204676648,2.88,-1.0
2324,2023-12-10,La Liga,A,0.0141012168781081,12.5,-1.0
2324,2023-12-10,La Liga,H,0.09063456535547765,1.53,-1.0
2324,2023-12-10,La Liga,H,0.021029824665741603,2.95,-1.0
2324,2023-12-10,Ligue 1,A,0.04082121905121605,1.74,-1.0
2324,2023-12-10,Ligue 1,A,0.042548598882119815,1.8,0.8
2324,2023-12-10,Ligue 1,D,0.034659446077563494,3.67,-1.0
2324,2023-12-10,Ligue 1,A,0.0680342172850647,2.21,1.21
2324,2023-12-10,Ligue 1,H,0.06959276635413525,1.86,0.8600000000000001
2324,2023-12-10,Ligue 1,H,0.046648020192248896,2.14,1.1400000000000001
2324,2023-12-10,Premier League,A,0.03533292332870913,2.31,-1.0
2324,2023-12-10,Premier League,D,0.033575591542436,3.49,-1.0
2324,2023-12-10,Premier League,A,0.022027566212242555,1.15,0.1499999999999999
2324,2023-12-10,Premier League,D,0.0673673660774729,3.84,-1.0
2324,2023-12-10,Serie A,A,0.07877550261417726,2.24,-1.0
2324,2023-12-10,Serie A,A,0.0028309931732997673,3.62,-1.0
2324,2023-12-10,Serie A,A,0.05975609652294722,3.65,-1.0
2324,2023-12-10,Serie A,D,0.07030792558369936,3.32,-1.0
2324,2023-12-11,La Liga,H,0.013853672837278841,4.8,-1.0
2324,2023-12-11,La Liga,H,0.010556048743897428,2.44,-1.0
2324,2023-12-11,Serie A,D,0.051083151091177115,3.57,-1.0
2324,2023-12-11,Serie A,D,0.057201962858810684,3.28,2.28
2324,2023-12-15,Bundesliga,D,0.03968731243181628,3.96,2.96
2324,2023-12-15,La Liga,H,0.056887275171258245,2.25,1.25
2324,2023-12-15,Ligue 1,H,0.042888224784258466,1.73,-1.0
2324,2023-12-15,Premier League,D,0.0132580189303165,4.13,-1.0
2324,2023-12-15,Serie A,H,0.032782793977565616,4.77,-1.0
2324,2023-12-16,Bundesliga,H,0.043890128754422275,3.5,-1.0
2324,2023-12-16,Bundesliga,H,0.07554097960420769,2.68,1.6800000000000002
2324,2023-12-16,Bundesliga,H,0.10369164424516109,3.21,-1.0
2324,2023-12-16,Bundesliga,H,0.11329651704635801,1.68,-1.0
2324,2023-12-16,Bundesliga,H,0.0346835357830062,1.45,0.44999999999999996
2324,2023-12-16,La Liga,H,0.0586186968976628,2.44,1.44
2324,2023-12-16,La Liga,H,0.08320048294959481,1.67,0.6699999999999999
2324,2023-12-16,La Liga,H,0.1369248225804115,1.95,-1.0
2324,2023-12-16,La Liga,H,0.04546895297896009,5.12,-1.0
2324,2023-12-16,Ligue 1,H,0.025414250179601333,4.33,3.33
2324,2023-12-16,Ligue 1,H,0.07758364793325878,1.87,0.8700000000000001
2324,2023-12-16,Premier League,H,0.0548610796603049,3.55,-1.0
2324,2023-12-16,Premier League,D,0.013320636005448472,6.49,-1.0
2324,2023-12-16,Premier League,A,0.015728841338721912,16.06,-1.0
2324,2023-12-16,Premier League,D,0.056992869077862524,3.91,-1.0
2324,2023-12-16,Serie A,D,0.05909653514774077,3.41,-1.0
2324,2023-12-16,Serie A,D,0.0201069446747546,5.51,-1.0
2324,2023-12-16,Serie A,H,0.00033345712207022427,1.61,0.6100000000000001
2324,2023-12-17,Bundesliga,H,0.10905388489511736,1.46,0.45999999999999996
2324,2023-12-17,Bundesliga,H,0.03165472064380859,1.83,0.8300000000000001
2324,2023-12-17,Bundesliga,H,0.009169504318475297,1.35,0.3500000000000001
2324,2023-12-17,La Liga,H,0.06861846132712485,2.65,-1.0
2324,2023-12-17,La Liga,H,0.06661475669576339,1.95,-1.0
2324,2023-12-17,La Liga,H,0.07346248135468336,1.29,0.29000000000000004
2324,2023-12-17,La Liga,H,0.052065082353038084,1.71,-1.0
2324,2023-12-17,Ligue 1,A,0.021649205157144413,1.84,-1.0
2324,2023-12-17,Ligue 1,H,0.03203369449842958,2.53,-1.0
2324,2023-12-17,Ligue 1,H,0.04962347591266869,1.42,0.41999999999999993
2324,2023-12-17,Ligue 1,H,0.013933971365468034,3.25,-1.0
2324,2023-12-17,Ligue 1,A,0.012913647365132952,2.79,1.79
2324,2023-12-17,Ligue 1,A,0.05045183055689867,2.22,-1.0
2324,2023-12-17,Premier League,H,0.03191948866514016,1.48,0.48
2324,2023-12-17,Premier League,H,0.04953687465911444,3.26,-1.0
2324,2023-12-17,Premier League,H,0.037685070938145326,1.32,-1.0
2324,2023-12-17,Premier League,D,0.026590292137303517,3.55,-1.0
2324,2023-12-17,Serie A,H,0.01323434078147867,2.44,1.44
2324,2023-12-17,Serie A,H,0.031051387038464884,1.44,0.43999999999999995
2324,2023-12-17,Serie A,A,0.018424783456555738,1.76,0.76
2324,2023-12-17,Serie A,D,0.02905657705756126,4.14,-1.0
2324,2023-12-17,Serie A,D,0.06226784886511233,3.59,2.59
2324,2023-12-18,La Liga,A,0.00985627610226375,5.95,-1.0
2324,2023-12-18,Serie A,D,0.025587955594947864,5.61,-1.0
2324,2023-12-19,Bundesliga,H,0.05419715224335486,1.54,-1.0
2324,2023-12-19,Bundesliga,A,0.002933460223924267,6.55,-1.0
2324,2023-12-19,Bundesliga,H,0.08137205635144074,5.06,-1.0
2324,2023-12-19,La Liga,H,0.06344166466980516,1.46,-1.0
2324,2023-12-19,La Liga,H,0.07876077710131613,2.88,-1.0
2324,2023-12-19,La Liga,H,0.06657357785308915,2.22,-1.0
2324,2023-12-20,Bundesliga,H,0.04187977505128271,1.87,0.8700000000000001
2324,2023-12-20,Bundesliga,H,0.02195816038732029,2.85,1.85
2324,2023-12-20,Bundesliga,H,0.04113234178407488,1.19,0.18999999999999995
2324,2023-12-20,Bundesliga,H,0.045117335345600584,1.37,0.3700000000000001
2324,2023-12-20,Bundesliga,D,0.058225735081298136,3.58,-1.0
2324,2023-12-20,Bundesliga,H,0.015587882719821256,7.57,-1.0
2324,2023-12-20,La Liga,H,0.016429020252893056,1.39,0.3899999999999999
2324,2023-12-20,La Liga,D,0.008265601890527344,9.55,-1.0
2324,2023-12-20,La Liga,D,0.03502866104670027,3.53,-1.0
2324,2023-12-20,Ligue 1,H,0.03368778599551092,1.61,0.6100000000000001
2324,2023-12-20,Ligue 1,A,0.02708946668094847,2.21,1.21
2324,2023-12-20,Ligue 1,D,0.0339948898815402,4.13,-1.0
2324,2023-12-20,Ligue 1,H,0.03423927658413872,3.43,-1.0
2324,2023-12-20,Ligue 1,H,0.01456695813526826,2.32,1.3199999999999998
2324,2023-12-20,Ligue 1,A,0.020122024309296195,17.31,-1.0
2324,2023-12-20,Ligue 1,D,0.04053657969970259,3.93,-1.0
2324,2023-12-20,Ligue 1,A,0.07668440643278351,1.99,-1.0
2324,2023-12-20,Ligue 1,A,0.02141149958317523,1.79,0.79
2324,2023-12-21,La Liga,D,0.014799049813712689,4.27,-1.0
2324,2023-12-21,La Liga,H,0.057843102192750184,2.8,-1.0
2324,2023-12-21,La Liga,H,0.060513399600217344,4.61,-1.0
2324,2023-12-21,La Liga,H,0.07379358784141976,2.37,1.37
2324,2023-12-21,Premier League,H,0.029827158740082016,3.35,-1.0
2324,2023-12-22,Premier League,A,0.037962473003674585,11.7,-1.0
2324,2023-12-22,Serie A,A,0.020342851366964787,1.96,0.96
2324,2023-12-22,Serie A,D,0.013071456827730199,3.25,-1.0
2324,2023-12-22,Serie A,D,0.044519014360082154,4.79,3.79
2324,2023-12-22,Serie A,D,0.08994331407652173,3.38,-1.0
2324,2023-12-23,La Liga,H,0.041914670778685936,1.53,0.53
2324,2023-12-23,Premier League,D,0.047580463005480494,3.94,-1.0
2324,2023-12-23,Premier League,H,0.021391861906093712,2.43,-1.0
2324,2023-12-23,Premier League,D,0.028857461023198583,4.23,-1.0
2324,2023-12-23,Premier League,D,0.06774970778356543,3.49,-1.0
2324,2023-12-23,Premier League,D,0.024078381785279213,4.16,-1.0
2324,2023-12-23,Premier League,D,0.026311069523556663,3.65,-1.0
2324,2023-12-23,Serie A,A,0.06993992201898219,2.77,-1.0
2324,2023-12-23,Serie A,A,0.057100200274668556,1.64,0.6399999999999999
2324,2023-12-23,Serie A,H,0.017705391013152272,1.23,0.22999999999999998
2324,2023-12-23,Serie A,A,0.03163371192443587,2.52,-1.0
2324,2023-12-23,Serie A,A,0.028280837856758556,5.01,-1.0
2324,2023-12-23,Serie A,D,0.07833737813711006,3.29,-1.0
2324,2023-12-24,Premier League,H,0.015309888994207044,3.73,2.73
2324,2023-12-26,Premier League,A,0.05887355243367065,3.2,-1.0
2324,2023-12-26,Premier League,H,0.06321843885507722,7.67,-1.0
2324,2023-12-26,Premier League,H,0.044956536950015724,2.63,1.63
2324,2023-12-26,Premier League,A,0.022365928528362167,6.57,5.57
2324,2023-12-26,Premier League,H,0.038966016899074585,2.41,-1.0
2324,2023-12-27,Premier League,H,0.07826475647713454,1.96,-1.0
2324,2023-12-27,Premier League,A,0.009790780503644098,5.02,-1.0
2324,2023-12-27,Premier League,A,0.0581077172586989,1.59,0.5900000000000001
2324,2023-12-28,Premier League,H,0.01737106111918385,1.35,-1.0
2324,2023-12-28,Premier League,H,0.006789463222944603,2.52,1.52
2324,2023-12-29,Serie A,A,0.00901915943584275,3.65,-1.0
2324,2023-12-29,Serie A,A,0.031699873065762274,1.66,-1.0
2324,2023-12-29,Serie A,D,0.02310159776650761,3.88,-1.0
2324,2023-12-29,Serie A,D,0.03192124873121582,4.1,3.0999999999999996
2324,2023-12-30,Premier League,A,0.03029848177817969,8.15,-1.0
2324,2023-12-30,Premier League,H,0.0473812524244539,2.23,1.23
2324,2023-12-30,Premier League,A,0.013865522743194747,1.53,0.53
2324,2023-12-30,Premier League,A,0.03219032438639455,29.4,-1.0
2324,2023-12-30,Premier League,H,0.03867046121419987,3.27,2.27
2324,2023-12-30,Premier League,A,0.023689721217021564,2.74,-1.0
2324,2023-12-30,Serie A,D,0.024368898933301825,4.56,-1.0
2324,2023-12-30,Serie A,A,0.08808077969827549,3.64,-1.0
2324,2023-12-30,Serie A,A,0.0428385412381356,4.14,-1.0
2324,2023-12-30,Serie A,D,0.032379968853821384,4.88,-1.0
2324,2023-12-30,Serie A,D,0.07116882701352267,3.14,-1.0
2324,2023-12-30,Serie A,H,0.03437616821950107,1.94,-1.0
2324,2023-12-31,Premier League,A,0.04329961403095384,1.57,-1.0
2324,2023-12-31,Premier League,D,0.06877204895916747,4.33,-1.0
2324,2024-01-01,Premier League,H,0.042531048627238555,1.46,0.45999999999999996
2324,2024-01-02,La Liga,A,0.03995691744043306,3.39,2.39
2324,2024-01-02,La Liga,H,0.07447002269676217,1.59,-1.0
2324,2024-01-02,La Liga,H,0.11330359631084613,2.05,1.0499999999999998
2324,2024-01-02,Premier League,H,0.0076884853906722395,2.47,-1.0
2324,2024-01-03,La Liga,H,0.05823838120310082,2.43,1.4300000000000002
2324,2024-01-03,La Liga,A,0.050629697749310754,2.66,-1.0
2324,2024-01-03,La Liga,H,0.047253613028697905,2.26,1.2599999999999998
2324,2024-01-03,La Liga,H,0.05452190154205028,1.24,0.24
2324,2024-01-04,La Liga,A,0.06298349612715726,1.57,0.5700000000000001
2324,2024-01-04,La Liga,H,0.03824860512254058,1.71,0.71
2324,2024-01-04,La Liga,D,0.05770882322444315,3.33,-1.0
2324,2024-01-05,Serie A,A,0.04938406170040047,4.3,-1.0
2324,2024-01-06,Serie A,D,0.03856456010421111,3.38,-1.0
2324,2024-01-06,Serie A,A,0.03424804119964271,16.59,-1.0
2324,2024-01-06,Serie A,D,0.035249372745743135,3.32,2.32
2324,2024-01-06,Serie A,D,0.053546239933345285,3.55,-1.0
2324,2024-01-07,Serie A,H,0.003255887586092937,5.1,-1.0
2324,2024-01-07,Serie A,D,0.011255747531713434,3.23,2.23
2324,2024-01-07,Serie A,A,0.009091172890515753,1.41,0.4099999999999999
2324,2024-01-07,Serie A,A,0.03511887594987062,2.51,-1.0
2324,2024-01-07,Serie A,D,0.02443271978745537,3.22,-1.0
2324,2024-01-12,Bundesliga,H,0.023730100677359478,1.15,0.1499999999999999
2324,2024-01-12,La Liga,H,0.058502893207161566,1.94,-1.0
2324,2024-01-12,Ligue 1,H,0.07510646880229155,1.6,-1.0
2324,2024-01-12,Premier League,H,0.07198678568942102,2.03,-1.0
2324,2024-01-13,Bundesliga,H,0.005360066650861917,5.67,-1.0
2324,2024-01-13,Bundesliga,H,0.02984467365094648,5.44,-1.0
2324,2024-01-13,Bundesliga,H,0.14893115555416642,2.08,-1.0
2324,2024-01-13,Bundesliga,H,0.0824694462083832,2.09,-1.0
2324,2024-01-13,Bundesliga,H,0.1456446378445307,2.22,-1.0
2324,2024-01-13,Bundesliga,H,0.06505196263458923,1.44,-1.0
2324,2024-01-13,La Liga,H,0.08309975395259128,2.04,1.04
2324,2024-01-13,La Liga,H,0.0685268010603669,1.63,0.6299999999999999
2324,2024-01-13,La Liga,H,0.09316418624624051,2.52,1.52
2324,2024-01-13,La Liga,H,0.09198596048378388,2.57,-1.0
2324,2024-01-13,Ligue 1,H,0.021614715555980157,1.75,-1.0
2324,2024-01-13,Ligue 1,D,0.03466230152308569,3.26,-1.0
2324,2024-01-13,Premier League,H,0.01950888568759601,1.64,0.6399999999999999
2324,2024-01-13,Premier League,A,0.004514662482159926,1.57,0.5700000000000001
2324,2024-01-13,Serie A,A,0.08619690431924698,2.69,-1.0
2324,2024-01-13,Serie A,D,0.01176496135408539,4.42,-1.0
2324,2024-01-13,Serie A,D,0.03448328759631794,5.46,-1.0
2324,2024-01-13,Serie A,H,0.021854783138140876,2.2,1.2000000000000002
2324,2024-01-14,Bundesliga,H,0.04487793188761513,2.19,-1.0
2324,2024-01-14,Bundesliga,A,0.005268233618256679,1.93,-1.0
2324,2024-01-14,La Liga,H,0.062202420539707565,4.61,-1.0
2324,2024-01-14,La Liga,H,0.06693045237101214,2.93,-1.0
2324,2024-01-14,Ligue 1,H,0.028434804285150883,1.86,0.8600000000000001
2324,2024-01-14,Ligue 1,H,0.0059462065560537125,3.18,2.18
2324,2024-01-14,Ligue 1,A,0.014367721660159094,1.91,0.9099999999999999
2324,2024-01-14,Ligue 1,H,0.03106362525761075,1.38,0.3799999999999999
2324,2024-01-14,Ligue 1,A,0.009339730426851767,2.51,1.5099999999999998
2324,2024-01-14,Ligue 1,H,0.04524800026344089,1.98,-1.0
2324,2024-01-14,Premier League,H,0.013960309548110117,2.79,-1.0
2324,2024-01-14,Premier League,D,0.03217378466771306,3.93,2.93
2324,2024-01-14,Serie A,A,0.03217498194821178,2.51,-1.0
2324,2024-01-14,Serie A,A,0.004046168631623465,5.36,-1.0
2324,2024-01-14,Serie A,A,0.0220139635621667,5.65,-1.0
2324,2024-01-14,Serie A,A,0.07203636932242719,3.63,-1.0
2324,2024-01-15,Serie A,D,0.048151995543238735,4.74,-1.0
2324,2024-01-16,Serie A,A,0.027902639870244425,7.94,-1.0
2324,2024-01-19,La Liga,H,0.08316571662645766,1.73,0.73
2324,2024-01-20,Bundesliga,H,0.021074661810569162,3.65,2.65
2324,2024-01-20,Bundesliga,D,0.07929244667357377,3.7,2.7
2324,2024-01-20,Bundesliga,H,0.07685722402975911,4.32,-1.0
2324,2024-01-20,Bundesliga,H,0.11170228619835704,2.05,1.0499999999999998
2324,2024-01-20,Bundesliga,A,0.03356273939267845,2.56,-1.0
2324,2024-01-20,Bundesliga,H,0.009873039075171175,2.44,-1.0
2324,2024-01-20,La Liga,H,0.03948128756884217,3.23,-1.0
2324,2024-01-20,La Liga,H,0.0361692473787571,3.38,2.38
2324,2024-01-20,La Liga,H,0.0652187822242789,1.92,-1.0
2324,2024-01-20,La Liga,D,0.08118020107160956,3.48,2.48
2324,2024-01-20,Premier League,H,0.061769294288018806,1.29,0.29000000000000004
2324,2024-01-20,Premier League,D,0.01755173318456471,3.72,-1.0
2324,2024-01-20,Serie A,D,0.012194970692098323,4.28,-1.0
2324,2024-01-20,Serie A,D,0.08031797741808216,3.71,-1.0
2324,2024-01-21,Bundesliga,A,0.013659479614359461,24.26,23.26
2324,2024-01-21,Bundesliga,H,0.02174861713046622,1.92,-1.0
2324,2024-01-21,La Liga,A,0.05345207353774217,1.81,0.81
2324,2024-01-21,La Liga,A,0.023091491168049816,4.6,-1.0
2324,2024-01-21,La Liga,H,0.02857787899815989,2.18,1.1800000000000002
2324,2024-01-21,La Liga,H,0.015789836304753058,1.15,0.1499999999999999
2324,2024-01-21,Premier League,A,0.07161386400783387,1.71,0.71
2324,2024-01-21,Premier League,D,0.0021843998115745333,3.43,2.43
2324,2024-01-21,Serie A,D,0.029406860049571326,3.36,-1.0
2324,2024-01-21,Serie A,D,0.1203698717039044,3.45,-1.0
2324,2024-01-21,Serie A,H,0.007457506734626085,5.95,-1.0
2324,2024-01-21,Serie A,A,0.03105240164038131,2.18,1.1800000000000002
2324,2024-01-22,La Liga,H,0.04384229633639311,4.79,-1.0
2324,2024-01-22,Premier League,H,0.066997547349399,1.65,-1.0
2324,2024-01-24,Bundesliga,A,0.008028535209187442,17.3,-1.0
2324,2024-01-26,Bundesliga,H,0.03363291053970907,2.14,1.1400000000000001
2324,2024-01-26,La Liga,H,0.08265557890096714,2.61,-1.0
2324,2024-01-26,Ligue 1,D,0.024816671436589888,3.35,-1.0
2324,2024-01-26,Serie A,A,0.0356576758153041,2.23,1.23
2324,2024-01-27,Bundesliga,H,0.043824543855660064,9.05,-1.0
2324,2024-01-27,Bundesliga,H,0.05159106759855592,1.7,-1.0
2324,2024-01-27,Bundesliga,H,0.04870831071717585,1.28,-1.0
2324,2024-01-27,Bundesliga,H,0.03841336796575573,2.71,1.71
2324,2024-01-27,Bundesliga,H,0.061235262596782636,2.45,1.4500000000000002
2324,2024-01-27,Bundesliga,H,0.08667943900398445,1.84,-1.0
2324,2024-01-27,La Liga,H,0.013477354351188242,1.34,-1.0
2324,2024-01-27,La Liga,A,0.03544887418767084,1.46,0.45999999999999996
2324,2024-01-27,La Liga,H,0.05723203462878185,2.4,-1.0
2324,2024-01-27,La Liga,H,0.03213595685178272,1.67,-1.0
2324,2024-01-27,Ligue 1,A,0.021369931369436435,2.79,-1.0
2324,2024-01-27,Ligue 1,A,0.041448659084143066,8.85,-1.0
2324,2024-01-27,Serie A,D,0.02104913252319135,4.45,-1.0
2324,2024-01-27,Serie A,A,0.04041960939737352,11.24,-1.0
2324,2024-01-27,Serie A,D,0.0430443097060606,3.79,2.79
2324,2024-01-28,Bundesliga,H,0.038531399780922015,1.37,0.3700000000000001
2324,2024-01-28,Bundesliga,H,0.05270651496710166,1.63,0.6299999999999999
2324,2024-01-28,La Liga,D,0.0338213283858991,4.42,-1.0
2324,2024-01-28,La Liga,H,0.04273457550771251,5.14,-1.0
2324,2024-01-28,La Liga,D,0.04148745857866898,3.52,-1.0
2324,2024-01-28,La Liga,D,0.0853102676416358,3.36,2.36
2324,2024-01-28,Ligue 1,D,0.038561789460272444,3.24,2.24
2324,2024-01-28,Ligue 1,D,0.06338242021252011,3.12,2.12
2324,2024-01-28,Ligue 1,A,0.0059555059694934576,1.99,-1.0
2324,2024-01-28,Ligue 1,A,0.05480262886345255,7.12,-1.0
2324,2024-01-28,Ligue 1,A,0.03866755209249331,4.29,-1.0
2324,2024-01-28,Ligue 1,A,0.021622999462309556,2.06,1.06
2324,2024-01-28,Serie A,A,0.018394555499520404,1.9,0.8999999999999999
2324,2024-01-28,Serie A,A,0.06577864427489324,4.07,-1.0
2324,2024-01-28,Serie A,D,0.012008909736471174,3.21,2.21
2324,2024-01-28,Serie A,D,0.09936106267979505,3.52,-1.0
2324,2024-01-28,Serie A,A,0.028229192016763605,2.92,-1.0
2324,2024-01-29,La Liga,D,0.03040985878940844,3.49,-1.0
2324,2024-01-29,Serie A,A,0.07572255128598737,1.66,0.6599999999999999
2324,2024-01-30,Premier League,A,0.05611567656614344,3.92,2.92
2324,2024-01-30,Premier League,H,0.0015940710635824473,1.64,0.6399999999999999
2324,2024-01-30,Premier League,H,0.02014228607257429,2.45,-1.0
2324,2024-01-30,Premier League,A,0.04831682746168686,1.78,-1.0
2324,2024-01-30,Premier League,A,0.0364114942922511,1.39,0.3899999999999999
2324,2024-01-31,La Liga,A,0.01843124369578003,6.58,-1.0
2324,2024-01-31,La Liga,D,0.014560327046986732,5.57,-1.0
2324,2024-01-31,Premier League,H,0.051394120858444636,1.58,0.5800000000000001
2324,2024-01-31,Premier League,A,0.020517239310564143,24.13,-1.0
2324,2024-01-31,Premier League,H,0.0372075858597114,1.67,0.6699999999999999
2324,2024-02-01,La Liga,H,0.021942329305081498,6.23,-1.0
2324,2024-02-01,Premier League,H,0.05055340292143479,2.43,-1.0
2324,2024-02-01,Premier League,A,0.026039601200418983,2.54,1.54
2324,2024-02-02,Bundesliga,H,0.04730250054594662,3.94,-1.0
2324,2024-02-02,La Liga,H,0.05210302402164746,1.55,0.55
2324,2024-02-02,Ligue 1,A,0.04511325889545048,1.5,0.5
2324,2024-02-02,Serie A,D,0.024689374512520457,3.3,-1.0
2324,2024-02-03,Bundesliga,D,0.006717142762911285,8.9,-1.0
2324,2024-02-03,Bundesliga,H,0.03994472518707881,2.18,-1.0
2324,2024-02-03,Bundesliga,H,0.05612763309712572,9.56,-1.0
2324,2024-02-03,Bundesliga,H,0.11494245075201648,3.23,2.23
2324,2024-02-03,Bundesliga,A,0.02466201847779881,2.21,1.21
2324,2024-02-03,Bundesliga,H,0.12637722735342932,2.1,-1.0
2324,2024-02-03,La Liga,H,0.03499603869478357,4.18,-1.0
2324,2024-02-03,La Liga,H,0.04860452149680883,2.15,-1.0
2324,2024-02-03,La Liga,D,0.05672325287025004,3.25,2.25
2324,2024-02-03,La Liga,H,0.04710607553206614,1.67,0.6699999999999999
2324,2024-02-03,Ligue 1,D,0.009392600545879093,3.38,-1.0
2324,2024-02-03,Ligue 1,A,0.014704295844586768,5.33,-1.0
2324,2024-02-03,Premier League,H,0.07104755585216371,1.7,0.7
2324,2024-02-03,Premier League,H,0.028308063785268234,2.94,-1.0
2324,2024-02-03,Premier League,H,0.07738032954631552,2.94,-1.0
2324,2024-02-03,Premier League,D,0.04463437592625602,4.97,3.9699999999999998
2324,2024-02-03,Premier League,A,0.023132311712284692,1.63,0.6299999999999999
2324,2024-02-03,Serie A,D,0.02839103064021109,3.76,-1.0
2324,2024-02-03,Serie A,D,0.03456348087113453,3.07,2.07
2324,2024-02-03,Serie A,D,0.10066808433379953,4.26,-1.0
2324,2024-02-03,Serie A,D,0.02590539464727265,3.37,2.37
2324,2024-02-04,Bundesliga,H,0.008662453425324235,1.4,0.3999999999999999
2324,2024-02-04,Bundesliga,H,0.07777594183818537,2.12,-1.0
2324,2024-02-04,La Liga,H,0.022778380074883642,1.91,-1.0
2324,2024-02-04,La Liga,H,0.025934967035830814,2.35,-1.0
2324,2024-02-04,La Liga,H,0.040136800990326016,1.76,-1.0
2324,2024-02-04,La Liga,D,0.026998711174884227,4.04,3.04
2324,2024-02-04,Ligue 1,A,0.017689183392971375,3.03,-1.0
2324,2024-02-04,Ligue 1,H,0.04594573023310089,1.41,0.4099999999999999
2324,2024-02-04,Ligue 1,D,0.02261531706829778,3.39,-1.0
2324,2024-02-04,Ligue 1,H,0.03040994910830991,2.26,-1.0
2324,2024-02-04,Ligue 1,D,0.03286230289208189,4.55,3.55
2324,2024-02-04,Ligue 1,A,0.03756799509875508,4.55,3.55
2324,2024-02-04,Premier League,A,0.027364455567036317,3.07,-1.0
2324,2024-02-04,Premier League,D,0.018834009801104584,4.15,3.1500000000000004
2324,2024-02-04,Premier League,D,0.0480144932716976,4.22,-1.0
2324,2024-02-04,Premier League,D,0.05422621165343644,4.23,-1.0
2324,2024-02-04,Serie A,H,0.013284418341595161,2.07,1.0699999999999998
2324,2024-02-04,Serie A,A,0.024971908981358426,4.77,-1.0
2324,2024-02-04,Serie A,D,0.0598306064250235,4.69,-1.0
2324,2024-02-04,Serie A,A,0.010633707050871938,7.28,-1.0
2324,2024-02-05,La Liga,H,0.06680094102163853,2.19,-1.0
2324,2024-02-05,Premier League,D,0.0038690382882277663,4.99,-1.0
2324,2024-02-05,Serie A,D,0.0170743247362935,4.45,-1.0
2324,2024-02-07,Bundesliga,H,0.0764061229627857,2.18,-1.0
2324,2024-02-09,Bundesliga,H,0.06481719370586714,1.46,0.45999999999999996
2324,2024-02-09,La Liga,H,0.07425088242270178,3.03,-1.0
2324,2024-02-09,Ligue 1,A,0.03200065656302005,8.16,-1.0
2324,2024-02-09,Serie A,D,0.04118945814135927,3.19,-1.0
2324,2024-02-10,Bundesliga,A,0.030993008799460764,1.76,-1.0
2324,2024-02-10,Bundesliga,H,0.08402885341862798,1.76,-1.0
2324,2024-02-10,Bundesliga,H,0.0556964165469892,2.63,1.63
2324,2024-02-10,Bundesliga,H,0.035725428239218426,1.6,-1.0
2324,2024-02-10,Bundesliga,H,0.05396642361270165,2.3,1.2999999999999998
2324,2024-02-10,Bundesliga,H,0.08249245758426893,1.85,-1.0
2324,2024-02-10,La Liga,H,0.014110326597809253,2.21,-1.0
2324,2024-02-10,La Liga,H,0.06349508945211246,2.72,1.7200000000000002
2324,2024-02-10,La Liga,H,0.008058318503783135,1.45,0.44999999999999996
2324,2024-02-10,La Liga,H,0.0984004347201366,1.87,-1.0
2324,2024-02-10,Ligue 1,H,0.06462418634776279,1.64,0.6399999999999999
2324,2024-02-10,Ligue 1,A,0.04091269962200683,5.2,-1.0
2324,2024-02-10,Premier League,H,0.04026619797441289,2.4,1.4
2324,2024-02-10,Premier League,A,0.020578765084404697,15.8,-1.0
2324,2024-02-10,Premier League,A,0.013757465449251549,4.59,3.59
2324,2024-02-10,Premier League,A,0.011295178719057164,13.47,-1.0
2324,2024-02-10,Premier League,A,0.07931319139107151,2.13,1.13
2324,2024-02-10,Premier League,D,0.03675795797783443,4.31,-1.0
2324,2024-02-10,Premier League,H,0.02883761038669158,2.12,-1.0
2324,2024-02-10,Serie A,D,0.05561493336906975,3.25,-1.0
2324,2024-02-10,Serie A,A,0.026694814695356617,1.9,0.8999999999999999
2324,2024-02-10,Serie A,D,0.08574774172740662,3.35,2.35
2324,2024-02-11,Bundesliga,H,0.028870038349396387,1.83,-1.0
2324,2024-02-11,Bundesliga,A,0.019382872222232284,7.27,-1.0
2324,2024-02-11,La Liga,D,0.036881836882969005,7.23,6.23
2324,2024-02-11,La Liga,H,0.03557579063936045,2.24,1.2400000000000002
2324,2024-02-11,La Liga,H,0.019541467431225534,2.38,1.38
2324,2024-02-11,La Liga,D,0.03435229375953175,3.55,-1.0
2324,2024-02-11,Ligue 1,D,0.038173108469233163,3.37,2.37
2324,2024-02-11,Ligue 1,A,0.009603165040223183,2.16,1.1600000000000001
2324,2024-02-11,Ligue 1,D,0.0431957249794625,3.53,-1.0
2324,2024-02-11,Ligue 1,H,0.013333835056885623,3.05,-1.0
2324,2024-02-11,Ligue 1,A,0.04643610753402183,3.09,2.09
2324,2024-02-11,Ligue 1,A,0.025212985532178045,3.32,2.32
2324,2024-02-11,Premier League,D,0.03945768104569097,3.83,-1.0
2324,2024-02-11,Premier League,A,0.07057130184077476,1.55,0.55
2324,2024-02-11,Serie A,A,0.048740117886294176,5.36,-1.0
2324,2024-02-11,Serie A,D,0.016106554307278365,4.39,-1.0
2324,2024-02-11,Serie A,A,0.06336375858749821,2.09,1.0899999999999999
2324,2024-02-11,Serie A,D,0.04441913389394547,3.69,-1.0
2324,2024-02-11,Serie A,D,0.11007236412655846,3.3,2.3
2324,2024-02-12,La Liga,D,0.08071769942736404,3.92,2.92
2324,2024-02-12,Premier League,D,0.016855598439996344,3.8,-1.0
2324,2024-02-12,Serie A,A,0.04276825122167949,8.25,7.25
2324,2024-02-14,Serie A,A,0.08564834920393927,3.19,-1.0
2324,2024-02-16,Bundesliga,H,0.08919842590490468,2.5,-1.0
2324,2024-02-16,La Liga,H,0.04269406483789867,2.0,-1.0
2324,2024-02-16,Ligue 1,A,0.03691395762172023,2.85,-1.0
2324,2024-02-16,Serie A,A,0.039440014363314006,18.92,-1.0
2324,2024-02-16,Serie A,H,0.02816992991415357,1.82,0.8200000000000001
2324,2024-02-17,Bundesliga,H,0.031028723390592122,6.89,-1.0
2324,2024-02-17,Bundesliga,A,0.03712843662281673,1.35,0.3500000000000001
2324,2024-02-17,Bundesliga,H,0.035023152377341216,2.04,-1.0
2324,2024-02-17,Bundesliga,H,0.08252443245996938,2.02,1.02
2324,2024-02-17,Bundesliga,H,0.027050001647448974,1.38,0.3799999999999999
2324,2024-02-17,Bundesliga,H,0.06171876401069021,3.22,-1.0
2324,2024-02-17,La Liga,H,0.04954294751772936,1.47,0.47
2324,2024-02-17,La Liga,H,0.01702958118114206,3.96,-1.0
2324,2024-02-17,La Liga,H,0.035354627687808615,1.79,0.79
2324,2024-02-17,La Liga,H,0.05856187458844281,2.26,-1.0
2324,2024-02-17,Ligue 1,H,0.002651237322165767,1.52,0.52
2324,2024-02-17,Ligue 1,H,0.04081339908846987,6.2,-1.0
2324,2024-02-17,Premier League,D,0.013983726798339896,4.52,-1.0
2324,2024-02-17,Premier League,H,0.013774827581350485,9.94,-1.0
2324,2024-02-17,Premier League,H,0.011483798681978907,2.94,-1.0
2324,2024-02-17,Premier League,H,0.05047121217780837,1.35,-1.0
2324,2024-02-17,Premier League,D,0.0433813145523298,4.16,3.16
2324,2024-02-17,Premier League,H,0.013784144755707883,2.43,1.4300000000000002
2324,2024-02-17,Premier League,D,0.029415371453205497,4.75,-1.0
2324,2024-02-17,Serie A,A,0.008160871054341795,8.04,-1.0
2324,2024-02-17,Serie A,H,0.031075031501933026,1.63,-1.0
2324,2024-02-17,Serie A,A,0.07499926491773157,1.68,-1.0
2324,2024-02-18,Bundesliga,A,0.08122663678439834,1.33,-1.0
2324,2024-02-18,Bundesliga,D,0.012768472498050853,3.4,2.4
2324,2024-02-18,La Liga,H,0.05625950395366902,2.1,-1.0
2324,2024-02-18,La Liga,H,0.06837763030480032,2.14,-1.0
2324,2024-02-18,La Liga,A,0.04847812935861279,2.55,1.5499999999999998
2324,2024-02-18,La Liga,H,0.0501716422774133,5.49,-1.0
2324,2024-02-18,Ligue 1,A,0.06548421372314,2.95,-1.0
2324,2024-02-18,Ligue 1,A,0.01998964411859752,5.93,4.93
2324,2024-02-18,Ligue 1,H,0.004976019468159176,1.78,0.78
2324,2024-02-18,Ligue 1,D,0.0137905906040508,3.33,2.33
2324,2024-02-18,Ligue 1,A,0.016420609744242615,6.41,-1.0
2324,2024-02-18,Ligue 1,A,0.03390482173712639,4.93,3.9299999999999997
2324,2024-02-18,Premier League,D,0.015812883914579717,4.09,-1.0
2324,2024-02-18,Premier League,D,0.02087801226701197,4.3,-1.0
2324,2024-02-18,Serie A,A,0.08293159071773376,2.11,-1.0
2324,2024-02-18,Serie A,D,0.07417866859224753,3.75,-1.0
2324,2024-02-18,Serie A,D,0.06265941600476971,3.11,-1.0
2324,2024-02-18,Serie A,D,0.057608772753967086,3.7,-1.0
2324,2024-02-18,Serie A,H,0.03905530021782,1.89,-1.0
2324,2024-02-19,La Liga,H,0.021939683287180156,1.98,0.98
2324,2024-02-19,Premier League,H,0.07145334370310019,1.73,-1.0
2324,2024-02-20,Premier League,H,0.029281955405356386,1.18,0.17999999999999994
2324,2024-02-21,Premier League,D,0.017175080445413507,7.72,-1.0
2324,2024-02-22,Serie A,A,0.032068641511443785,3.29,2.29
2324,2024-02-23,Bundesliga,H,0.05993759167096946,1.26,0.26
2324,2024-02-23,La Liga,H,0.07898347343167655,1.73,-1.0
2324,2024-02-23,Ligue 1,H,0.048971095794780456,4.14,-1.0
2324,2024-02-23,Serie A,D,0.02815390091241829,3.91,-1.0
2324,2024-02-24,Bundesliga,D,0.024811516257511296,4.41,-1.0
2324,2024-02-24,Bundesliga,H,0.07777418088331384,2.01,1.0099999999999998
2324,2024-02-24,Bundesliga,H,0.0373202803030912,1.32,-1.0
2324,2024-02-24,Bundesliga,H,0.08610594881874983,2.01,-1.0
2324,2024-02-24,Bundesliga,H,0.08812574168030218,1.68,-1.0
2324,2024-02-24,La Liga,H,0.053687332046361946,1.94,-1.0
2324,2024-02-24,La Liga,D,0.05177621715725142,3.95,2.95
2324,2024-02-24,La Liga,D,0.013235227917137493,4.97,-1.0
2324,2024-02-24,Ligue 1,D,0.011857982111824483,3.23,-1.0
2324,2024-02-24,Ligue 1,A,0.03652219317258476,2.5,1.5
2324,2024-02-24,Premier League,D,0.020813184149225894,5.34,-1.0
2324,2024-02-24,Premier League,D,0.011120350195603507,4.54,-1.0
2324,2024-02-24,Premier League,A,0.04991630536611469,1.42,0.41999999999999993
2324,2024-02-24,Premier League,D,0.01616228163499797,3.93,2.93
2324,2024-02-24,Premier League,H,0.0210971973403023,2.01,1.0099999999999998
2324,2024-02-24,Premier League,D,0.06102955608997154,4.47,-1.0
2324,2024-02-24,Serie A,A,0.09278630554579886,3.57,-1.0
2324,2024-02-24,Serie A,D,0.06344171145745148,3.23,-1.0
2324,2024-02-24,Serie A,D,0.107299902834599,3.4,-1.0
2324,2024-02-25,Bundesliga,H,0.05194371653757057,2.28,1.2799999999999998
2324,2024-02-25,Bundesliga,H,0.035501716720113596,1.51,-1.0
2324,2024-02-25,Bundesliga,A,0.03429825518673302,3.22,-1.0
2324,2024-02-25,La Liga,A,0.002557949569830076,2.21,-1.0
2324,2024-02-25,La Liga,H,0.06075577075745775,3.08,-1.0
2324,2024-02-25,La Liga,H,0.02484488505285576,2.41,-1.0
2324,2024-02-25,La Liga,H,0.056167295743859924,1.3,0.30000000000000004
2324,2024-02-25,Ligue 1,A,0.028148401864418637,2.41,1.4100000000000001
2324,2024-02-25,Ligue 1,A,0.05920136436797574,2.88,1.88
2324,2024-02-25,Ligue 1,A,0.033590468412348945,4.74,-1.0
2324,2024-02-25,Ligue 1,H,0.022051038595263805,1.47,-1.0
2324,2024-02-25,Ligue 1,H,0.029839124790890348,1.46,-1.0
2324,2024-02-25,Ligue 1,D,0.05107788802900365,3.6,-1.0
2324,2024-02-25,Premier League,H,0.051021381624645534,1.46,0.45999999999999996
2324,2024-02-25,Serie A,D,0.03827964197089889,3.71,2.71
2324,2024-02-25,Serie A,A,0.009756182260384591,9.61,-1.0
2324,2024-02-25,Serie A,D,0.06578301645605256,4.65,-1.0
2324,2024-02-25,Serie A,D,0.12834039007738246,3.5,2.5
2324,2024-02-26,La Liga,H,0.011865884976789864,1.66,0.6599999999999999
2324,2024-02-26,Premier League,A,0.02540990713578517,2.73,-1.0
2324,2024-02-26,Serie A,D,0.02857972361534733,3.2,-1.0
2324,2024-02-26,Serie A,D,0.05822989735289569,3.31,-1.0
2324,2024-02-28,Serie A,D,0.06537881622957703,4.09,-1.0
2324,2024-02-28,Serie A,D,0.032593260810777874,3.93,-1.0
2324,2024-03-01,Bundesliga,D,0.0075872214842447605,4.78,3.7800000000000002
2324,2024-03-01,La Liga,H,0.06394772426580553,1.86,0.8600000000000001
2324,2024-03-01,Ligue 1,A,0.018706973348539935,2.03,-1.0
2324,2024-03-01,Serie A,A,0.032008287482621633,2.22,1.2200000000000002
2324,2024-03-02,Bundesliga,A,0.05903778380456659,1.65,0.6499999999999999
2324,2024-03-02,Bundesliga,H,0.055769183534451094,2.85,-1.0
2324,2024-03-02,Bundesliga,A,0.056027206303183086,2.56,1.56
2324,2024-03-02,Bundesliga,H,0.04641964604952242,1.97,-1.0
2324,2024-03-02,Bundesliga,H,0.04810750653828594,3.44,-1.0
2324,2024-03-02,Bundesliga,H,0.05666798152162167,3.26,-1.0
2324,2024-03-02,La Liga,A,0.017340767000161905,4.15,-1.0
2324,2024-03-02,La Liga,H,0.06558198242818164,2.6,1.6
2324,2024-03-02,La Liga,A,0.06369528864076979,1.67,-1.0
2324,2024-03-02,La Liga,H,0.02400013679780766,1.83,-1.0
2324,2024-03-02,Ligue 1,A,0.029423517083077333,1.88,0.8799999999999999
2324,2024-03-02,Ligue 1,D,0.024888167986707455,3.36,-1.0
2324,2024-03-02,Premier League,D,0.03282527282576114,3.86,2.86
2324,2024-03-02,Premier League,H,0.04793064897642357,2.09,-1.0
2324,2024-03-02,Premier League,D,0.022302005171046968,3.64,-1.0
2324,2024-03-02,Premier League,D,0.03175077400858076,4.3,-1.0
2324,2024-03-02,Premier League,D,0.04903810603843575,3.95,-1.0
2324,2024-03-02,Premier League,H,0.006032939022401401,5.63,-1.0
2324,2024-03-02,Premier League,A,0.031847626267170664,6.26,-1.0
2324,2024-03-02,Serie A,D,0.027464414175174368,3.47,-1.0
2324,2024-03-02,Serie A,A,0.04054554519483261,2.89,-1.0
2324,2024-03-02,Serie A,H,0.0472744598369782,1.67,-1.0
2324,2024-03-03,Bundesliga,H,0.06953632105274461,8.43,-1.0
2324,2024-03-03,Bundesliga,H,0.0783413001968381,1.95,0.95
2324,2024-03-03,La Liga,A,0.0030881523016015877,2.42,-1.0
2324,2024-03-03,La Liga,H,0.028992430445240802,1.56,0.56
2324,2024-03-03,La Liga,D,0.020921767006958247,3.3,-1.0
2324,2024-03-03,La Liga,H,0.01237834059544174,1.65,0.6499999999999999
2324,2024-03-03,Ligue 1,A,0.035884707505384666,5.92,-1.0
2324,2024-03-03,Ligue 1,A,0.11568704771013316,2.8,1.7999999999999998
2324,2024-03-03,Ligue 1,D,0.021682553218524858,3.5,2.5
2324,2024-03-03,Ligue 1,H,0.018542597202759747,1.8,-1.0
2324,2024-03-03,Ligue 1,A,0.050403872187498616,7.47,6.47
2324,2024-03-03,Ligue 1,A,0.06764288417242215,2.29,-1.0
2324,2024-03-03,Premier League,D,0.05833710341003667,3.78,-1.0
2324,2024-03-03,Premier League,H,0.02864742166527845,1.27,0.27
2324,2024-03-03,Serie A,D,0.07534215687398699,3.48,-1.0
2324,2024-03-03,Serie A,A,0.036724902257464886,3.56,2.56
2324,2024-03-03,Serie A,D,0.06152279468360072,3.43,2.43
2324,2024-03-03,Serie A,A,0.05188608793700483,3.22,-1.0
2324,2024-03-03,Serie A,A,0.054785461653443446,3.2,-1.0
2324,2024-03-04,La Liga,A,0.04330341228273099,3.27,-1.0
2324,2024-03-04,Premier League,D,0.08335140644735886,7.82,-1.0
2324,2024-03-04,Serie A,A,0.020478475267526858,11.85,-1.0
2324,2024-03-08,Bundesliga,H,0.05232585961717584,1.48,0.48
2324,2024-03-08,La Liga,H,0.06475468551827701,1.46,0.45999999999999996
2324,2024-03-08,Ligue 1,H,0.023516307504523715,1.78,-1.0
2324,2024-03-08,Serie A,A,0.03502731126119479,5.03,-1.0
2324,2024-03-09,Bundesliga,H,0.09555087067214107,1.89,0.8899999999999999
2324,2024-03-09,Bundesliga,D,0.0058920802207670375,6.88,-1.0
2324,2024-03-09,Bundesliga,H,0.059439491107670994,1.85,-1.0
2324,2024-03-09,Bundesliga,H,0.03639979625550982,1.15,0.1499999999999999
2324,2024-03-09,Bundesliga,H,0.03056811490065897,3.77,-1.0
2324,2024-03-09,La Liga,D,0.033957585849288374,3.71,-1.0
2324,2024-03-09,La Liga,H,0.08379455535724234,1.62,0.6200000000000001
2324,2024-03-09,La Liga,A,0.021594724738313475,1.89,0.8899999999999999
2324,2024-03-09,La Liga,H,0.05567253204740702,2.0,1.0
2324,2024-03-09,Ligue 1,H,0.025470951456210422,2.08,1.08
2324,2024-03-09,Ligue 1,H,0.06657359756283981,3.29,-1.0
2324,2024-03-09,Premier League,H,0.0061855219004822715,1.23,0.22999999999999998
2324,2024-03-09,Premier League,H,0.0906483501375005,1.34,-1.0
2324,2024-03-09,Premier League,D,0.0062815206473072205,3.89,2.89
2324,2024-03-09,Premier League,A,0.047366578678316285,4.09,-1.0
2324,2024-03-09,Premier League,D,0.023477928800754333,3.45,-1.0
2324,2024-03-09,Serie A,D,0.07001340178581839,3.34,-1.0
2324,2024-03-09,Serie A,A,0.006236313485037004,4.3,-1.0
2324,2024-03-09,Serie A,A,0.03211506709762546,3.76,2.76
2324,2024-03-09,Serie A,D,0.07060884431209868,3.67,-1.0
2324,2024-03-10,Bundesliga,D,0.00889610741382385,3.61,-1.0
2324,2024-03-10,Bundesliga,H,0.061189571632026596,2.06,1.06
2324,2024-03-10,Bundesliga,H,0.019407146520741603,1.32,0.32000000000000006
2324,2024-03-10,La Liga,H,0.07296881327473986,2.17,1.17
2324,2024-03-10,La Liga,H,0.017095857586683194,2.08,-1.0
2324,2024-03-10,La Liga,A,0.010967427943485042,2.01,1.0099999999999998
2324,2024-03-10,La Liga,H,0.05086905022130295,1.3,0.30000000000000004
2324,2024-03-10,Ligue 1,H,0.0422153756500126,2.77,1.77
2324,2024-03-10,Ligue 1,D,0.018188177920344828,3.49,2.49
2324,2024-03-10,Ligue 1,H,0.05366732962372822,1.5,0.5
2324,2024-03-10,Ligue 1,H,0.03978572760631899,2.28,1.2799999999999998
2324,2024-03-10,Ligue 1,A,0.029711467332827174,7.08,-1.0
2324,2024-03-10,Ligue 1,A,0.07593553091762839,2.01,1.0099999999999998
2324,2024-03-10,Premier League,D,0.060856067058713215,4.08,-1.0
2324,2024-03-10,Premier League,D,0.013239573707636676,4.04,-1.0
2324,2024-03-10,Premier League,A,0.09946546693540365,2.25,-1.0
2324,2024-03-10,Premier League,D,0.030032299240107113,4.08,3.08
2324,2024-03-10,Serie A,D,0.05825084056332047,3.3,2.3
2324,2024-03-10,Serie A,D,0.06400771173092645,3.31,2.31
2324,2024-03-10,Serie A,D,0.13242758950621752,3.18,-1.0
2324,2024-03-10,Serie A,A,0.018712531652810727,7.17,-1.0
2324,2024-03-11,La Liga,H,0.045831283924837596,3.06,-1.0
2324,2024-03-11,Premier League,A,0.04297986394776043,3.54,-1.0
2324,2024-03-11,Serie A,A,0.05031429771689258,4.19,3.1900000000000004
2324,2024-03-13,Premier League,H,0.04195536027645008,1.5,0.5
2324,2024-03-15,Bundesliga,H,0.05347443139511357,6.54,-1.0
2324,2024-03-15,La Liga,A,0.0033315574739220255,8.4,-1.0
2324,2024-03-15,Ligue 1,H,0.05456081102737237,2.85,-1.0
2324,2024-03-15,Serie A,D,0.01298328543602284,3.24,-1.0
2324,2024-03-16,Bundesliga,H,0.013670939328664165,16.6,-1.0
2324,2024-03-16,Bundesliga,A,0.01693868455209807,2.78,-1.0
2324,2024-03-16,Bundesliga,H,0.05019955822140826,3.75,-1.0
2324,2024-03-16,Bundesliga,H,0.029684891837761018,1.78,0.78
2324,2024-03-16,Bundesliga,H,0.05901958374444499,2.03,1.0299999999999998
2324,2024-03-16,Bundesliga,H,0.05489020896649721,2.09,-1.0
2324,2024-03-16,La Liga,H,0.025323073577172783,1.55,0.55
2324,2024-03-16,La Liga,D,0.04371790143051446,3.49,-1.0
2324,2024-03-16,La Liga,H,0.04192123871493336,1.84,0.8400000000000001
2324,2024-03-16,La Liga,A,0.06946662661134484,1.56,0.56
2324,2024-03-16,Ligue 1,A,0.02660257920124709,3.88,2.88
2324,2024-03-16,Ligue 1,H,0.06958051574970298,2.28,-1.0
2324,2024-03-16,Premier League,D,0.06901552638482106,3.66,-1.0
2324,2024-03-16,Premier League,D,0.04339829929583086,3.93,-1.0
2324,2024-03-16,Premier League,A,0.031554243546966954,2.42,-1.0
2324,2024-03-16,Serie A,D,0.059335231718940895,3.51,-1.0
2324,2024-03-16,Serie A,A,0.04561447106188976,3.66,-1.0
2324,2024-03-16,Serie A,D,0.04692941951329732,3.2,-1.0
2324,2024-03-16,Serie A,A,0.033566053319727784,2.8,1.7999999999999998
2324,2024-03-17,Bundesliga,H,0.0505023042563022,1.62,0.6200000000000001
2324,2024-03-17,Bundesliga,D,0.019204991477892758,4.35,-1.0
2324,2024-03-17,La Liga,D,0.027226412213165296,3.63,-1.0
2324,2024-03-17,La Liga,D,0.03132942372157521,3.59,-1.0
2324,2024-03-17,La Liga,H,0.06500800116341554,2.01,-1.0
2324,2024-03-17,La Liga,D,0.02315305627688785,3.23,-1.0
2324,2024-03-17,La Liga,H,0.021087210785382615,2.1,1.1
2324,2024-03-17,Ligue 1,A,0.043521279324687634,2.95,-1.0
2324,2024-03-17,Ligue 1,D,0.03250304255508035,3.16,-1.0
2324,2024-03-17,Ligue 1,D,0.016352207452164258,5.39,4.39
2324,2024-03-17,Ligue 1,A,0.08256731505478931,1.53,0.53
2324,2024-03-17,Ligue 1,H,0.026025137300060064,1.56,0.56
2324,2024-03-17,Ligue 1,A,0.09216439195867232,2.8,-1.0
2324,2024-03-17,Premier League,D,0.05454091485676038,3.73,2.73
2324,2024-03-17,Serie A,A,0.0453154281210745,5.62,-1.0
2324,2024-03-17,Serie A,A,0.025683374244542617,7.24,-1.0
2324,2024-03-17,Serie A,A,0.0513079825303093,7.9,-1.0
2324,2024-03-17,Serie A,A,0.020377200720886224,1.73,0.73
2324,2024-03-29,La Liga,H,0.07631258907335992,2.02,1.02
2324,2024-03-29,Ligue 1,H,0.03673650077819446,2.09,1.0899999999999999
2324,2024-03-30,Bundesliga,H,0.03340956880940138,1.4,-1.0
2324,2024-03-30,Bundesliga,A,0.004177389120040953,3.81,-1.0
2324,2024-03-30,Bundesliga,H,0.055712966207834946,1.22,0.21999999999999997
2324,2024-03-30,Bundesliga,H,0.06232746801388078,2.23,-1.0
2324,2024-03-30,Bundesliga,H,0.06338662007900442,1.38,-1.0
2324,2024-03-30,Bundesliga,A,0.05806271781392275,2.43,1.4300000000000002
2324,2024-03-30,La Liga,H,0.034324625882134696,2.62,-1.0
2324,2024-03-30,La Liga,H,0.02609450643797251,1.27,0.27
2324,2024-03-30,La Liga,D,0.008876518878510042,3.15,-1.0
2324,2024-03-30,La Liga,H,0.03712285260642667,2.1,-1.0
2324,2024-03-30,Ligue 1,H,0.016673060985453403,2.11,-1.0
2324,2024-03-30,Ligue 1,H,0.0337809451650542,5.19,-1.0
2324,2024-03-30,Premier League,H,0.03213942686998417,1.64,0.6399999999999999
2324,2024-03-30,Premier League,A,0.03842972883955098,3.23,-1.0
2324,2024-03-30,Premier League,D,0.04561548181293884,3.83,2.83
2324,2024-03-30,Premier League,H,0.015021339301645287,1.3,-1.0
2324,2024-03-30,Premier League,D,0.0327268744778442,4.16,-1.0
2324,2024-03-30,Premier League,H,0.014606138312672157,2.26,-1.0
2324,2024-03-30,Premier League,D,0.1412302203162116,4.03,3.0300000000000002
2324,2024-03-30,Premier League,D,0.01546505473473675,7.47,-1.0
2324,2024-03-30,Serie A,D,0.005374923540546361,3.35,-1.0
2324,2024-03-30,Serie A,A,0.049234942263776865,4.01,-1.0
2324,2024-03-30,Serie A,D,0.023044008272169736,3.09,-1.0
2324,2024-03-30,Serie A,D,0.016022546104692226,3.59,-1.0
2324,2024-03-30,Serie A,H,0.028715718892977082,1.85,0.8500000000000001
2324,2024-03-31,Bundesliga,H,0.06785004652272875,1.79,-1.0
2324,2024-03-31,Bundesliga,H,0.051661520359760016,1.65,-1.0
2324,2024-03-31,Bundesliga,H,0.039900944898443425,1.27,-1.0
2324,2024-03-31,La Liga,H,0.06276015054462758,3.41,-1.0
2324,2024-03-31,La Liga,D,0.02382947069301028,3.39,2.39
2324,2024-03-31,La Liga,H,0.052362971604394404,1.78,0.78
2324,2024-03-31,La Liga,A,0.010586807990455471,5.87,-1.0
2324,2024-03-31,Ligue 1,A,0.025024231620174253,2.34,1.3399999999999999
2324,2024-03-31,Ligue 1,A,0.01759080432484328,2.81,1.81
2324,2024-03-31,Ligue 1,A,0.016350471180687998,2.01,1.0099999999999998
2324,2024-03-31,Ligue 1,A,0.02755466351122754,2.08,1.08
2324,2024-03-31,Ligue 1,H,0.031364097076992725,1.76,-1.0
2324,2024-03-31,Ligue 1,D,0.06560380064656057,3.43,-1.0
2324,2024-03-31,Premier League,A,0.01107714586317099,7.37,-1.0
2324,2024-03-31,Premier League,D,0.04947530973308323,3.8,2.8
2324,2024-04-01,La Liga,A,0.03161282630387324,2.27,1.27
2324,2024-04-01,Serie A,A,0.05305778995832594,11.25,-1.0
2324,2024-04-01,Serie A,A,0.013539047758708733,3.54,-1.0
2324,2024-04-01,Serie A,A,0.044532361896112344,13.25,-1.0
2324,2024-04-01,Serie A,D,0.08817378905731721,3.52,2.52
2324,2024-04-01,Serie A,D,0.032058118196537366,3.27,2.27
2324,2024-04-02,Premier League,D,0.019297076083487408,3.76,-1.0
2324,2024-04-02,Premier League,H,0.053170002020779095,2.53,-1.0
2324,2024-04-02,Premier League,A,0.030325668663830962,3.55,-1.0
2324,2024-04-02,Premier League,H,0.08084870437398506,2.71,1.71
2324,2024-04-02,Premier League,D,0.08913287654966204,4.16,3.16
2324,2024-04-03,Premier League,A,0.01580619100451331,22.73,-1.0
2324,2024-04-03,Premier League,D,0.06667283984870803,3.79,2.79
2324,2024-04-03,Premier League,H,0.05491180586250488,1.3,0.30000000000000004
2324,2024-04-04,La Liga,D,0.03983023500812077,3.19,-1.0
2324,2024-04-04,Premier League,A,0.02624781393176756,3.31,-1.0
2324,2024-04-04,Premier League,A,0.024631464667385576,25.43,-1.0
2324,2024-04-05,Bundesliga,H,0.04722682678085477,1.79,-1.0
2324,2024-04-05,Ligue 1,A,0.048934819586759715,3.73,-1.0
2324,2024-04-05,Serie A,D,0.030622995551065735,3.46,2.46
2324,2024-04-06,Bundesliga,H,0.031572583761956374,2.27,-1.0
2324,2024-04-06,Bundesliga,H,0.02669231591131732,2.3,1.2999999999999998
2324,2024-04-06,Bundesliga,D,0.03240468247660927,4.27,-1.0
2324,2024-04-06,Bundesliga,A,0.023772580136878663,1.36,-1.0
2324,2024-04-06,Bundesliga,H,0.08736957213285546,1.42,0.41999999999999993
2324,2024-04-06,Bundesliga,H,0.06248836820442144,6.02,-1.0
2324,2024-04-06,Ligue 1,D,0.011958631544257664,4.12,3.12
2324,2024-04-06,Ligue 1,H,0.021692734009556847,1.18,-1.0
2324,2024-04-06,Premier League,D,0.0164570002366195,4.2,3.2
2324,2024-04-06,Premier League,H,0.05968019425482776,5.15,-1.0
2324,2024-04-06,Premier League,A,0.027481395878751647,1.31,0.31000000000000005
2324,2024-04-06,Premier League,H,0.047135296598859844,1.67,0.6699999999999999
2324,2024-04-06,Premier League,D,0.02219278029820293,3.82,-1.0
2324,2024-04-06,Premier League,H,0.04072552845624572,3.68,2.68
2324,2024-04-06,Premier League,A,0.031039950007528627,2.75,1.75
2324,2024-04-06,Serie A,H,0.0078791358793317,3.51,2.51
2324,2024-04-06,Serie A,A,0.026019090565225042,8.71,-1.0
2324,2024-04-06,Serie A,A,0.03833385449264065,3.61,-1.0
2324,2024-04-07,Bundesliga,D,0.09651670694132458,3.93,-1.0
2324,2024-04-07,Bundesliga,H,0.03334700476560104,1.9,-1.0
2324,2024-04-07,Ligue 1,H,0.03795777205770068,1.52,0.52
2324,2024-04-07,Ligue 1,D,0.04020325976168887,3.98,-1.0
2324,2024-04-07,Ligue 1,D,0.053617017819025725,3.87,-1.0
2324,2024-04-07,Ligue 1,H,0.031093759256649256,3.21,-1.0
2324,2024-04-07,Ligue 1,A,0.00755983015684808,2.97,-1.0
2324,2024-04-07,Ligue 1,H,0.010457672213105396,2.07,-1.0
2324,2024-04-07,Premier League,A,0.016206884704569657,1.63,-1.0
2324,2024-04-07,Premier League,D,0.013910988082065312,5.28,4.28
2324,2024-04-07,Premier League,D,0.01092407882055449,5.3,-1.0
2324,2024-04-07,Serie A,A,0.008380129585018548,1.72,-1.0
2324,2024-04-07,Serie A,D,0.043620501304817594,3.56,2.56
2324,2024-04-07,Serie A,D,0.060459303947410614,3.49,-1.0
2324,2024-04-07,Serie A,A,0.04230026303832968,1.88,0.8799999999999999
2324,2024-04-07,Serie A,A,0.050583598378877326,2.9,1.9
2324,2024-04-08,Serie A,H,0.003804633136732516,6.93,-1.0
2324,2024-04-12,Bundesliga,H,0.04365252764861832,2.13,1.13
2324,2024-04-12,La Liga,H,0.07381174017593611,2.06,1.06
2324,2024-04-12,Ligue 1,H,0.01859050641314486,4.95,3.95
2324,2024-04-12,Serie A,H,0.011061933621917097,1.36,0.3600000000000001
2324,2024-04-13,Bundesliga,H,0.029815442554106397,1.2,0.19999999999999996
2324,2024-04-13,Bundesliga,H,0.04967209187733762,2.1,-1.0
2324,2024-04-13,Bundesliga,H,0.025148528381692792,3.26,-1.0
2324,2024-04-13,Bundesliga,H,0.11906411110366394,1.99,0.99
2324,2024-04-13,Bundesliga,H,0.03696227714094402,1.36,0.3600000000000001
2324,2024-04-13,Bundesliga,H,0.07137324854252736,1.52,0.52
2324,2024-04-13,La Liga,D,0.050980322107362475,3.78,-1.0
2324,2024-04-13,La Liga,H,0.04465732285664317,4.33,-1.0
2324,2024-04-13,La Liga,H,0.04531304815047654,4.92,-1.0
2324,2024-04-13,La Liga,H,0.05388022977621293,2.23,-1.0
2324,2024-04-13,Ligue 1,H,0.024373185535974673,1.83,-1.0
2324,2024-04-13,Ligue 1,H,0.03485670957326792,2.59,1.5899999999999999
2324,2024-04-13,Premier League,A,0.04898923842551267,2.68,-1.0
2324,2024-04-13,Premier League,H,0.07299619903631416,1.43,0.42999999999999994
2324,2024-04-13,Premier League,H,0.03326905115180201,3.5,-1.0
2324,2024-04-13,Premier League,A,0.012203938343046117,23.86,-1.0
2324,2024-04-13,Premier League,H,0.032433572270599065,2.75,1.75
2324,2024-04-13,Premier League,H,0.06094309087112659,2.16,-1.0
2324,2024-04-13,Serie A,H,0.028738675503807598,1.55,-1.0
2324,2024-04-13,Serie A,D,0.023812345655013445,3.09,-1.0
2324,2024-04-13,Serie A,A,0.017166377465480054,2.21,-1.0
2324,2024-04-14,Bundesliga,D,0.09804022366557985,3.92,-1.0
2324,2024-04-14,Bundesliga,A,0.017223462553304772,13.63,-1.0
2324,2024-04-14,La Liga,H,0.06132812601355131,1.77,-1.0
2324,2024-04-14,La Liga,H,0.03505228856703069,3.1,2.1
2324,2024-04-14,La Liga,H,0.06376945219464197,2.74,-1.0
2324,2024-04-14,La Liga,H,0.02627126732417695,1.33,-1.0
2324,2024-04-14,Ligue 1,A,0.01882892951669507,2.14,-1.0
2324,2024-04-14,Ligue 1,H,0.04112475568609869,2.55,-1.0
2324,2024-04-14,Ligue 1,A,0.03845500224415466,3.32,-1.0
2324,2024-04-14,Premier League,H,0.02803011754790996,1.28,-1.0
2324,2024-04-14,Premier League,A,0.01969262213387521,13.35,12.35
2324,2024-04-14,Premier League,D,0.02187173750192356,3.65,-1.0
2324,2024-04-14,Serie A,A,0.04045822078301363,14.43,-1.0
2324,2024-04-14,Serie A,D,0.032961394021892215,5.44,4.44
2324,2024-04-14,Serie A,D,0.045534767107970636,3.92,2.92
2324,2024-04-15,La Liga,D,0.015314697338097594,3.1,-1.0
2324,2024-04-15,Premier League,A,0.02185498157590443,4.53,-1.0
2324,2024-04-15,Serie A,D,0.030686799375347712,4.63,3.63
2324,2024-04-15,Serie A,D,0.030190479252920455,3.52,2.52
2324,2024-04-19,Bundesliga,H,0.12139294427352959,2.05,1.0499999999999998
2324,2024-04-19,La Liga,H,0.0486414144079893,1.28,-1.0
2324,2024-04-19,Ligue 1,H,0.0438201581230403,1.56,0.56
2324,2024-04-19,Serie A,A,0.06948975379309452,1.78,-1.0
2324,2024-04-19,Serie A,A,0.011367318173799101,2.47,1.4700000000000002
2324,2024-04-20,Bundesliga,H,0.031090537152228537,1.5,-1.0
2324,2024-04-20,Bundesliga,H,0.04613590770704554,6.24,-1.0
2324,2024-04-20,Bundesliga,D,0.04474583295447995,4.02,-1.0
2324,2024-04-20,Bundesliga,A,0.04237829178148955,1.62,0.6200000000000001
2324,2024-04-20,Bundesliga,H,0.05163626005998678,1.79,0.79
2324,2024-04-20,La Liga,H,0.017117796894792314,1.76,0.76
2324,2024-04-20,La Liga,H,0.025564400446516533,1.42,0.41999999999999993
2324,2024-04-20,La Liga,H,0.08209536525646238,2.21,-1.0
2324,2024-04-20,La Liga,H,0.06950226035539675,2.22,1.2200000000000002
2324,2024-04-20,Ligue 1,A,0.012649966266317661,8.27,-1.0
2324,2024-04-20,Ligue 1,A,0.035394920998010615,2.41,1.4100000000000001
2324,2024-04-20,Premier League,D,0.023323712121265328,3.75,-1.0
2324,2024-04-20,Premier League,D,0.05073945698552257,3.63,-1.0
2324,2024-04-20,Premier League,H,0.0759626479712984,8.05,-1.0
2324,2024-04-20,Serie A,H,0.03286441388362052,4.85,3.8499999999999996
2324,2024-04-20,Serie A,A,0.047403548956206965,2.97,-1.0
2324,2024-04-21,Bundesliga,H,0.008162850222231122,2.55,-1.0
2324,2024-04-21,Bundesliga,D,0.03587535428270899,3.56,2.56
2324,2024-04-21,Bundesliga,D,0.02826547868627441,4.54,-1.0
2324,2024-04-21,La Liga,H,0.10315786589924178,4.08,3.08
2324,2024-04-21,La Liga,D,0.05394390787404901,3.75,-1.0
2324,2024-04-21,La Liga,H,0.041071494514892504,3.8,-1.0
2324,2024-04-21,La Liga,H,0.04688995520343431,1.87,0.8700000000000001
2324,2024-04-21,Ligue 1,A,0.03134124949774397,2.58,1.58
2324,2024-04-21,Ligue 1,H,0.045620731996872554,2.19,-1.0
2324,2024-04-21,Ligue 1,A,0.010458562698426904,5.61,-1.0
2324,2024-04-21,Ligue 1,H,0.03136066971899765,1.48,0.48
2324,2024-04-21,Ligue 1,H,0.012517752892699796,1.98,-1.0
2324,2024-04-21,Ligue 1,A,0.08242892617795278,2.59,-1.0
2324,2024-04-21,Premier League,H,0.0405628802792416,1.87,0.8700000000000001
2324,2024-04-21,Premier League,H,0.018063890075381672,2.15,1.15
2324,2024-04-21,Premier League,D,0.03750499115019551,3.52,-1.0
2324,2024-04-21,Premier League,H,0.013568480151407408,5.19,-1.0
2324,2024-04-21,Serie A,A,0.036630033393396766,1.89,0.8899999999999999
2324,2024-04-21,Serie A,D,0.053422173569688286,3.96,-1.0
2324,2024-04-21,Serie A,D,0.04023848572186145,3.37,-1.0
2324,2024-04-21,Serie A,D,0.01906317535329871,3.86,2.86
2324,2024-04-22,La Liga,A,0.016866457895792858,4.52,-1.0
2324,2024-04-22,Serie A,A,0.06629996462524174,1.98,0.98
2324,2024-04-22,Serie A,A,0.08243378955136643,3.23,2.23
2324,2024-04-23,Premier League,H,0.024199083669720678,1.45,0.44999999999999996
2324,2024-04-24,Ligue 1,A,0.051416631915453315,1.38,0.3799999999999999
2324,2024-04-24,Ligue 1,D,0.030402234660265592,3.42,2.42
2324,2024-04-24,Ligue 1,H,0.015926394006084255,2.28,1.2799999999999998
2324,2024-04-24,Premier League,A,0.04581321088521256,2.43,-1.0
2324,2024-04-24,Premier League,H,0.013007414438259757,7.11,6.11
2324,2024-04-24,Premier League,H,0.0076955292439994105,1.31,0.31000000000000005
2324,2024-04-24,Premier League,H,0.04596427273424741,2.72,-1.0
2324,2024-04-25,Premier League,A,0.08938195020419881,1.44,0.43999999999999995
2324,2024-04-25,Serie A,D,0.024328681384441053,3.27,-1.0
2324,2024-04-26,Bundesliga,H,0.10972521404654673,2.21,1.21
2324,2024-04-26,La Liga,H,0.033460508437305636,2.5,-1.0
2324,2024-04-26,Ligue 1,H,0.06812149200005774,2.02,-1.0
2324,2024-04-26,Serie A,H,0.02331638568203165,1.42,0.41999999999999993
2324,2024-04-27,Bundesliga,H,0.05594741126410119,1.81,-1.0
2324,2024-04-27,Bundesliga,H,0.0439307736166078,1.41,0.4099999999999999
2324,2024-04-27,Bundesliga,H,0.0734942489778474,2.33,-1.0
2324,2024-04-27,Bundesliga,H,0.028128858446771376,1.75,-1.0
2324,2024-04-27,Bundesliga,H,0.053311180190603435,1.68,0.6799999999999999
2324,2024-04-27,La Liga,H,0.08778094463103814,2.66,1.6600000000000001
2324,2024-04-27,La Liga,D,0.033365247233711204,3.31,-1.0
2324,2024-04-27,La Liga,D,0.011205962052548812,3.54,-1.0
2324,2024-04-27,La Liga,D,0.03273894231150501,3.94,-1.0
2324,2024-04-27,Ligue 1,A,0.030186494456999974,8.99,-1.0
2324,2024-04-27,Premier League,A,0.06374175624309386,3.06,-1.0
2324,2024-04-27,Premier League,D,0.04764053853337635,3.5,-1.0
2324,2024-04-27,Premier League,A,0.02318357692822176,3.42,-1.0
2324,2024-04-27,Premier League,D,0.028536759082881363,4.9,3.9000000000000004
2324,2024-04-27,Premier League,H,0.013735579124031339,1.23,0.22999999999999998
2324,2024-04-27,Premier League,A,0.05264649180830738,1.51,-1.0
2324,2024-04-27,Premier League,H,0.0632772740973696,1.98,0.98
2324,2024-04-27,Serie A,D,0.0521674841399577,3.4,2.4
2324,2024-04-27,Serie A,H,0.016717228814285834,1.65,0.6499999999999999
2324,2024-04-27,Serie A,D,0.04706294025485286,3.27,2.27
2324,2024-04-28,Bundesliga,D,0.044784282472792036,3.71,-1.0
2324,2024-04-28,Bundesliga,H,0.030237048257804655,2.33,-1.0
2324,2024-04-28,Bundesliga,H,0.10514305441858918,1.54,-1.0
2324,2024-04-28,La Liga,D,0.03707722093788368,3.39,2.39
2324,2024-04-28,La Liga,D,0.020126203269767495,2.86,1.8599999999999999
2324,2024-04-28,La Liga,H,0.05126625571538407,2.6,1.6
2324,2024-04-28,La Liga,H,0.020535078096621584,1.73,0.73
2324,2024-04-28,Ligue 1,A,0.023544253693451034,2.06,-1.0
2324,2024-04-28,Ligue 1,D,0.06711808127115315,3.36,-1.0
2324,2024-04-28,Ligue 1,A,0.06499756959303382,2.57,-1.0
2324,2024-04-28,Ligue 1,D,0.012407245577471138,3.45,-1.0
2324,2024-04-28,Ligue 1,A,0.05427649053835626,1.75,0.75
2324,2024-04-28,Ligue 1,A,0.012868389527710355,3.27,2.27
2324,2024-04-28,Ligue 1,D,0.008024663124799714,3.27,-1.0
2324,2024-04-28,Premier League,A,0.01834307462539536,2.94,-1.0
2324,2024-04-28,Premier League,A,0.039675640943588775,1.31,0.31000000000000005
2324,2024-04-28,Premier League,D,0.02500052178652179,4.07,-1.0
2324,2024-04-28,Serie A,D,0.053372479665361544,4.64,-1.0
2324,2024-04-28,Serie A,A,0.07630640401842823,5.95,-1.0
2324,2024-04-28,Serie A,A,0.016361362201595175,4.75,-1.0
2324,2024-04-28,Serie A,A,0.032452337732257835,6.8,-1.0
2324,2024-04-28,Serie A,D,0.06238129033327511,3.61,2.61
2324,2024-04-29,La Liga,H,0.0072370317051138056,1.36,0.3600000000000001
2324,2024-04-29,Serie A,A,0.017200300342333052,3.42,-1.0
2324,2024-05-02,Premier League,D,0.04873632912839443,4.05,-1.0
2324,2024-05-03,Bundesliga,D,0.07348710885378187,5.19,4.19
2324,2024-05-03,La Liga,A,0.09663276956506256,2.07,1.0699999999999998
2324,2024-05-03,Ligue 1,H,0.03489308166944405,1.43,0.42999999999999994
2324,2024-05-03,Ligue 1,A,0.015202471841063492,3.33,2.33
2324,2024-05-03,Premier League,D,0.05054872766188473,3.58,2.58
2324,2024-05-03,Serie A,D,0.04161752549261227,2.95,1.9500000000000002
2324,2024-05-04,Bundesliga,H,0.12007341361822088,1.85,0.8500000000000001
2324,2024-05-04,Bundesliga,H,0.07332972157267542,2.36,-1.0
2324,2024-05-04,Bundesliga,H,0.062216403166909184,2.13,1.13
2324,2024-05-04,Bundesliga,H,0.039674880674181234,2.3,-1.0
2324,2024-05-04,Bundesliga,H,0.030529046441230334,1.39,0.3899999999999999
2324,2024-05-04,La Liga,D,0.02466053980906796,3.81,-1.0
2324,2024-05-04,La Liga,H,0.0594682275135856,3.75,-1.0
2324,2024-05-04,La Liga,A,0.028191501625786042,8.92,-1.0
2324,2024-05-04,La Liga,H,0.02672050021016048,1.35,0.3500000000000001
2324,2024-05-04,Ligue 1,A,0.003970734735555148,4.97,-1.0
2324,2024-05-04,Ligue 1,H,0.040897976257590396,2.4,1.4
2324,2024-05-04,Ligue 1,A,0.09375963883766925,2.06,1.06
2324,2024-05-04,Ligue 1,D,0.011231561085033398,5.99,-1.0
2324,2024-05-04,Premier League,D,0.020998780204339956,7.59,-1.0
2324,2024-05-04,Premier League,H,0.03904489252660448,2.12,-1.0
2324,2024-05-04,Premier League,A,0.08196874695188539,2.02,1.02
2324,2024-05-04,Premier League,A,0.02384919127875354,25.33,-1.0
2324,2024-05-04,Premier League,D,0.018112682546818165,4.25,-1.0
2324,2024-05-04,Serie A,A,0.0742522912868454,1.84,-1.0
2324,2024-05-04,Serie A,D,0.06122215751683047,4.68,-1.0
2324,2024-05-05,Bundesliga,H,0.007840404801179313,3.16,-1.0
2324,2024-05-05,Bundesliga,D,0.03410342277121936,3.58,2.58
2324,2024-05-05,Bundesliga,H,0.056156631970402826,1.97,-1.0
2324,2024-05-05,La Liga,D,0.05518491647134394,3.64,-1.0
2324,2024-05-05,La Liga,D,0.023007036003504733,3.27,-1.0
2324,2024-05-05,La Liga,A,0.006923239911957979,5.18,-1.0
2324,2024-05-05,La Liga,D,0.0029220523394168363,3.0,-1.0
2324,2024-05-05,La Liga,H,0.0732274865235355,1.58,-1.0
2324,2024-05-05,Premier League,D,0.04413321119736596,3.77,-1.0
2324,2024-05-05,Premier League,D,0.011954208335209049,4.55,-1.0
2324,2024-05-05,Premier League,H,0.0065890518400056886,1.48,0.48
2324,2024-05-05,Serie A,A,0.04367540889983246,3.63,-1.0
2324,2024-05-05,Serie A,D,0.07508019250267212,3.31,2.31
2324,2024-05-05,Serie A,D,0.04106732532673921,4.51,3.51
2324,2024-05-05,Serie A,A,0.07931961522650927,2.68,-1.0
2324,2024-05-05,Serie A,A,0.10862961949342398,2.36,-1.0
2324,2024-05-06,Ligue 1,A,0.032660115241566784,3.84,2.84
2324,2024-05-06,Premier League,A,0.04216849576376469,2.79,-1.0
2324,2024-05-06,Serie A,D,0.07242813519356472,5.33,-1.0
2324,2024-05-06,Serie A,D,0.00963721898771508,3.62,2.62
2324,2024-05-10,Bundesliga,D,0.04848900229605979,4.34,-1.0
2324,2024-05-10,La Liga,H,0.05740811482567737,3.48,-1.0
2324,2024-05-10,Ligue 1,D,0.022127148472206426,4.02,3.0199999999999996
2324,2024-05-10,Ligue 1,H,0.01051019478024251,1.55,0.55
2324,2024-05-10,Serie A,H,0.03969733735001135,4.54,-1.0
2324,2024-05-11,Bundesliga,A,0.050518848895596435,2.57,-1.0
2324,2024-05-11,Bundesliga,H,0.11182949721488078,1.73,-1.0
2324,2024-05-11,Bundesliga,H,0.05831269971419778,2.51,-1.0
2324,2024-05-11,Bundesliga,H,0.04113917598116201,2.21,1.21
2324,2024-05-11,Bundesliga,H,0.05147406059111692,1.29,-1.0
2324,2024-05-11,La Liga,H,0.05503597087636891,1.47,-1.0
2324,2024-05-11,La Liga,H,0.04720323019081393,5.8,-1.0
2324,2024-05-11,La Liga,H,0.06942587850214021,1.66,0.6599999999999999
2324,2024-05-11,La Liga,H,0.02843085276960322,1.87,0.8700000000000001
2324,2024-05-11,Premier League,D,0.044267430194370766,3.99,-1.0
2324,2024-05-11,Premier League,H,0.036446352822863015,1.4,0.3999999999999999
2324,2024-05-11,Premier League,A,0.0394882317572578,1.22,0.21999999999999997
2324,2024-05-11,Premier League,H,0.06584232347316188,1.59,-1.0
2324,2024-05-11,Premier League,D,0.05860269255413006,3.94,-1.0
2324,2024-05-11,Premier League,D,0.041161791540497844,6.01,-1.0
2324,2024-05-11,Premier League,H,0.044982054371890956,1.82,0.8200000000000001
2324,2024-05-11,Premier League,D,0.047370179022622916,3.51,-1.0
2324,2024-05-11,Serie A,D,0.03350633346976506,4.97,-1.0
2324,2024-05-11,Serie A,D,0.03994487360878862,3.51,-1.0
2324,2024-05-12,Bundesliga,H,0.05507287313491116,1.35,0.3500000000000001
2324,2024-05-12,Bundesliga,D,0.030094303471023737,4.32,-1.0
2324,2024-05-12,Bundesliga,H,0.05976419142988884,4.66,-1.0
2324,2024-05-12,La Liga,H,0.00991165328581467,1.44,0.43999999999999995
2324,2024-05-12,La Liga,H,0.03189257192046702,1.35,0.3500000000000001
2324,2024-05-12,La Liga,H,0.007048614528000374,2.11,1.1099999999999999
2324,2024-05-12,La Liga,H,0.030168069752568694,2.28,-1.0
2324,2024-05-12,Ligue 1,A,0.05255826524479901,1.56,0.56
2324,2024-05-12,Ligue 1,A,0.0420934792175697,6.7,-1.0
2324,2024-05-12,Ligue 1,A,0.0752249253297208,1.85,0.8500000000000001
2324,2024-05-12,Ligue 1,A,0.028754741907109915,1.97,0.97
2324,2024-05-12,Ligue 1,H,0.0428928890077952,1.39,-1.0
2324,2024-05-12,Ligue 1,D,0.05965831897229473,3.48,2.48
2324,2024-05-12,Ligue 1,D,0.018989683126094614,3.6,-1.0
2324,2024-05-12,Premier League,D,0.007090512762055717,5.5,-1.0
2324,2024-05-12,Serie A,D,0.03244943444519982,3.57,-1.0
2324,2024-05-12,Serie A,A,0.013613482542349342,3.22,-1.0
2324,2024-05-12,Serie A,A,0.012283638644040362,19.17,-1.0
2324,2024-05-12,Serie A,D,0.02718171927222618,3.97,-1.0
2324,2024-05-12,Serie A,A,0.059250629181410386,2.59,1.5899999999999999
2324,2024-05-13,La Liga,A,0.038437709901180867,4.35,-1.0
2324,2024-05-13,Premier League,A,0.09342582730849036,1.71,-1.0
2324,2024-05-13,Serie A,A,0.015211150419265018,5.68,-1.0
2324,2024-05-13,Serie A,A,0.07235308621758274,2.89,1.8900000000000001
2324,2024-05-14,La Liga,H,0.04048068352009859,1.7,-1.0
2324,2024-05-14,La Liga,D,0.024621883857280702,2.92,1.92
2324,2024-05-14,La Liga,A,0.0042020479969998165,14.07,-1.0
2324,2024-05-14,Premier League,D,0.02991208545707169,5.91,-1.0
2324,2024-05-15,La Liga,A,0.025459332079003916,2.74,-1.0
2324,2024-05-15,La Liga,H,0.043861399648097876,4.7,-1.0
2324,2024-05-15,La Liga,H,0.020135726935867515,1.91,-1.0
2324,2024-05-15,La Liga,H,0.04875833481235303,1.67,0.6699999999999999
2324,2024-05-15,Ligue 1,H,0.033118637094320114,2.44,-1.0
2324,2024-05-15,Ligue 1,D,0.03778592183611329,3.64,-1.0
2324,2024-05-15,Premier League,D,0.05373937584151048,3.99,-1.0
2324,2024-05-15,Premier League,D,0.06660908910321148,4.04,-1.0
2324,2024-05-16,La Liga,A,0.0072171291635244605,1.42,0.41999999999999993
2324,2024-05-16,La Liga,H,0.09349849667773724,4.04,-1.0
2324,2024-05-16,La Liga,H,0.05303211583760281,1.65,0.6499999999999999
2324,2024-05-17,Serie A,H,0.012755239891325931,2.31,-1.0
2324,2024-05-18,Bundesliga,H,0.005442243813163716,1.16,0.15999999999999992
2324,2024-05-18,Bundesliga,D,0.06628539167874498,3.79,2.79
2324,2024-05-18,Bundesliga,H,0.08416025068569438,2.35,1.35
2324,2024-05-18,Bundesliga,D,0.09062283287536638,4.43,-1.0
2324,2024-05-18,Bundesliga,H,0.07169063562561029,1.29,0.29000000000000004
2324,2024-05-18,Bundesliga,H,0.032124901336404665,1.28,0.28
2324,2024-05-18,Bundesliga,H,0.04082478721677596,2.13,1.13
2324,2024-05-18,Bundesliga,H,0.060843284724766133,2.38,1.38
2324,2024-05-18,Bundesliga,D,0.029577711578182786,3.58,-1.0
2324,2024-05-18,La Liga,H,0.011237071271037569,2.07,1.0699999999999998
2324,2024-05-18,Serie A,H,0.05677344552720273,4.56,-1.0
2324,2024-05-18,Serie A,A,0.028002534971390325,2.63,-1.0
2324,2024-05-19,La Liga,D,0.021436526901390113,3.84,-1.0
2324,2024-05-19,La Liga,H,0.02408387624771291,1.4,-1.0
2324,2024-05-19,La Liga,D,0.0100854192108428,6.12,-1.0
2324,2024-05-19,La Liga,A,0.043445573482645716,2.92,1.92
2324,2024-05-19,La Liga,A,0.024633480227047005,4.64,-1.0
2324,2024-05-19,La Liga,D,0.0595390630737796,3.61,-1.0
2324,2024-05-19,La Liga,H,0.05507278688633399,1.51,-1.0
2324,2024-05-19,La Liga,D,0.03547102880638642,3.62,-1.0
2324,2024-05-19,La Liga,D,0.039158577204099265,3.93,2.93
2324,2024-05-19,Ligue 1,H,0.03014856599236143,4.41,-1.0
2324,2024-05-19,Ligue 1,A,0.0045484992043599015,6.45,-1.0
2324,2024-05-19,Ligue 1,D,0.022335185552837644,4.03,3.0300000000000002
2324,2024-05-19,Ligue 1,D,0.0891224532371506,4.28,-1.0
2324,2024-05-19,Ligue 1,D,0.052958397249043165,5.1,-1.0
2324,2024-05-19,Ligue 1,A,0.03678044030157568,1.6,0.6000000000000001
2324,2024-05-19,Ligue 1,A,0.014961013098005682,6.87,-1.0
2324,2024-05-19,Ligue 1,A,0.05315686882439724,2.46,-1.0
2324,2024-05-19,Ligue 1,A,0.14304571298722057,1.89,0.8899999999999999
2324,2024-05-19,Premier League,D,0.02140062619672739,8.04,-1.0
2324,2024-05-19,Premier League,A,0.022481739207694917,2.22,1.2200000000000002
2324,2024-05-19,Premier League,D,0.06887267744111156,4.11,-1.0
2324,2024-05-19,Premier League,A,0.07796629977669073,2.32,1.3199999999999998
2324,2024-05-19,Premier League,H,0.013789504298605926,1.45,0.44999999999999996
2324,2024-05-19,Premier League,H,0.010976476763348453,1.87,0.8700000000000001
2324,2024-05-19,Premier League,D,0.024900914326295875,8.71,-1.0
2324,2024-05-19,Premier League,D,0.02866277139700485,3.95,-1.0
2324,2024-05-19,Premier League,A,0.0050125868074522295,21.81,-1.0
2324,2024-05-19,Premier League,A,0.05908123226757489,1.35,0.3500000000000001
2324,2024-05-19,Serie A,D,0.04317763181413267,4.16,3.16
2324,2024-05-19,Serie A,A,0.02354707718657867,2.35,1.35
2324,2024-05-19,Serie A,D,0.05515215327771955,4.34,-1.0
2324,2024-05-19,Serie A,D,0.07759548052643034,3.42,-1.0
2324,2024-05-19,Serie A,A,0.028431206221624428,3.9,-1.0
2324,2024-05-20,Serie A,A,0.06124878712345261,3.12,-1.0
2324,2024-05-20,Serie A,D,0.04786518146320365,3.84,-1.0
2324,2024-05-23,Serie A,A,0.04675466623788782,1.82,0.8200000000000001
2324,2024-05-24,La Liga,D,0.01333910114770448,7.13,-1.0
2324,2024-05-24,Serie A,A,0.05264888434786541,2.21,-1.0
2324,2024-05-25,La Liga,D,0.04962035784070845,3.59,-1.0
2324,2024-05-25,La Liga,D,0.05386243345726305,3.72,2.72
2324,2024-05-25,La Liga,H,0.017358910279787865,1.37,-1.0
2324,2024-05-25,La Liga,H,0.04534110349172543,2.4,-1.0
2324,2024-05-25,La Liga,D,0.031967353046227165,3.51,-1.0
2324,2024-05-25,Serie A,D,0.033551501591393335,5.45,-1.0
2324,2024-05-25,Serie A,D,0.03638659215798887,8.34,7.34
2324,2024-05-26,La Liga,A,0.08222863135685635,3.89,-1.0
2324,2024-05-26,La Liga,D,0.03545254656948643,3.22,-1.0
2324,2024-05-26,La Liga,D,0.06271376357453401,3.34,2.34
2324,2024-05-26,La Liga,A,0.011911504856116695,1.83,0.8300000000000001
2324,2024-05-26,Serie A,A,0.08240156525345249,2.14,-1.0
2324,2024-05-26,Serie A,D,0.051335939389439034,3.71,-1.0
2324,2024-05-26,Serie A,D,0.02366674224302001,3.17,-1.0
2324,2024-05-26,Serie A,H,0.007678699422574375,1.36,-1.0
2324,2024-05-26,Serie A,D,0.045920460204050606,4.89,3.8899999999999997
2324,2024-05-26,Serie A,A,0.10500471983915838,1.55,-1.0
2324,2024-06-02,Serie A,D,0.037598945844580844,4.8,-1.0
2425,2024-08-15,La Liga,H,0.060940732471798764,1.51,-1.0
2425,2024-08-15,La Liga,D,0.04662445459527881,3.38,2.38
2425,2024-08-16,La Liga,A,0.019547006777630938,4.02,-1.0
2425,2024-08-16,La Liga,D,0.02677769631686222,3.21,2.21
2425,2024-08-16,Ligue 1,A,0.03515961090796926,1.42,0.41999999999999993
2425,2024-08-16,Premier League,H,0.07596707098987154,1.62,0.6200000000000001
2425,2024-08-17,La Liga,D,0.002479014356609077,3.87,-1.0
2425,2024-08-17,Ligue 1,D,0.024386588124388653,3.4,-1.0
2425,2024-08-17,Ligue 1,H,0.018146739204664475,1.5,0.5
2425,2024-08-17,Ligue 1,A,0.10252080687985915,2.2,1.2000000000000002
2425,2024-08-17,Premier League,H,0.026431881766585175,1.18,0.17999999999999994
2425,2024-08-17,Premier League,A,0.03350038008148176,2.68,1.6800000000000002
2425,2024-08-17,Premier League,H,0.026203805888833975,1.35,0.3500000000000001
2425,2024-08-17,Premier League,D,0.047916896855804136,3.49,2.49
2425,2024-08-17,Premier League,D,0.040548744955286486,3.69,-1.0
2425,2024-08-17,Serie A,A,0.016604869528582866,3.07,-1.0
2425,2024-08-17,Serie A,A,0.08951622987914898,1.54,-1.0
2425,2024-08-17,Serie A,D,0.025744101152169296,3.97,2.97
2425,2024-08-18,La Liga,A,0.07951480545050049,1.47,-1.0
2425,2024-08-18,La Liga,H,0.018264652114117763,1.59,-1.0
2425,2024-08-18,Ligue 1,A,0.05245439564832721,1.65,0.6499999999999999
2425,2024-08-18,Ligue 1,A,0.030311708551857608,2.39,-1.0
2425,2024-08-18,Ligue 1,A,0.018762208803577707,3.64,-1.0
2425,2024-08-18,Ligue 1,D,0.014112278911576792,3.45,-1.0
2425,2024-08-18,Ligue 1,A,0.07389552475255251,3.75,-1.0
2425,2024-08-18,Premier League,D,0.03253967499650723,3.44,-1.0
2425,2024-08-18,Premier League,A,0.06504042097761109,1.83,0.8300000000000001
2425,2024-08-18,Serie A,A,0.024638068446620837,4.37,-1.0
2425,2024-08-18,Serie A,D,0.033538052659168094,3.51,2.51
2425,2024-08-18,Serie A,H,0.0025643833638020475,1.47,0.47
2425,2024-08-18,Serie A,A,0.09867382271643421,1.79,-1.0
2425,2024-08-19,La Liga,D,0.017345238960028708,3.1,-1.0
2425,2024-08-19,La Liga,A,0.044600575553110866,2.12,-1.0
2425,2024-08-19,Premier League,A,0.05980138629495568,1.63,-1.0
2425,2024-08-19,Serie A,D,0.007928348416493258,3.64,-1.0
2425,2024-08-23,Bundesliga,D,0.03360736259215019,4.53,-1.0
2425,2024-08-23,La Liga,A,0.05026209692835859,3.65,-1.0
2425,2024-08-23,La Liga,A,0.02583681340949251,2.88,1.88
2425,2024-08-23,Ligue 1,H,0.015316595254128873,1.23,0.22999999999999998
2425,2024-08-24,Bundesliga,D,0.08970013752194245,3.56,2.56
2425,2024-08-24,Bundesliga,H,0.06455793449082414,1.71,0.71
2425,2024-08-24,Bundesliga,H,0.009945065716314205,3.5,2.5
2425,2024-08-24,Bundesliga,H,0.08783184286989731,2.05,-1.0
2425,2024-08-24,Bundesliga,H,0.033384309118572375,1.25,0.25
2425,2024-08-24,La Liga,A,0.006723805697710528,5.05,-1.0
2425,2024-08-24,La Liga,A,0.09594875424637295,2.1,1.1
2425,2024-08-24,La Liga,D,0.03214528465964328,2.93,1.9300000000000002
2425,2024-08-24,La Liga,H,0.03981773385711118,2.47,1.4700000000000002
2425,2024-08-24,Ligue 1,D,0.032634373527380356,4.87,-1.0
2425,2024-08-24,Ligue 1,D,0.05115406029267977,3.75,-1.0
2425,2024-08-24,Ligue 1,D,0.039228152922797355,3.41,-1.0
2425,2024-08-24,Premier League,A,0.02153699972627099,1.78,0.78
2425,2024-08-24,Premier League,D,0.04532831684867161,3.72,-1.0
2425,2024-08-24,Premier League,A,0.029395781892599893,3.25,2.25
2425,2024-08-24,Premier League,H,0.049756685880498086,1.83,0.8300000000000001
2425,2024-08-24,Premier League,D,0.03473244381217239,3.32,-1.0
2425,2024-08-24,Premier League,D,0.031937490173025856,4.95,-1.0
2425,2024-08-24,Serie A,A,0.004125482182435039,14.52,-1.0
2425,2024-08-24,Serie A,D,0.06243259165130388,3.12,-1.0
2425,2024-08-24,Serie A,A,0.027950987731459265,2.39,-1.0
2425,2024-08-25,Bundesliga,D,0.01533628510401483,4.93,-1.0
2425,2024-08-25,La Liga,H,0.007167026941171772,2.4,-1.0
2425,2024-08-25,La Liga,D,0.05270546909733695,4.27,-1.0
2425,2024-08-25,La Liga,D,0.005739570664536828,7.96,-1.0
2425,2024-08-25,Ligue 1,H,0.007100809097161154,1.79,0.79
2425,2024-08-25,Ligue 1,H,0.016982894896007128,1.55,-1.0
2425,2024-08-25,Ligue 1,D,0.019350393401626143,3.33,-1.0
2425,2024-08-25,Ligue 1,H,0.024328846089325618,1.85,-1.0
2425,2024-08-25,Ligue 1,A,0.13266640416445175,2.26,-1.0
2425,2024-08-25,Premier League,A,0.017442973837935194,2.25,-1.0
2425,2024-08-25,Premier League,H,0.0437515024682007,1.25,0.25
2425,2024-08-25,Premier League,D,0.04682383969700879,4.0,-1.0
2425,2024-08-25,Serie A,D,0.028210518268438983,4.62,3.62
2425,2024-08-25,Serie A,D,0.03643735617539162,3.58,-1.0
2425,2024-08-25,Serie A,D,0.046110762474526945,4.35,-1.0
2425,2024-08-25,Serie A,D,0.07557019537977255,3.23,-1.0
2425,2024-08-26,La Liga,D,0.02321668107810848,3.56,-1.0
2425,2024-08-26,Serie A,A,0.10771381382206602,1.72,0.72
2425,2024-08-27,La Liga,H,0.03814883034700678,2.41,-1.0
2425,2024-08-27,La Liga,D,0.03592394945792013,3.95,-1.0
2425,2024-08-28,La Liga,H,0.04694929739874143,1.62,0.6200000000000001
2425,2024-08-28,La Liga,A,0.008331970419719878,11.24,-1.0
2425,2024-08-28,La Liga,H,0.05561870887224807,1.71,-1.0
2425,2024-08-29,La Liga,H,0.0318865637903486,1.73,0.73
2425,2024-08-29,La Liga,A,0.05999119629632732,1.38,-1.0
2425,2024-08-30,Ligue 1,D,0.02399641660149865,3.76,-1.0
2425,2024-08-30,Serie A,D,0.05046485561718286,4.35,-1.0
2425,2024-08-30,Serie A,D,0.07889079171187646,3.28,-1.0
2425,2024-08-31,Bundesliga,D,0.09272732482447271,3.69,-1.0
2425,2024-08-31,Bundesliga,D,0.10855078622287795,4.1,-1.0
2425,2024-08-31,Bundesliga,H,0.08634002280984177,1.8,-1.0
2425,2024-08-31,Bundesliga,H,0.04262657068000297,1.65,-1.0
2425,2024-08-31,Bundesliga,A,0.11752075549467333,1.82,-1.0
2425,2024-08-31,La Liga,H,0.01309048554078679,3.01,-1.0
2425,2024-08-31,La Liga,D,0.026513740239958616,6.45,-1.0
2425,2024-08-31,La Liga,H,0.009405436191596117,2.78,1.7799999999999998
2425,2024-08-31,La Liga,H,0.012330171050703442,2.84,-1.0
2425,2024-08-31,Ligue 1,A,0.018819554970321672,4.31,-1.0
2425,2024-08-31,Ligue 1,A,0.04346713830829446,3.17,2.17
2425,2024-08-31,Ligue 1,A,0.06552709843018573,1.92,0.9199999999999999
2425,2024-08-31,Premier League,H,0.05686294347430565,1.35,-1.0
2425,2024-08-31,Premier League,D,0.008164643831441942,3.97,-1.0
2425,2024-08-31,Premier League,A,0.045235005604086664,2.59,1.5899999999999999
2425,2024-08-31,Premier League,A,0.1311577002497658,1.74,0.74
2425,2024-08-31,Premier League,A,0.041432312981207475,3.65,-1.0
2425,2024-08-31,Premier League,D,0.00765066312199128,5.49,-1.0
2425,2024-08-31,Serie A,D,0.02920705041326188,3.75,2.75
2425,2024-08-31,Serie A,A,0.0993368655060548,2.45,-1.0
2425,2024-08-31,Serie A,D,0.06048169207633697,3.2,-1.0
2425,2024-09-01,Bundesliga,H,0.028776657133901207,1.21,0.20999999999999996
2425,2024-09-01,Bundesliga,H,0.03176613447488463,2.4,1.4
2425,2024-09-01,La Liga,A,0.025615788704068276,4.25,-1.0
2425,2024-09-01,La Liga,A,0.05342519565127796,2.43,-1.0
2425,2024-09-01,La Liga,D,0.04797564685353689,3.31,-1.0
2425,2024-09-01,La Liga,H,0.06266306656518683,1.29,0.29000000000000004
2425,2024-09-01,La Liga,D,0.0769148887656877,3.73,-1.0
2425,2024-09-01,Ligue 1,H,0.015138499025256491,4.06,-1.0
2425,2024-09-01,Ligue 1,H,0.01942675312327652,2.77,1.77
2425,2024-09-01,Ligue 1,A,0.11942627281222506,1.88,0.8799999999999999
2425,2024-09-01,Ligue 1,A,0.01736535219777588,3.92,-1.0
2425,2024-09-01,Ligue 1,D,0.018968650107303753,3.44,-1.0
2425,2024-09-01,Premier League,D,0.024198167505890822,4.4,3.4000000000000004
2425,2024-09-01,Premier League,A,0.07098895721647058,1.85,0.8500000000000001
2425,2024-09-01,Premier League,A,0.029198001084624947,2.56,-1.0
2425,2024-09-01,Serie A,A,0.022026833232271448,5.09,-1.0
2425,2024-09-01,Serie A,D,0.02948722607782961,3.26,-1.0
2425,2024-09-01,Serie A,H,0.03285750350860295,1.77,-1.0
2425,2024-09-13,Bundesliga,H,0.04982779762005185,1.39,0.3899999999999999
2425,2024-09-13,Ligue 1,A,0.029584524241481613,1.75,-1.0
2425,2024-09-14,Bundesliga,H,0.06698214341192288,1.71,0.71
2425,2024-09-14,Bundesliga,A,0.042184460064385365,1.5,0.5
2425,2024-09-14,Bundesliga,D,0.062251391123304606,3.94,-1.0
2425,2024-09-14,Bundesliga,H,0.08055156205774316,1.48,-1.0
2425,2024-09-14,Bundesliga,A,0.010612764257890483,2.58,1.58
2425,2024-09-14,La Liga,H,0.0052195946955299055,2.72,1.7200000000000002
2425,2024-09-14,La Liga,H,0.05987236127178219,2.5,-1.0
2425,2024-09-14,La Liga,H,0.03581791774824089,2.24,1.2400000000000002
2425,2024-09-14,La Liga,A,0.020773993509965227,1.7,0.7
2425,2024-09-14,Ligue 1,D,0.05030020340118996,3.89,-1.0
2425,2024-09-14,Ligue 1,H,0.035904561772322485,1.76,0.76
2425,2024-09-14,Ligue 1,D,0.00799620540699289,6.11,-1.0
2425,2024-09-14,Premier League,D,0.03578147741060886,4.48,-1.0
2425,2024-09-14,Premier League,A,0.04892570029085014,2.05,1.0499999999999998
2425,2024-09-14,Premier League,H,0.09837821997958474,1.63,-1.0
2425,2024-09-14,Premier League,A,0.04220951342872664,2.92,-1.0
2425,2024-09-14,Premier League,H,0.032866505969159854,1.22,-1.0
2425,2024-09-14,Premier League,H,0.04400375192602757,1.17,0.16999999999999993
2425,2024-09-14,Premier League,D,0.05487750201330138,4.04,-1.0
2425,2024-09-14,Serie A,A,0.03976875007370151,1.72,-1.0
2425,2024-09-14,Serie A,D,0.04509747370813835,5.82,-1.0
2425,2024-09-15,Bundesliga,H,0.0385875825454875,2.04,-1.0
2425,2024-09-15,La Liga,H,0.027369192446734414,1.35,0.3500000000000001
2425,2024-09-15,La Liga,D,0.03425618162527777,3.97,-1.0
2425,2024-09-15,La Liga,H,0.011923543883509274,4.05,-1.0
2425,2024-09-15,La Liga,H,0.005767626617700139,3.8,-1.0
2425,2024-09-15,Ligue 1,H,0.026992379769631536,1.85,-1.0
2425,2024-09-15,Ligue 1,D,0.056662819431240574,3.38,-1.0
2425,2024-09-15,Ligue 1,H,0.014560000136628726,1.63,0.6299999999999999
2425,2024-09-15,Ligue 1,D,0.026062027306874236,3.81,2.81
2425,2024-09-15,Ligue 1,H,0.018321600538343974,1.83,0.8300000000000001
2425,2024-09-15,Premier League,H,0.045089667467981265,2.99,-1.0
2425,2024-09-15,Premier League,D,0.06087658225957837,3.69,-1.0
2425,2024-09-15,Serie A,H,0.013648877298929163,1.83,0.8300000000000001
2425,2024-09-15,Serie A,D,0.05420445531585988,3.74,-1.0
2425,2024-09-15,Serie A,D,0.032998796020292764,3.29,2.29
2425,2024-09-15,Serie A,D,0.01517764111426717,4.87,3.87
2425,2024-09-15,Serie A,D,0.03010973377525722,3.4,2.4
2425,2024-09-16,La Liga,H,0.04154801614083775,2.1,1.1
2425,2024-09-16,Serie A,D,0.03123988178592499,3.93,-1.0
2425,2024-09-17,La Liga,A,0.033830047598327195,2.93,-1.0
2425,2024-09-18,La Liga,H,0.03884423699774059,1.98,0.98
2425,2024-09-19,La Liga,A,0.045179747529475234,2.07,1.0699999999999998
2425,2024-09-20,Bundesliga,D,0.06049716533001798,3.54,-1.0
2425,2024-09-20,La Liga,H,0.040734453118041025,2.18,1.1800000000000002
2425,2024-09-20,Ligue 1,H,0.01554195264765068,1.54,0.54
2425,2024-09-20,Serie A,D,0.06946110436697805,3.3,-1.0
2425,2024-09-20,Serie A,D,0.024386241567523836,3.01,-1.0
2425,2024-09-21,Bundesliga,H,0.02844832366594796,1.78,0.78
2425,2024-09-21,Bundesliga,H,0.04838893130793681,2.72,-1.0
2425,2024-09-21,Bundesliga,D,0.07440712752291367,3.68,-1.0
2425,2024-09-21,Bundesliga,A,0.060227510015096075,1.36,0.3600000000000001
2425,2024-09-21,La Liga,D,0.004056659788119421,3.44,-1.0
2425,2024-09-21,La Liga,H,0.022729689371146722,1.16,0.15999999999999992
2425,2024-09-21,La Liga,D,0.049379455546323336,3.35,-1.0
2425,2024-09-21,La Liga,A,0.019783284091670295,2.19,-1.0
2425,2024-09-21,Ligue 1,H,0.01918776337250583,1.72,-1.0
2425,2024-09-21,Ligue 1,A,0.10500790267540616,1.44,-1.0
2425,2024-09-21,Ligue 1,A,0.010983155823397484,3.0,-1.0
2425,2024-09-21,Premier League,A,0.02572733742498562,5.35,-1.0
2425,2024-09-21,Premier League,H,0.008767903319122528,2.85,-1.0
2425,2024-09-21,Premier League,H,0.05279173628045997,2.86,1.8599999999999999
2425,2024-09-21,Premier League,A,0.024806946770343175,2.82,-1.0
2425,2024-09-21,Premier League,H,0.05391951898058844,1.29,0.29000000000000004
2425,2024-09-21,Premier League,H,0.10352127469449868,1.55,0.55
2425,2024-09-21,Premier League,A,0.018699462603394668,2.01,1.0099999999999998
2425,2024-09-21,Serie A,D,0.0961094833822922,3.29,2.29
2425,2024-09-21,Serie A,D,0.03489427453339039,3.23,-1.0
2425,2024-09-22,Bundesliga,A,0.014901539854827492,9.28,-1.0
2425,2024-09-22,Bundesliga,A,0.029242138083789226,2.86,-1.0
2425,2024-09-22,La Liga,H,0.039505596807912546,1.71,0.71
2425,2024-09-22,La Liga,H,0.03974675199873173,2.05,-1.0
2425,2024-09-22,La Liga,A,0.043570755694600116,1.81,-1.0
2425,2024-09-22,La Liga,A,0.10370993422645414,1.87,0.8700000000000001
2425,2024-09-22,Ligue 1,D,0.021113619163784347,3.22,2.22
2425,2024-09-22,Ligue 1,D,0.023472618315175664,3.51,-1.0
2425,2024-09-22,Ligue 1,A,0.0350540544290337,2.22,1.2200000000000002
2425,2024-09-22,Ligue 1,H,0.026362515738561076,1.37,0.3700000000000001
2425,2024-09-22,Ligue 1,D,0.05818756919131557,3.46,-1.0
2425,2024-09-22,Premier League,H,0.0934624104384868,1.86,-1.0
2425,2024-09-22,Premier League,H,0.04418771524301757,1.83,-1.0
2425,2024-09-22,Serie A,H,0.023693665627514293,2.3,1.2999999999999998
2425,2024-09-22,Serie A,D,0.04873919198109006,4.08,-1.0
2425,2024-09-22,Serie A,A,0.007260304454932309,2.39,1.3900000000000001
2425,2024-09-22,Serie A,H,0.03845552291674903,1.63,0.6299999999999999
2425,2024-09-23,La Liga,H,0.03420838616215205,1.89,-1.0
2425,2024-09-24,La Liga,H,0.03017223415049808,1.19,0.18999999999999995
2425,2024-09-24,La Liga,H,0.04108139301269642,1.68,0.6799999999999999
2425,2024-09-24,La Liga,H,0.06793521903440014,2.08,-1.0
2425,2024-09-25,La Liga,H,0.013998233428442641,1.23,0.22999999999999998
2425,2024-09-25,La Liga,H,0.04162100423578552,1.76,-1.0
2425,2024-09-26,La Liga,A,0.031002760181790545,1.94,0.94
2425,2024-09-26,La Liga,A,0.05050034617361304,2.18,1.1800000000000002
2425,2024-09-26,La Liga,D,0.012253673145904198,3.25,2.25
2425,2024-09-27,Bundesliga,H,0.03250274768394701,1.24,0.24
2425,2024-09-27,La Liga,H,0.027489251647682733,3.03,-1.0
2425,2024-09-27,Ligue 1,D,0.0830019613599649,3.37,-1.0
2425,2024-09-27,Ligue 1,H,0.022925387638182748,1.38,0.3799999999999999
2425,2024-09-27,Serie A,H,0.022885619719807293,1.33,0.33000000000000007
2425,2024-09-28,Bundesliga,H,0.12677660709482474,1.73,-1.0
2425,2024-09-28,Bundesliga,H,0.06614149272977032,2.12,1.12
2425,2024-09-28,Bundesliga,D,0.014346704432114166,3.8,-1.0
2425,2024-09-28,Bundesliga,H,0.02782844872988277,1.42,0.41999999999999993
2425,2024-09-28,Bundesliga,D,0.03153340789997244,3.89,2.89
2425,2024-09-28,La Liga,H,0.06466621674603679,2.63,1.63
2425,2024-09-28,La Liga,A,0.08307650589197224,1.47,-1.0
2425,2024-09-28,La Liga,D,0.01315537966971747,3.29,-1.0
2425,2024-09-28,La Liga,H,0.03057082179024556,1.94,-1.0
2425,2024-09-28,Ligue 1,A,0.11851694332499507,1.8,0.8
2425,2024-09-28,Ligue 1,A,0.055656667752845446,3.72,-1.0
2425,2024-09-28,Ligue 1,H,0.026157999255895237,1.34,0.3400000000000001
2425,2024-09-28,Premier League,H,0.03938631667628223,1.18,0.17999999999999994
2425,2024-09-28,Premier League,A,0.030411462890691743,3.16,-1.0
2425,2024-09-28,Premier League,H,0.06533406119511354,1.74,0.74
2425,2024-09-28,Premier League,H,0.009230791104303304,2.73,1.73
2425,2024-09-28,Premier League,A,0.06034248469588277,1.61,-1.0
2425,2024-09-28,Premier League,H,0.06244836262932574,2.4,-1.0
2425,2024-09-28,Premier League,D,0.03641323108832295,5.55,-1.0
2425,2024-09-28,Serie A,D,0.02589944577884079,3.33,2.33
2425,2024-09-28,Serie A,D,0.042182585082033375,3.58,-1.0
2425,2024-09-28,Serie A,A,0.03792178875127927,1.5,0.5
2425,2024-09-29,Bundesliga,D,0.05236907570037819,3.8,-1.0
2425,2024-09-29,La Liga,H,0.03229996738640517,1.72,-1.0
2425,2024-09-29,La Liga,H,0.020945825294356846,2.79,-1.0
2425,2024-09-29,La Liga,H,0.06021192011151799,1.67,0.6699999999999999
2425,2024-09-29,La Liga,D,0.0254672416167398,3.65,2.65
2425,2024-09-29,Ligue 1,D,0.006934091989655444,3.27,-1.0
2425,2024-09-29,Ligue 1,A,0.03943508746197999,4.71,-1.0
2425,2024-09-29,Ligue 1,D,0.017865936641430297,3.84,-1.0
2425,2024-09-29,Ligue 1,A,0.04867647618505688,2.82,1.8199999999999998
2425,2024-09-29,Premier League,A,0.018165912678845708,1.87,-1.0
2425,2024-09-29,Premier League,D,0.04526212600802376,3.89,-1.0
2425,2024-09-29,Serie A,D,0.0783775860806108,3.38,-1.0
2425,2024-09-29,Serie A,H,0.0035130719766010565,3.43,-1.0
2425,2024-09-29,Serie A,D,0.0345923466243416,5.06,-1.0
2425,2024-09-29,Serie A,D,0.035924569802366524,4.84,-1.0
2425,2024-09-29,Serie A,D,0.020909599644424126,3.21,-1.0
2425,2024-09-30,La Liga,A,0.014711461306694623,6.37,-1.0
2425,2024-09-30,Premier League,H,0.038395136368069016,1.65,0.6499999999999999
2425,2024-09-30,Serie A,D,0.03582282425715061,3.64,-1.0
2425,2024-10-04,Bundesliga,D,0.10119623394637461,3.75,-1.0
2425,2024-10-04,La Liga,D,0.007996809260026994,2.82,1.8199999999999998
2425,2024-10-04,Ligue 1,H,0.01205644556171781,1.23,-1.0
2425,2024-10-04,Serie A,H,0.015401901327282586,1.45,0.44999999999999996
2425,2024-10-04,Serie A,D,0.055640025448184416,3.19,-1.0
2425,2024-10-05,Bundesliga,A,0.039334390905250594,2.24,1.2400000000000002
2425,2024-10-05,Bundesliga,D,0.004892824172892052,12.54,11.54
2425,2024-10-05,Bundesliga,H,0.06329486930306227,2.44,-1.0
2425,2024-10-05,Bundesliga,A,0.09701507205337917,2.16,-1.0
2425,2024-10-05,Bundesliga,D,0.04312780154863943,3.63,-1.0
2425,2024-10-05,La Liga,H,0.01883372493554164,3.2,2.2
2425,2024-10-05,La Liga,H,0.06885031655928897,2.23,-1.0
2425,2024-10-05,La Liga,D,0.029475319084552698,3.58,-1.0
2425,2024-10-05,La Liga,H,0.07416363404089099,1.27,0.27
2425,2024-10-05,La Liga,D,0.008864877682516648,3.01,-1.0
2425,2024-10-05,Ligue 1,H,0.014702059334298356,1.75,0.75
2425,2024-10-05,Ligue 1,H,0.030225932279598744,2.7,-1.0
2425,2024-10-05,Ligue 1,D,0.15102445703060274,3.45,-1.0
2425,2024-10-05,Premier League,H,0.006507547511916845,1.14,0.1399999999999999
2425,2024-10-05,Premier League,A,0.032833704624871396,3.47,-1.0
2425,2024-10-05,Premier League,A,0.022968481833080867,1.49,0.49
2425,2024-10-05,Premier League,H,0.029162143412549357,3.15,-1.0
2425,2024-10-05,Premier League,A,0.045251686235944,2.17,-1.0
2425,2024-10-05,Premier League,H,0.04679631257753447,1.24,0.24
2425,2024-10-05,Premier League,H,0.028106401696552763,1.8,0.8
2425,2024-10-05,Serie A,D,0.029381000653358136,4.53,-1.0
2425,2024-10-05,Serie A,H,0.01780830268488509,1.32,0.32000000000000006
2425,2024-10-05,Serie A,D,0.040743524929521324,3.3,-1.0
2425,2024-10-06,Bundesliga,A,0.04120969879616876,1.52,-1.0
2425,2024-10-06,Bundesliga,D,0.008868675356033168,4.23,-1.0
2425,2024-10-06,Bundesliga,H,0.06855048714164735,1.31,-1.0
2425,2024-10-06,La Liga,A,0.08613019363395036,1.57,0.5700000000000001
2425,2024-10-06,La Liga,H,0.0694346430660554,2.42,1.42
2425,2024-10-06,La Liga,D,0.022538815465270312,3.21,-1.0
2425,2024-10-06,La Liga,H,0.02094979714663059,3.31,-1.0
2425,2024-10-06,Ligue 1,D,0.027772953293572766,3.54,-1.0
2425,2024-10-06,Ligue 1,A,0.028149467333795086,4.37,-1.0
2425,2024-10-06,Ligue 1,A,0.08457251116230158,1.69,-1.0
2425,2024-10-06,Ligue 1,A,0.03329416496248419,4.13,-1.0
2425,2024-10-06,Ligue 1,A,0.04358003879314698,2.41,-1.0
2425,2024-10-06,Premier League,D,0.040218209045507936,3.82,2.82
2425,2024-10-06,Premier League,D,0.060700353637344134,4.01,-1.0
2425,2024-10-06,Premier League,H,0.038651550339938945,1.48,-1.0
2425,2024-10-06,Serie A,D,0.047930595187631375,3.76,2.76
2425,2024-10-06,Serie A,D,0.049560411504141866,3.55,-1.0
2425,2024-10-06,Serie A,H,0.02710298386849841,1.38,-1.0
2425,2024-10-06,Serie A,D,0.030466424356939387,4.04,-1.0
2425,2024-10-06,Serie A,D,0.054694664899914425,3.41,2.41
2425,2024-10-18,Bundesliga,H,0.024030458635005414,1.31,0.31000000000000005
2425,2024-10-18,La Liga,D,0.0455075355779177,3.82,-1.0
2425,2024-10-18,Ligue 1,A,0.06228200817822055,3.89,-1.0
2425,2024-10-19,Bundesliga,H,0.03900381796593677,1.35,0.3500000000000001
2425,2024-10-19,Bundesliga,D,0.046337679316181435,3.91,-1.0
2425,2024-10-19,Bundesliga,D,0.031436808193462173,4.44,-1.0
2425,2024-10-19,Bundesliga,D,0.018926104585383824,5.04,-1.0
2425,2024-10-19,Bundesliga,D,0.04053521702717661,3.8,-1.0
2425,2024-10-19,Bundesliga,D,0.006771039873867457,3.83,-1.0
2425,2024-10-19,La Liga,H,0.06558545462580323,1.46,0.45999999999999996
2425,2024-10-19,La Liga,A,0.03608194154273092,1.61,0.6100000000000001
2425,2024-10-19,La Liga,A,0.05500531874140224,2.93,1.9300000000000002
2425,2024-10-19,La Liga,A,0.013092789457608334,2.83,1.83
2425,2024-10-19,Ligue 1,D,0.02539739229948229,3.25,2.25
2425,2024-10-19,Ligue 1,H,0.01580044201158115,1.27,0.27
2425,2024-10-19,Ligue 1,D,0.016494532355912556,3.85,-1.0
2425,2024-10-19,Premier League,A,0.04170289074501221,1.68,-1.0
2425,2024-10-19,Premier League,A,0.02087867794195508,2.89,1.8900000000000001
2425,2024-10-19,Premier League,H,0.027034460008934613,2.4,-1.0
2425,2024-10-19,Premier League,H,0.021187888879401928,1.71,0.71
2425,2024-10-19,Premier League,H,0.045766968138817976,2.01,-1.0
2425,2024-10-19,Premier League,D,0.06117151018163253,3.54,-1.0
2425,2024-10-19,Premier League,H,0.025953278819879966,1.5,0.5
2425,2024-10-19,Serie A,D,0.06631510866971713,3.72,2.72
2425,2024-10-19,Serie A,A,0.028636958374758603,2.18,-1.0
2425,2024-10-19,Serie A,H,0.09277913325641407,2.05,1.0499999999999998
2425,2024-10-19,Serie A,H,0.038615429252326194,1.39,0.3899999999999999
2425,2024-10-20,Bundesliga,D,0.12949200587159027,3.42,-1.0
2425,2024-10-20,Bundesliga,H,0.056465719635000244,2.07,-1.0
2425,2024-10-20,La Liga,H,0.032954128923393,1.33,0.33000000000000007
2425,2024-10-20,La Liga,H,0.04672113298929803,1.31,0.31000000000000005
2425,2024-10-20,La Liga,A,0.03194926947054613,4.08,-1.0
2425,2024-10-20,La Liga,D,0.02317923132147326,3.77,2.77
2425,2024-10-20,Ligue 1,D,0.06831058236947052,3.49,-1.0
2425,2024-10-20,Ligue 1,A,0.0885230043052534,1.99,0.99
2425,2024-10-20,Ligue 1,A,0.03722311958976576,1.76,0.76
2425,2024-10-20,Ligue 1,A,0.12129218296603217,2.4,-1.0
2425,2024-10-20,Ligue 1,H,0.024725076129679224,1.58,-1.0
2425,2024-10-20,Premier League,H,0.05677242130575588,1.63,0.6299999999999999
2425,2024-10-20,Premier League,H,0.015225222799123958,8.88,-1.0
2425,2024-10-20,Serie A,D,0.06891677279589681,3.19,-1.0
2425,2024-10-20,Serie A,A,0.020765418212357667,1.67,0.6699999999999999
2425,2024-10-20,Serie A,D,0.08467682053218956,3.29,-1.0
2425,2024-10-20,Serie A,A,0.010421748704750766,1.83,0.8300000000000001
2425,2024-10-20,Serie A,A,0.06927723201071478,1.63,0.6299999999999999
2425,2024-10-21,La Liga,D,0.01799782263861477,3.71,-1.0
2425,2024-10-21,Premier League,H,0.02522182820597868,2.36,1.3599999999999999
2425,2024-10-21,Serie A,A,0.058950909342198876,3.44,2.44
2425,2024-10-25,Bundesliga,H,0.03790426713300066,2.35,-1.0
2425,2024-10-25,La Liga,H,0.02641286057929837,3.17,-1.0
2425,2024-10-25,Ligue 1,H,0.06477512996578427,1.49,0.49
2425,2024-10-25,Premier League,A,0.04980656314246268,2.41,1.4100000000000001
2425,2024-10-25,Serie A,A,0.01686645925517094,2.93,-1.0
2425,2024-10-25,Serie A,A,0.006642170991420726,3.49,-1.0
2425,2024-10-26,Bundesliga,D,0.035293040840332246,3.96,-1.0
2425,2024-10-26,Bundesliga,H,0.10084002274028592,1.73,0.73
2425,2024-10-26,Bundesliga,D,0.018280271763814526,3.46,2.46
2425,2024-10-26,Bundesliga,H,0.04241001810291445,1.23,0.22999999999999998
2425,2024-10-26,Bundesliga,H,0.02600594826638858,5.64,-1.0
2425,2024-10-26,La Liga,H,0.009766063849117324,2.87,1.87
2425,2024-10-26,La Liga,D,0.026978293337338588,4.04,-1.0
2425,2024-10-26,La Liga,A,0.047037140652847864,2.02,1.02
2425,2024-10-26,La Liga,H,0.053109954821697114,2.26,1.2599999999999998
2425,2024-10-26,Ligue 1,A,0.06811344536732972,3.05,-1.0
2425,2024-10-26,Ligue 1,H,0.00973157984565659,2.34,-1.0
2425,2024-10-26,Ligue 1,A,0.059102888601830494,3.26,2.26
2425,2024-10-26,Premier League,D,0.014091694141135647,3.97,2.97
2425,2024-10-26,Premier League,H,0.01805175171712725,1.67,0.6699999999999999
2425,2024-10-26,Premier League,D,0.004734917467608374,4.32,3.3200000000000003
2425,2024-10-26,Premier League,H,0.019612030712252926,2.76,-1.0
2425,2024-10-26,Premier League,A,0.015651289663702078,21.04,-1.0
2425,2024-10-26,Serie A,H,0.03469229461359613,1.4,0.3999999999999999
2425,2024-10-26,Serie A,H,0.008355868858453075,1.29,0.29000000000000004
2425,2024-10-27,Bundesliga,D,0.031001393497749552,9.35,-1.0
2425,2024-10-27,Bundesliga,H,0.0833703412020223,2.29,-1.0
2425,2024-10-27,Bundesliga,A,0.030510930446773332,2.76,-1.0
2425,2024-10-27,La Liga,A,0.07431266089177235,2.37,-1.0
2425,2024-10-27,La Liga,D,0.0066692146441573175,2.93,1.9300000000000002
2425,2024-10-27,La Liga,H,0.025442546437254188,3.28,2.28
2425,2024-10-27,La Liga,H,0.05043729610116876,1.79,-1.0
2425,2024-10-27,Ligue 1,D,0.05295532072951503,4.81,3.8099999999999996
2425,2024-10-27,Ligue 1,A,0.061886902353746887,1.93,0.9299999999999999
2425,2024-10-27,Ligue 1,D,0.05461739998664844,3.61,-1.0
2425,2024-10-27,Ligue 1,H,0.07540885940888159,3.2,2.2
2425,2024-10-27,Ligue 1,A,0.03200960079652804,4.12,-1.0
2425,2024-10-27,Premier League,H,0.029854981910777845,2.49,-1.0
2425,2024-10-27,Premier League,H,0.05073916627658137,1.76,0.76
2425,2024-10-27,Premier League,D,0.0012377878811150045,3.97,-1.0
2425,2024-10-27,Premier League,D,0.046000287081482294,3.71,-1.0
2425,2024-10-27,Serie A,A,0.03637932837543373,2.83,-1.0
2425,2024-10-27,Serie A,D,0.04624897836447878,3.51,2.51
2425,2024-10-27,Serie A,D,0.015839439752906803,4.26,-1.0
2425,2024-10-27,Serie A,D,0.0500905635179581,3.23,2.23
2425,2024-10-27,Serie A,D,0.055557601326001405,3.42,2.42
2425,2024-10-28,La Liga,A,0.07570727572309155,2.64,-1.0
2425,2024-10-29,Serie A,D,0.05236994296638492,3.21,-1.0
2425,2024-10-29,Serie A,D,0.08970271777844419,3.21,-1.0
2425,2024-10-29,Serie A,D,0.05409995318053201,3.39,-1.0
2425,2024-10-30,Serie A,D,0.014234698332997536,5.53,-1.0
2425,2024-10-30,Serie A,A,0.08631898557107698,1.45,0.44999999999999996
2425,2024-10-30,Serie A,H,0.027766443496865967,1.4,-1.0
2425,2024-10-30,Serie A,D,0.055303385188460064,3.18,-1.0
2425,2024-10-31,Serie A,D,0.10075684650413058,3.34,-1.0
2425,2024-10-31,Serie A,D,0.1336277827789173,3.71,-1.0
2425,2024-10-31,Serie A,D,0.05835792880703103,3.85,-1.0
2425,2024-11-01,Bundesliga,H,0.010914090913695773,1.56,-1.0
2425,2024-11-01,La Liga,H,0.04620545566170109,2.38,1.38
2425,2024-11-01,Ligue 1,A,0.03506820741560829,3.14,-1.0
2425,2024-11-01,Ligue 1,A,0.018663760395576073,13.02,12.02
2425,2024-11-02,Bundesliga,H,0.03618947443496601,1.17,0.16999999999999993
2425,2024-11-02,Bundesliga,D,0.05312862487247122,3.77,-1.0
2425,2024-11-02,Bundesliga,H,0.01945841457129649,1.33,0.33000000000000007
2425,2024-11-02,Bundesliga,D,0.059838003744486556,3.91,-1.0
2425,2024-11-02,Bundesliga,D,0.09306939990045598,3.49,-1.0
2425,2024-11-02,Bundesliga,D,0.06000871839308791,3.83,2.83
2425,2024-11-02,La Liga,H,0.041608693099443816,1.71,0.71
2425,2024-11-02,La Liga,A,0.025596788389720376,6.02,-1.0
2425,2024-11-02,Ligue 1,A,0.07934288980696064,2.79,1.79
2425,2024-11-02,Ligue 1,H,0.02818768686035633,1.43,0.42999999999999994
2425,2024-11-02,Ligue 1,D,0.10518803996661485,3.77,-1.0
2425,2024-11-02,Premier League,H,0.02913137654195294,5.32,4.32
2425,2024-11-02,Premier League,H,0.0562164376136578,2.27,-1.0
2425,2024-11-02,Premier League,H,0.04422958438972879,1.39,0.3899999999999999
2425,2024-11-02,Premier League,A,0.11475455230911008,1.98,-1.0
2425,2024-11-02,Premier League,H,0.058768116620081245,2.15,1.15
2425,2024-11-02,Premier League,D,0.029497366717857076,3.48,-1.0
2425,2024-11-02,Premier League,D,0.06785509358809527,3.4,2.4
2425,2024-11-02,Serie A,H,0.026125571334904674,1.66,0.6599999999999999
2425,2024-11-02,Serie A,D,0.05510366711138026,3.78,-1.0
2425,2024-11-02,Serie A,A,0.026084364765577683,2.01,1.0099999999999998
2425,2024-11-03,Bundesliga,D,0.028496266649144647,3.95,2.95
2425,2024-11-03,Bundesliga,D,0.022406038094519964,3.87,-1.0
2425,2024-11-03,La Liga,H,0.036816313425235,1.93,-1.0
2425,2024-11-03,La Liga,H,0.03079212255677999,1.27,0.27
2425,2024-11-03,La Liga,H,0.007611344029194722,1.12,0.1200000000000001
2425,2024-11-03,La Liga,A,0.07126615366320271,2.64,1.6400000000000001
2425,2024-11-03,Ligue 1,A,0.0502768221597748,2.09,-1.0
2425,2024-11-03,Ligue 1,D,0.08926450707475442,3.44,-1.0
2425,2024-11-03,Ligue 1,D,0.006495488421650708,3.52,-1.0
2425,2024-11-03,Ligue 1,H,0.022900387363516517,2.07,1.0699999999999998
2425,2024-11-03,Premier League,D,0.01774026236172699,3.78,2.78
2425,2024-11-03,Premier League,H,0.006843414132919057,1.93,0.9299999999999999
2425,2024-11-03,Serie A,D,0.058271393820751374,8.01,-1.0
2425,2024-11-03,Serie A,A,0.07450382023001562,3.6,2.6
2425,2024-11-03,Serie A,D,0.07787959599533989,3.25,-1.0
2425,2024-11-03,Serie A,A,0.0440411549354206,1.81,-1.0
2425,2024-11-04,La Liga,H,0.03480913132737273,1.96,0.96
2425,2024-11-04,Premier League,A,0.04335301965717159,3.52,-1.0
2425,2024-11-04,Serie A,A,0.030729127098942877,2.72,-1.0
2425,2024-11-04,Serie A,A,0.024856280927266133,6.56,-1.0
2425,2024-11-04,Serie A,D,0.023714994449365367,3.64,-1.0
2425,2024-11-07,Serie A,A,0.026282276753340328,2.48,-1.0
2425,2024-11-08,Bundesliga,H,0.053750704106749925,2.52,-1.0
2425,2024-11-08,La Liga,H,0.03495482972546793,1.88,-1.0
2425,2024-11-08,Ligue 1,D,0.06747665556997465,5.12,-1.0
2425,2024-11-08,Serie A,D,0.08178154923028708,2.93,1.9300000000000002
2425,2024-11-09,Bundesliga,D,0.0940308231371895,6.68,5.68
2425,2024-11-09,Bundesliga,H,0.04433940519710594,3.46,2.46
2425,2024-11-09,Bundesliga,H,0.04665296331299851,1.59,-1.0
2425,2024-11-09,Bundesliga,D,0.05810686155158945,6.92,-1.0
2425,2024-11-09,Bundesliga,D,0.04160016054628407,4.3,-1.0
2425,2024-11-09,La Liga,H,0.020252433816775328,2.92,1.92
2425,2024-11-09,La Liga,D,0.034602390010499084,7.32,-1.0
2425,2024-11-09,La Liga,D,0.014419819200365197,4.14,-1.0
2425,2024-11-09,Ligue 1,A,0.018213172150663315,1.24,0.24
2425,2024-11-09,Ligue 1,H,0.05997669088099389,1.61,0.6100000000000001
2425,2024-11-09,Ligue 1,H,0.010789419776635445,3.48,-1.0
2425,2024-11-09,Premier League,D,0.007538539576375791,3.59,-1.0
2425,2024-11-09,Premier League,A,0.032380050235256475,1.75,-1.0
2425,2024-11-09,Premier League,H,0.07744062122640871,2.7,-1.0
2425,2024-11-09,Premier League,H,0.03159431676776736,1.42,0.41999999999999993
2425,2024-11-09,Premier League,D,0.03233011226142435,3.47,2.47
2425,2024-11-09,Premier League,D,0.049196966025912225,3.84,-1.0
2425,2024-11-09,Serie A,D,0.02765643905889245,4.14,3.1399999999999997
2425,2024-11-09,Serie A,D,0.014631942348631632,3.89,-1.0
2425,2024-11-09,Serie A,D,0.048792785471094446,3.43,-1.0
2425,2024-11-10,Bundesliga,D,0.04605563628152137,3.79,2.79
2425,2024-11-10,Bundesliga,H,0.022627898749578268,2.83,-1.0
2425,2024-11-10,Bundesliga,A,0.02077809056800961,3.65,2.65
2425,2024-11-10,La Liga,D,0.027471277512316872,3.54,2.54
2425,2024-11-10,La Liga,H,0.0334239977602106,2.46,-1.0
2425,2024-11-10,La Liga,A,0.11681447152251873,2.24,1.2400000000000002
2425,2024-11-10,La Liga,D,0.0608209216506331,4.1,-1.0
2425,2024-11-10,La Liga,A,0.03809281790337071,1.87,-1.0
2425,2024-11-10,Ligue 1,D,0.04868648306313439,3.27,-1.0
2425,2024-11-10,Ligue 1,D,0.05351374965800226,5.53,-1.0
2425,2024-11-10,Ligue 1,D,0.0779003339488043,3.51,-1.0
2425,2024-11-10,Ligue 1,H,0.022651657339690434,2.52,-1.0
2425,2024-11-10,Ligue 1,D,0.045772127986120736,3.38,-1.0
2425,2024-11-10,Premier League,A,0.10861316025302359,2.53,-1.0
2425,2024-11-10,Premier League,H,0.04526645003627405,1.39,0.3899999999999999
2425,2024-11-10,Premier League,H,0.031586363860029165,2.69,-1.0
2425,2024-11-10,Premier League,H,0.03139677207092473,1.26,-1.0
2425,2024-11-10,Serie A,D,0.02439276888119163,4.99,-1.0
2425,2024-11-10,Serie A,H,0.021087666185693132,1.45,0.44999999999999996
2425,2024-11-10,Serie A,D,0.04333510587428019,3.66,2.66
2425,2024-11-10,Serie A,D,0.08913535765446179,3.53,-1.0
2425,2024-11-10,Serie A,D,0.06152682508270091,3.32,-1.0
2425,2024-11-22,Bundesliga,D,0.006602333450063835,10.21,-1.0
2425,2024-11-22,La Liga,H,0.025856098344410827,1.67,0.6699999999999999
2425,2024-11-22,Ligue 1,H,0.006973064477778901,1.52,0.52
2425,2024-11-22,Ligue 1,H,0.010162051946012607,1.36,0.3600000000000001
2425,2024-11-23,Bundesliga,D,0.020230980440573587,4.2,-1.0
2425,2024-11-23,Bundesliga,H,0.054832632352497246,1.71,0.71
2425,2024-11-23,Bundesliga,D,0.009336112503413374,3.66,-1.0
2425,2024-11-23,Bundesliga,D,0.00831270865026057,7.63,-1.0
2425,2024-11-23,Bundesliga,H,0.03355784364133274,1.31,0.31000000000000005
2425,2024-11-23,Bundesliga,H,0.04915933324345256,2.32,1.3199999999999998
2425,2024-11-23,La Liga,H,0.04435844424833413,1.36,0.3600000000000001
2425,2024-11-23,La Liga,D,0.0928596747701661,4.44,3.4400000000000004
2425,2024-11-23,La Liga,H,0.02648898862788507,1.67,0.6699999999999999
2425,2024-11-23,La Liga,D,0.004453914697225003,2.94,-1.0
2425,2024-11-23,La Liga,H,0.04970299576041032,2.97,1.9700000000000002
2425,2024-11-23,Ligue 1,D,0.027934927636503737,3.5,-1.0
2425,2024-11-23,Ligue 1,A,0.07173787903045031,2.39,-1.0
2425,2024-11-23,Ligue 1,D,0.03764768206578778,3.48,-1.0
2425,2024-11-23,Premier League,H,0.04829697968154234,1.37,0.3700000000000001
2425,2024-11-23,Premier League,H,0.045884301127084415,1.63,-1.0
2425,2024-11-23,Premier League,H,0.07896882639557556,2.41,-1.0
2425,2024-11-23,Premier League,H,0.04967449345788777,2.46,-1.0
2425,2024-11-23,Premier League,A,0.009741787844906535,5.23,4.23
2425,2024-11-23,Premier League,H,0.029435779259603584,6.75,-1.0
2425,2024-11-23,Premier League,H,0.025612384978663805,1.49,-1.0
2425,2024-11-23,Serie A,D,0.018944988757417236,3.27,2.27
2425,2024-11-23,Serie A,A,0.03929854270971933,1.64,0.6399999999999999
2425,2024-11-23,Serie A,A,0.03303248389134028,1.38,0.3799999999999999
2425,2024-11-24,Bundesliga,D,0.057162737489923676,3.49,-1.0
2425,2024-11-24,Bundesliga,D,0.023358139073293094,3.77,-1.0
2425,2024-11-24,La Liga,A,0.04533144406740175,3.65,-1.0
2425,2024-11-24,La Liga,A,0.02925267624915795,1.4,0.3999999999999999
2425,2024-11-24,La Liga,A,0.030472036206004527,2.7,-1.0
2425,2024-11-24,La Liga,H,0.027383910413434187,2.32,1.3199999999999998
2425,2024-11-24,Ligue 1,A,0.05136579387563464,4.36,-1.0
2425,2024-11-24,Ligue 1,A,0.03087879318067091,4.03,-1.0
2425,2024-11-24,Ligue 1,D,0.012705187531729945,3.31,-1.0
2425,2024-11-24,Ligue 1,H,0.03373049983634435,1.81,0.81
2425,2024-11-24,Premier League,A,0.015873798300398034,1.63,-1.0
2425,2024-11-24,Premier League,H,0.024855858093317,10.4,-1.0
2425,2024-11-24,Serie A,D,0.08582938685490515,3.23,-1.0
2425,2024-11-24,Serie A,D,0.03330597356092457,3.17,2.17
2425,2024-11-24,Serie A,D,0.01624350734918556,3.42,-1.0
2425,2024-11-24,Serie A,A,0.02825358484241472,4.98,-1.0
2425,2024-11-24,Serie A,D,0.06390509059211102,3.03,2.03
2425,2024-11-25,Premier League,H,0.03354108022781099,1.5,-1.0
2425,2024-11-25,Serie A,D,0.028712620483940132,2.86,1.8599999999999999
2425,2024-11-25,Serie A,D,0.044004447725180584,3.27,-1.0
2425,2024-11-29,Bundesliga,H,0.0695112230789684,1.71,0.71
2425,2024-11-29,La Liga,A,0.019609713131450518,4.67,-1.0
2425,2024-11-29,Ligue 1,A,0.11227371148965071,2.34,1.3399999999999999
2425,2024-11-29,Premier League,D,0.010467650947825174,5.29,4.29
2425,2024-11-29,Serie A,D,0.04467165793787525,3.45,-1.0
2425,2024-11-30,Bundesliga,H,0.03011079168505315,1.73,0.73
2425,2024-11-30,Bundesliga,D,0.11330804770661604,4.32,3.3200000000000003
2425,2024-11-30,Bundesliga,D,0.03586188733253476,3.75,-1.0
2425,2024-11-30,Bundesliga,H,0.08348263577326842,1.69,-1.0
2425,2024-11-30,Bundesliga,A,0.03195779167191226,1.76,0.76
2425,2024-11-30,Bundesliga,D,0.03528689513746791,3.75,2.75
2425,2024-11-30,La Liga,D,0.07786882640334242,3.27,2.27
2425,2024-11-30,La Liga,H,0.01181957949249024,1.16,-1.0
2425,2024-11-30,La Liga,D,0.05659563149123925,3.33,-1.0
2425,2024-11-30,La Liga,H,0.01193314407436541,6.33,-1.0
2425,2024-11-30,Ligue 1,H,0.013394535922486461,2.23,1.23
2425,2024-11-30,Ligue 1,A,0.015542987545171832,12.18,-1.0
2425,2024-11-30,Ligue 1,D,0.07623289830010613,4.56,-1.0
2425,2024-11-30,Premier League,H,0.022661426628977854,1.66,0.6599999999999999
2425,2024-11-30,Premier League,D,0.008212350996222473,3.56,2.56
2425,2024-11-30,Premier League,H,0.03202647413856763,1.75,0.75
2425,2024-11-30,Premier League,A,0.08598418177359157,1.46,0.45999999999999996
2425,2024-11-30,Premier League,H,0.005382794717610662,2.81,-1.0
2425,2024-11-30,Serie A,D,0.060482347411373316,3.89,-1.0
2425,2024-11-30,Serie A,D,0.0453380403327559,3.29,2.29
2425,2024-11-30,Serie A,H,0.05089869802015001,1.37,0.3700000000000001
2425,2024-12-01,Bundesliga,D,0.011835353248074554,3.69,-1.0
2425,2024-12-01,Bundesliga,D,0.009212085933172243,3.61,-1.0
2425,2024-12-01,La Liga,A,0.02035901357509637,9.5,-1.0
2425,2024-12-01,La Liga,H,0.061443789927334125,1.79,0.79
2425,2024-12-01,La Liga,A,0.01521894945408675,2.69,1.69
2425,2024-12-01,La Liga,A,0.04605506718921068,4.0,-1.0
2425,2024-12-01,Ligue 1,A,0.035595427219942244,3.34,2.34
2425,2024-12-01,Ligue 1,H,0.03838664477286852,1.94,0.94
2425,2024-12-01,Ligue 1,A,0.03578978082150286,2.58,-1.0
2425,2024-12-01,Ligue 1,D,0.029224657858078262,3.69,2.69
2425,2024-12-01,Ligue 1,D,0.0975230412392297,3.86,-1.0
2425,2024-12-01,Premier League,H,0.03495483581570702,1.71,0.71
2425,2024-12-01,Premier League,H,0.047306700649955014,2.09,1.0899999999999999
2425,2024-12-01,Premier League,H,0.016342579017214587,1.54,0.54
2425,2024-12-01,Premier League,H,0.08240841991273273,1.72,-1.0
2425,2024-12-01,Serie A,A,0.07698148976657804,1.7,-1.0
2425,2024-12-01,Serie A,D,0.09685272011863683,3.87,-1.0
2425,2024-12-01,Serie A,H,0.022377464498389538,4.91,-1.0
2425,2024-12-01,Serie A,A,0.03817353017274133,3.98,2.98
2425,2024-12-02,La Liga,D,0.04189726104571112,3.36,2.36
2425,2024-12-02,Serie A,D,0.09873851476115397,3.46,-1.0
2425,2024-12-03,La Liga,A,0.046149435625079005,1.53,0.53
2425,2024-12-03,Premier League,H,0.03544169508834849,3.09,-1.0
2425,2024-12-03,Premier League,D,0.005721293402537075,3.44,-1.0
2425,2024-12-04,La Liga,H,0.006276474761916895,3.14,2.14
2425,2024-12-04,Premier League,H,0.04685273462524919,1.46,0.45999999999999996
2425,2024-12-04,Premier League,H,0.03704552346350265,1.8,0.8
2425,2024-12-04,Premier League,H,0.031029001852669158,2.14,1.1400000000000001
2425,2024-12-04,Premier League,D,0.038945262807305286,5.21,-1.0
2425,2024-12-04,Premier League,A,0.03839118885419668,1.78,-1.0
2425,2024-12-04,Premier League,H,0.015576965355130826,8.39,-1.0
2425,2024-12-05,Premier League,D,0.03548336950142511,3.92,-1.0
2425,2024-12-05,Premier League,H,0.016994773889699444,2.33,1.33
2425,2024-12-06,Bundesliga,H,0.06759460765726466,1.83,0.8300000000000001
2425,2024-12-06,La Liga,H,0.05335596508426699,1.89,0.8899999999999999
2425,2024-12-06,Ligue 1,A,0.04260515541843157,1.31,-1.0
2425,2024-12-06,Ligue 1,H,0.00623971533197043,1.67,0.6699999999999999
2425,2024-12-06,Serie A,D,0.01575330518419088,3.48,-1.0
2425,2024-12-06,Serie A,D,0.028697157023947456,7.93,-1.0
2425,2024-12-07,Bundesliga,D,0.003912275260223155,12.51,-1.0
2425,2024-12-07,Bundesliga,D,0.10260764924426358,3.62,-1.0
2425,2024-12-07,Bundesliga,H,0.030096382106837738,1.55,-1.0
2425,2024-12-07,Bundesliga,A,0.05238638498583936,1.59,0.5900000000000001
2425,2024-12-07,Bundesliga,D,0.007433279720111319,6.57,-1.0
2425,2024-12-07,Bundesliga,D,0.0199813431851463,3.89,2.89
2425,2024-12-07,La Liga,D,0.013667789364342042,4.5,3.5
2425,2024-12-07,La Liga,A,0.025173679224638534,1.73,0.73
2425,2024-12-07,La Liga,H,0.018782967557830155,1.8,0.8
2425,2024-12-07,La Liga,H,0.046276153420024724,2.25,-1.0
2425,2024-12-07,Ligue 1,A,0.0823048409795808,1.67,0.6699999999999999
2425,2024-12-07,Ligue 1,D,0.05016854937037982,3.97,-1.0
2425,2024-12-07,Ligue 1,D,0.02229927964988218,3.92,-1.0
2425,2024-12-07,Premier League,H,0.02746037175239413,1.37,0.3700000000000001
2425,2024-12-07,Premier League,A,0.06972589373312643,2.36,-1.0
2425,2024-12-07,Premier League,A,0.02798767178977757,1.6,-1.0
2425,2024-12-07,Premier League,H,0.06393266799557407,1.67,-1.0
2425,2024-12-07,Serie A,D,0.03431411885589286,3.07,2.07
2425,2024-12-07,Serie A,D,0.03933971694922328,3.6,2.6
2425,2024-12-07,Serie A,D,0.0395358483560804,4.03,-1.0
2425,2024-12-08,Bundesliga,D,0.04224333134417518,3.47,2.47
2425,2024-12-08,Bundesliga,H,0.024025410667821934,2.15,1.15
2425,2024-12-08,La Liga,A,0.022294776754642365,3.72,-1.0
2425,2024-12-08,La Liga,H,0.012119288030899122,1.38,0.3799999999999999
2425,2024-12-08,La Liga,A,0.07114014738269325,1.94,0.94
2425,2024-12-08,La Liga,D,0.03423918719841562,3.35,2.35
2425,2024-12-08,Ligue 1,D,0.05581137530176791,5.15,-1.0
2425,2024-12-08,Ligue 1,D,0.05396863149931419,3.16,-1.0
2425,2024-12-08,Ligue 1,D,0.02207851512233336,4.03,-1.0
2425,2024-12-08,Ligue 1,D,0.03673942820813769,3.46,2.46
2425,2024-12-08,Premier League,A,0.1118548141679685,1.61,-1.0
2425,2024-12-08,Premier League,H,0.025846519516795063,3.57,-1.0
2425,2024-12-08,Premier League,A,0.04399171874931196,1.75,-1.0
2425,2024-12-08,Premier League,H,0.020487929976623742,3.21,-1.0
2425,2024-12-08,Serie A,D,0.021574325495111957,4.45,-1.0
2425,2024-12-08,Serie A,D,0.06480670845932118,3.47,-1.0
2425,2024-12-08,Serie A,A,0.027423297983677875,2.6,-1.0
2425,2024-12-08,Serie A,D,0.09200563207903134,2.84,-1.0
2425,2024-12-09,La Liga,H,0.041041940392842036,1.8,0.8
2425,2024-12-09,Premier League,D,0.06927559768560179,3.85,-1.0
2425,2024-12-09,Serie A,A,0.017766015127854695,2.85,1.85
2425,2024-12-13,Bundesliga,H,0.028430270550691528,2.22,1.2200000000000002
2425,2024-12-13,La Liga,A,0.043611898000655014,2.44,-1.0
2425,2024-12-13,Ligue 1,D,0.06056177599691798,4.92,-1.0
2425,2024-12-13,Serie A,D,0.033329693549447814,2.86,-1.0
2425,2024-12-14,Bundesliga,A,0.02829224700002242,1.59,0.5900000000000001
2425,2024-12-14,Bundesliga,H,0.03596548471559036,1.44,0.43999999999999995
2425,2024-12-14,Bundesliga,H,0.014940638389056599,6.54,5.54
2425,2024-12-14,Bundesliga,H,0.017956280847984063,2.64,-1.0
2425,2024-12-14,Bundesliga,A,0.013456096999246187,6.09,5.09
2425,2024-12-14,La Liga,D,0.023407827255393643,3.14,2.14
2425,2024-12-14,La Liga,D,0.04631723639581481,3.05,-1.0
2425,2024-12-14,La Liga,D,0.026938424098012004,3.31,-1.0
2425,2024-12-14,La Liga,D,0.023093414469285145,4.01,3.01
2425,2024-12-14,Ligue 1,A,0.10197267499484791,1.96,-1.0
2425,2024-12-14,Ligue 1,A,0.004161380975249096,3.34,-1.0
2425,2024-12-14,Ligue 1,A,0.020302594801768048,2.02,-1.0
2425,2024-12-14,Premier League,D,0.010694314431242857,6.33,5.33
2425,2024-12-14,Premier League,H,0.04335233399805882,1.32,-1.0
2425,2024-12-14,Premier League,D,0.02477561135044351,5.83,-1.0
2425,2024-12-14,Premier League,D,0.0330224985162198,3.39,-1.0
2425,2024-12-14,Premier League,D,0.0538577991634063,3.83,-1.0
2425,2024-12-14,Serie A,D,0.02899198963323882,4.36,-1.0
2425,2024-12-14,Serie A,D,0.03808178745940943,5.09,4.09
2425,2024-12-14,Serie A,A,0.08054778353901526,1.76,0.76
2425,2024-12-15,Bundesliga,H,0.011840915702834964,1.44,-1.0
2425,2024-12-15,Bundesliga,D,0.07378706994427128,3.89,-1.0
2425,2024-12-15,Bundesliga,D,0.07289356123377272,3.86,-1.0
2425,2024-12-15,La Liga,D,0.030200487978987445,3.15,2.15
2425,2024-12-15,La Liga,D,0.0173190411107281,4.3,-1.0
2425,2024-12-15,La Liga,D,0.013970139223861658,8.85,-1.0
2425,2024-12-15,La Liga,H,0.022311524816437167,1.42,-1.0
2425,2024-12-15,La Liga,A,0.011587678290119807,4.3,3.3
2425,2024-12-15,Ligue 1,A,0.031830835048635264,3.67,-1.0
2425,2024-12-15,Ligue 1,D,0.06058189578658024,3.21,-1.0
2425,2024-12-15,Ligue 1,D,0.033231210385124554,3.5,2.5
2425,2024-12-15,Ligue 1,H,0.015463985727084961,1.4,0.3999999999999999
2425,2024-12-15,Ligue 1,D,0.0267233829971395,3.93,-1.0
2425,2024-12-15,Premier League,A,0.018772463587108296,3.9,2.9
2425,2024-12-15,Premier League,H,0.01643497768276614,1.33,0.33000000000000007
2425,2024-12-15,Premier League,D,0.07434727909198077,4.59,-1.0
2425,2024-12-15,Premier League,A,0.03158817206101061,1.69,0.69
2425,2024-12-15,Serie A,D,0.04704731389143252,3.11,-1.0
2425,2024-12-15,Serie A,A,0.0835934086333715,2.24,-1.0
2425,2024-12-15,Serie A,A,0.03943511028067659,3.08,-1.0
2425,2024-12-15,Serie A,D,0.05075281741364368,5.08,4.08
2425,2024-12-15,Serie A,D,0.0504287095484135,3.64,-1.0
2425,2024-12-16,Premier League,A,0.009808655333974903,4.43,-1.0
2425,2024-12-16,Serie A,A,0.07983748214585967,2.12,1.12
2425,2024-12-18,La Liga,A,0.022897808783018614,3.02,-1.0
2425,2024-12-18,La Liga,H,0.012582241444351716,1.83,-1.0
2425,2024-12-18,Ligue 1,A,0.05739887155535328,1.89,0.8899999999999999
2425,2024-12-20,Bundesliga,H,0.03972802513197626,1.22,0.21999999999999997
2425,2024-12-20,La Liga,H,0.01003143338678214,1.39,0.3899999999999999
2425,2024-12-20,Serie A,D,0.05056420957828445,4.1,-1.0
2425,2024-12-21,Bundesliga,D,0.03503764084098421,3.95,-1.0
2425,2024-12-21,Bundesliga,D,0.03856182369887462,3.69,-1.0
2425,2024-12-21,Bundesliga,D,0.09879432821518913,3.31,-1.0
2425,2024-12-21,Bundesliga,H,0.01975568682033768,1.38,0.3799999999999999
2425,2024-12-21,Bundesliga,D,0.01691040730758797,4.64,-1.0
2425,2024-12-21,Bundesliga,A,0.027333403624378083,3.64,-1.0
2425,2024-12-21,La Liga,H,0.031389082392717094,1.89,-1.0
2425,2024-12-21,La Liga,D,0.024673759522435723,3.11,-1.0
2425,2024-12-21,La Liga,H,0.07174409674798465,2.31,-1.0
2425,2024-12-21,La Liga,A,0.019902389062585457,2.12,1.12
2425,2024-12-21,Premier League,A,0.01547773569001537,2.12,-1.0
2425,2024-12-21,Premier League,H,0.01701483727058717,2.35,-1.0
2425,2024-12-21,Premier League,A,0.09631888513007392,1.57,0.5700000000000001
2425,2024-12-21,Premier League,A,0.11597649765010054,1.74,0.74
2425,2024-12-21,Premier League,A,0.025991922264959166,2.38,-1.0
2425,2024-12-21,Serie A,A,0.09133151381655591,1.7,0.7
2425,2024-12-21,Serie A,A,0.033315889460196924,1.75,0.75
2425,2024-12-21,Serie A,D,0.0662674028928033,2.9,-1.0
2425,2024-12-22,Bundesliga,H,0.02521450787429541,2.32,1.3199999999999998
2425,2024-12-22,Bundesliga,A,0.07592154630606873,2.23,1.23
2425,2024-12-22,La Liga,A,0.03233397253230996,4.69,-1.0
2425,2024-12-22,La Liga,A,0.02741120078482509,4.45,-1.0
2425,2024-12-22,La Liga,A,0.09620469652627983,1.94,0.94
2425,2024-12-22,La Liga,D,0.021802619660781702,5.53,-1.0
2425,2024-12-22,La Liga,D,0.002878377997171222,3.04,2.04
2425,2024-12-22,Premier League,A,0.022416364627320995,1.63,-1.0
2425,2024-12-22,Premier League,H,0.03462905796835358,1.42,-1.0
2425,2024-12-22,Premier League,D,0.03616374173904585,3.56,-1.0
2425,2024-12-22,Premier League,H,0.08279848168703319,1.85,-1.0
2425,2024-12-22,Premier League,A,0.07745808007780242,1.72,0.72
2425,2024-12-22,Serie A,A,0.03151350007361815,10.84,-1.0
2425,2024-12-22,Serie A,A,0.06723702505754192,1.66,0.6599999999999999
2425,2024-12-22,Serie A,D,0.051507916122972786,4.31,-1.0
2425,2024-12-22,Serie A,D,0.08083154335215803,3.31,-1.0
2425,2024-12-23,Serie A,A,0.005914844840780226,5.64,4.64
2425,2024-12-23,Serie A,A,0.021964282462207066,12.33,-1.0
2425,2024-12-26,Premier League,H,0.023195990757941765,1.9,-1.0
2425,2024-12-26,Premier League,H,0.03806460547149593,1.47,-1.0
2425,2024-12-26,Premier League,D,0.03416702372594452,12.4,-1.0
2425,2024-12-26,Premier League,D,0.05281574466191158,5.46,4.46
2425,2024-12-26,Premier League,D,0.04018178989935345,3.91,-1.0
2425,2024-12-26,Premier League,A,0.06960258877817405,2.82,-1.0
2425,2024-12-26,Premier League,A,0.05825516930090058,2.18,1.1800000000000002
2425,2024-12-26,Premier League,A,0.07156777813123272,1.94,-1.0
2425,2024-12-27,Premier League,H,0.02055965946170424,1.16,0.15999999999999992
2425,2024-12-27,Premier League,H,0.043666102664986606,1.64,-1.0
2425,2024-12-28,Serie A,A,0.021203355693632964,1.44,0.43999999999999995
2425,2024-12-28,Serie A,D,0.047055264552775256,2.9,-1.0
2425,2024-12-28,Serie A,D,0.04527647296524778,3.37,2.37
2425,2024-12-28,Serie A,D,0.06755512627181942,3.47,-1.0
2425,2024-12-29,Premier League,H,0.004131059506582768,1.61,0.6100000000000001
2425,2024-12-29,Premier League,H,0.03603973783518982,2.64,-1.0
2425,2024-12-29,Premier League,D,0.015416473259493857,3.58,2.58
2425,2024-12-29,Premier League,A,0.0361268711604118,1.34,0.3400000000000001
2425,2024-12-29,Premier League,D,0.08007732765478628,4.77,3.7699999999999996
2425,2024-12-29,Premier League,A,0.1268286086264223,1.4,0.3999999999999999
2425,2024-12-29,Serie A,D,0.01972182136587458,3.4,2.4
2425,2024-12-29,Serie A,A,0.07219924564168345,3.21,-1.0
2425,2024-12-29,Serie A,D,0.050987641437218345,5.84,-1.0
2425,2024-12-29,Serie A,D,0.05060319115727274,3.12,2.12
2425,2024-12-30,Premier League,D,0.025866196729156743,3.86,2.86
2425,2024-12-30,Premier League,A,0.0658621876198141,1.41,-1.0
2425,2024-12-30,Premier League,D,0.09542184080163674,3.61,-1.0
2425,2024-12-30,Serie A,D,0.033664264177989595,4.15,-1.0
2425,2024-12-30,Serie A,D,0.049389255665242715,3.7,-1.0
2425,2025-01-01,Premier League,A,0.08803926916786631,1.44,0.43999999999999995
2425,2025-01-03,La Liga,A,0.040890126535378046,1.44,0.43999999999999995
2425,2025-01-03,Ligue 1,A,0.12225051188385433,3.39,-1.0
2425,2025-01-04,Ligue 1,A,0.04161397895595545,6.35,-1.0
2425,2025-01-04,Ligue 1,D,0.03205110149857207,5.49,-1.0
2425,2025-01-04,Ligue 1,D,0.03265334388901375,3.36,-1.0
2425,2025-01-04,Premier League,D,0.03521579363383137,5.51,-1.0
2425,2025-01-04,Premier League,A,0.039070752572573864,4.71,-1.0
2425,2025-01-04,Premier League,A,0.016350763363217724,1.8,-1.0
2425,2025-01-04,Premier League,A,0.056662042075089736,1.95,-1.0
2425,2025-01-04,Premier League,H,0.03514336765332249,1.31,0.31000000000000005
2425,2025-01-04,Premier League,D,0.04112201596511417,3.54,-1.0
2425,2025-01-04,Premier League,D,0.10176234264883902,3.94,-1.0
2425,2025-01-04,Serie A,A,0.06219890493486929,2.53,1.5299999999999998
2425,2025-01-04,Serie A,D,0.08311753676658862,3.14,2.14
2425,2025-01-04,Serie A,D,0.06141185400243476,3.02,2.02
2425,2025-01-05,Ligue 1,A,0.07811635473518219,2.31,-1.0
2425,2025-01-05,Ligue 1,D,0.04849970259969694,3.48,-1.0
2425,2025-01-05,Ligue 1,D,0.048649974899213244,5.48,-1.0
2425,2025-01-05,Ligue 1,D,0.07513717067979081,3.72,-1.0
2425,2025-01-05,Premier League,H,0.026942723877959485,1.56,-1.0
2425,2025-01-05,Premier League,H,0.01798898103882174,1.29,-1.0
2425,2025-01-05,Serie A,A,0.054288432607268455,2.93,-1.0
2425,2025-01-05,Serie A,D,0.08423832991919694,3.22,-1.0
2425,2025-01-05,Serie A,H,0.042338658540717,2.52,1.52
2425,2025-01-05,Serie A,D,0.05172647199263608,3.5,2.5
2425,2025-01-06,Premier League,A,0.08326617200855307,2.33,1.33
2425,2025-01-10,Bundesliga,A,0.017687563396632355,2.43,1.4300000000000002
2425,2025-01-10,La Liga,A,0.055475604552635616,2.74,-1.0
2425,2025-01-10,Ligue 1,A,0.09676205289949547,1.76,-1.0
2425,2025-01-10,Ligue 1,A,0.06343555185997662,1.74,-1.0
2425,2025-01-10,Serie A,D,0.07020887850044943,3.47,2.47
2425,2025-01-11,Bundesliga,D,0.06600382772320398,4.98,-1.0
2425,2025-01-11,Bundesliga,D,0.07944099822364048,3.26,-1.0
2425,2025-01-11,Bundesliga,D,0.01594054694603053,3.45,-1.0
2425,2025-01-11,Bundesliga,A,0.08398863853327543,1.4,0.3999999999999999
2425,2025-01-11,Bundesliga,D,0.04375468552752987,4.28,-1.0
2425,2025-01-11,Bundesliga,D,0.050022149085938605,3.47,-1.0
2425,2025-01-11,La Liga,D,0.0499302096138865,3.13,-1.0
2425,2025-01-11,La Liga,H,0.02518020940281457,2.09,-1.0
2425,2025-01-11,La Liga,D,0.028591421519193583,3.42,2.42
2425,2025-01-11,La Liga,A,0.07109523337290213,1.85,-1.0
2425,2025-01-11,Ligue 1,D,0.03240416469243329,3.55,-1.0
2425,2025-01-11,Ligue 1,H,0.03229507023273154,2.64,-1.0
2425,2025-01-11,Ligue 1,D,0.006804914831919584,3.3,-1.0
2425,2025-01-11,Serie A,D,0.033953118256754344,3.12,-1.0
2425,2025-01-11,Serie A,D,0.031811041330825324,5.31,4.31
2425,2025-01-11,Serie A,A,0.025220590383513986,1.87,-1.0
2425,2025-01-11,Serie A,A,0.045179479608994266,1.65,-1.0
2425,2025-01-12,Bundesliga,D,0.03882376638151658,3.65,-1.0
2425,2025-01-12,Bundesliga,D,0.08714779053288557,4.11,-1.0
2425,2025-01-12,La Liga,A,0.02355462341347407,10.29,-1.0
2425,2025-01-12,La Liga,A,0.08722273788026208,3.24,2.24
2425,2025-01-12,Ligue 1,A,0.07010781997116755,1.65,0.6499999999999999
2425,2025-01-12,Ligue 1,D,0.05450395019331544,3.46,-1.0
2425,2025-01-12,Ligue 1,D,0.030614147966736213,11.39,-1.0
2425,2025-01-12,Ligue 1,D,0.07866446123706444,3.82,-1.0
2425,2025-01-12,Serie A,A,0.11891472182690238,2.61,-1.0
2425,2025-01-12,Serie A,A,0.025489848317058222,3.81,-1.0
2425,2025-01-12,Serie A,D,0.04109827309151182,6.06,-1.0
2425,2025-01-12,Serie A,D,0.025438239957630948,5.73,-1.0
2425,2025-01-13,La Liga,A,0.02098210101460779,4.0,-1.0
2425,2025-01-13,Serie A,A,0.05611075641735719,1.87,-1.0
2425,2025-01-14,Bundesliga,H,0.021766914253196656,1.71,0.71
2425,2025-01-14,Bundesliga,A,0.025046095069671037,1.55,-1.0
2425,2025-01-14,Bundesliga,H,0.04625398189507224,1.37,0.3700000000000001
2425,2025-01-14,Bundesliga,H,0.022334116522173375,1.96,0.96
2425,2025-01-14,Premier League,A,0.10338761144843678,1.64,-1.0
2425,2025-01-14,Premier League,H,0.05280096961726066,1.5,-1.0
2425,2025-01-14,Premier League,A,0.06901914203851689,1.64,-1.0
2425,2025-01-14,Premier League,D,0.013957293103970314,3.43,-1.0
2425,2025-01-14,Serie A,A,0.06963011707557226,3.81,-1.0
2425,2025-01-14,Serie A,A,0.03785864385565968,1.93,0.9299999999999999
2425,2025-01-15,Bundesliga,H,0.009405343456168502,1.12,0.1200000000000001
2425,2025-01-15,Bundesliga,D,0.03453321533521514,3.27,-1.0
2425,2025-01-15,Bundesliga,H,0.02839247915628268,2.01,1.0099999999999998
2425,2025-01-15,Bundesliga,D,0.051867464126813645,3.51,-1.0
2425,2025-01-15,Bundesliga,D,0.028727142711961834,4.26,3.26
2425,2025-01-15,Premier League,H,0.021233654605662622,1.4,0.3999999999999999
2425,2025-01-15,Premier League,H,0.035250110170441995,3.2,-1.0
2425,2025-01-15,Premier League,D,0.010206726704934055,3.73,-1.0
2425,2025-01-15,Premier League,H,0.02110800793833334,1.35,0.3500000000000001
2425,2025-01-15,Serie A,A,0.011436995975982106,6.85,-1.0
2425,2025-01-16,Premier League,A,0.06508930850710887,1.94,0.94
2425,2025-01-16,Premier League,H,0.019228159897102026,1.3,0.30000000000000004
2425,2025-01-17,Bundesliga,A,0.06990387272449788,2.65,-1.0
2425,2025-01-17,La Liga,H,0.07266100216261617,1.81,0.81
2425,2025-01-17,Ligue 1,H,0.03727226292280911,2.05,1.0499999999999998
2425,2025-01-17,Ligue 1,A,0.05614450279530714,1.57,-1.0
2425,2025-01-17,Serie A,H,0.02407242820993538,1.49,0.49
2425,2025-01-18,Bundesliga,H,0.036729252676387714,1.17,0.16999999999999993
2425,2025-01-18,Bundesliga,D,0.034373733360103964,3.7,2.7
2425,2025-01-18,Bundesliga,D,0.06840382429375591,3.47,-1.0
2425,2025-01-18,Bundesliga,A,0.05973840820768628,2.35,1.35
2425,2025-01-18,Bundesliga,H,0.01750965442793495,1.27,0.27
2425,2025-01-18,Bundesliga,H,0.023898216290617058,1.66,0.6599999999999999
2425,2025-01-18,La Liga,D,0.008407289455128253,3.68,-1.0
2425,2025-01-18,La Liga,A,0.020310165519082712,1.5,-1.0
2425,2025-01-18,La Liga,A,0.03949168491184113,3.96,2.96
2425,2025-01-18,La Liga,A,0.024518778353685766,1.5,-1.0
2425,2025-01-18,Ligue 1,A,0.053192054987553083,1.72,0.72
2425,2025-01-18,Ligue 1,A,0.011970895800726439,3.96,-1.0
2425,2025-01-18,Ligue 1,D,0.037796882381215424,3.36,-1.0
2425,2025-01-18,Premier League,H,0.036232229123729476,1.51,-1.0
2425,2025-01-18,Premier League,A,0.0719191193719304,1.43,0.42999999999999994
2425,2025-01-18,Premier League,D,0.01608058429625997,3.81,-1.0
2425,2025-01-18,Premier League,H,0.05350489954784332,1.64,-1.0
2425,2025-01-18,Premier League,A,0.03437610758069909,2.69,1.69
2425,2025-01-18,Serie A,A,0.035736118641678916,3.21,2.21
2425,2025-01-18,Serie A,D,0.032670537254260945,3.88,-1.0
2425,2025-01-18,Serie A,A,0.04138656154538245,3.47,-1.0
2425,2025-01-19,Bundesliga,D,0.09547088407246074,3.18,-1.0
2425,2025-01-19,Bundesliga,D,0.014780402368112344,3.72,-1.0
2425,2025-01-19,La Liga,H,0.03600042158210309,2.83,-1.0
2425,2025-01-19,La Liga,A,0.01988331996510273,3.68,-1.0
2425,2025-01-19,La Liga,D,0.02392590662558708,8.44,-1.0
2425,2025-01-19,La Liga,A,0.010202986787840651,2.51,-1.0
2425,2025-01-19,Ligue 1,D,0.0393143468199364,3.25,-1.0
2425,2025-01-19,Ligue 1,D,0.041360153363865976,4.32,3.3200000000000003
2425,2025-01-19,Ligue 1,D,0.0385517203276782,3.9,2.9
2425,2025-01-19,Ligue 1,A,0.03485346751058993,2.88,-1.0
2425,2025-01-19,Premier League,H,0.09458793216044825,2.91,1.9100000000000001
2425,2025-01-19,Premier League,A,0.07133098946290994,1.36,0.3600000000000001
2425,2025-01-19,Premier League,D,0.02274608563514935,3.71,-1.0
2425,2025-01-19,Premier League,H,0.0219322066580111,1.39,0.3899999999999999
2425,2025-01-19,Serie A,D,0.07956386915024943,3.44,-1.0
2425,2025-01-19,Serie A,A,0.03769454661343766,5.34,-1.0
2425,2025-01-19,Serie A,A,0.013842423424674219,12.56,-1.0
2425,2025-01-19,Serie A,D,0.09396290857833661,3.56,2.56
2425,2025-01-19,Serie A,A,0.13526342025514682,1.77,0.77
2425,2025-01-20,La Liga,H,0.08637051787293315,1.73,0.73
2425,2025-01-20,Premier League,D,0.03093938464638421,5.51,-1.0
2425,2025-01-20,Serie A,D,0.046006566278673056,3.36,-1.0
2425,2025-01-24,Bundesliga,D,0.012177268672939001,4.96,3.96
2425,2025-01-24,La Liga,A,0.0657744602117662,3.04,-1.0
2425,2025-01-24,Ligue 1,D,0.019952543375773957,3.66,2.66
2425,2025-01-24,Serie A,D,0.03125498482820427,3.13,-1.0
2425,2025-01-25,Bundesliga,D,0.055574370375577664,3.62,-1.0
2425,2025-01-25,Bundesliga,D,0.026270151235058575,4.39,3.3899999999999997
2425,2025-01-25,Bundesliga,A,0.032565495398600985,1.32,0.32000000000000006
2425,2025-01-25,Bundesliga,D,0.057070287458115515,4.08,-1.0
2425,2025-01-25,Bundesliga,A,0.03884317919137825,2.44,-1.0
2425,2025-01-25,Bundesliga,D,0.04215415852184487,3.95,2.95
2425,2025-01-25,La Liga,D,0.04158932269673957,4.09,3.09
2425,2025-01-25,La Liga,D,0.049364422223351134,3.05,-1.0
2425,2025-01-25,La Liga,D,0.044010329638082435,3.75,2.75
2425,2025-01-25,La Liga,A,0.019308648050140986,1.25,0.25
2425,2025-01-25,Ligue 1,D,0.046197482631640835,3.94,-1.0
2425,2025-01-25,Ligue 1,A,0.022776644751657527,10.49,-1.0
2425,2025-01-25,Ligue 1,A,0.034976661518031305,2.5,-1.0
2425,2025-01-25,Premier League,H,0.015177874249120649,2.09,1.0899999999999999
2425,2025-01-25,Premier League,H,0.03296296301952628,1.67,-1.0
2425,2025-01-25,Premier League,A,0.01394814180529591,20.87,-1.0
2425,2025-01-25,Premier League,H,0.06983222172767645,2.03,1.0299999999999998
2425,2025-01-25,Premier League,D,0.051625637372970545,5.09,-1.0
2425,2025-01-25,Premier League,H,0.03118182563273489,6.85,-1.0
2425,2025-01-25,Serie A,A,0.10198812279936864,1.87,0.8700000000000001
2425,2025-01-25,Serie A,A,0.041694577817070366,2.08,-1.0
2425,2025-01-25,Serie A,A,0.06344126636974609,3.82,-1.0
2425,2025-01-26,Bundesliga,D,0.045272666077905255,3.59,2.59
2425,2025-01-26,Bundesliga,A,0.00725606641994786,3.01,-1.0
2425,2025-01-26,La Liga,H,0.029036374591831282,1.38,-1.0
2425,2025-01-26,La Liga,H,0.00876041964621721,1.2,0.19999999999999996
2425,2025-01-26,La Liga,H,0.00997685198581355,1.76,-1.0
2425,2025-01-26,La Liga,A,0.01362906226514815,2.82,-1.0
2425,2025-01-26,Ligue 1,D,0.0486866788686669,3.11,-1.0
2425,2025-01-26,Ligue 1,D,0.029383799052211168,4.55,-1.0
2425,2025-01-26,Ligue 1,D,0.06180614277889446,3.51,2.51
2425,2025-01-26,Ligue 1,A,0.13567910922603366,2.4,-1.0
2425,2025-01-26,Ligue 1,D,0.00624088521815741,4.03,-1.0
2425,2025-01-26,Premier League,H,0.03198140007823769,1.55,-1.0
2425,2025-01-26,Premier League,A,0.011505257184211581,3.47,2.47
2425,2025-01-26,Premier League,A,0.05136101323147857,3.1,2.1
2425,2025-01-26,Premier League,D,0.038322014979241675,5.21,-1.0
2425,2025-01-26,Serie A,A,0.019081290942096707,3.78,2.78
2425,2025-01-26,Serie A,D,0.030499995353062553,5.27,-1.0
2425,2025-01-26,Serie A,D,0.033524669542611324,5.93,-1.0
2425,2025-01-26,Serie A,D,0.06486190074482118,3.29,-1.0
2425,2025-01-27,La Liga,D,0.033885586232043075,3.1,2.1
2425,2025-01-27,Serie A,D,0.03123848158467718,3.06,-1.0
2425,2025-01-27,Serie A,D,0.05416965629031051,3.38,2.38
2425,2025-01-31,Bundesliga,D,0.06034327879681228,3.4,-1.0
2425,2025-01-31,La Liga,A,0.035122412123497704,2.48,1.48
2425,2025-01-31,Ligue 1,A,0.085796803940144,1.83,0.8300000000000001
2425,2025-01-31,Serie A,D,0.0375910447077209,3.4,-1.0
2425,2025-02-01,Bundesliga,D,0.03476780261366848,16.44,-1.0
2425,2025-02-01,Bundesliga,A,0.021846660250227246,2.51,1.5099999999999998
2425,2025-02-01,Bundesliga,A,0.0428666102308074,1.76,0.76
2425,2025-02-01,Bundesliga,H,0.02378309770368392,2.35,-1.0
2425,2025-02-01,Bundesliga,D,0.02483028209250865,4.62,-1.0
2425,2025-02-01,Bundesliga,D,0.07056366455699148,3.49,2.49
2425,2025-02-01,La Liga,A,0.036625325827632754,8.9,-1.0
2425,2025-02-01,La Liga,A,0.038911124203781844,1.31,-1.0
2425,2025-02-01,La Liga,H,0.04410089173349169,2.49,-1.0
2425,2025-02-01,La Liga,D,0.01670008737014428,6.59,-1.0
2425,2025-02-01,Ligue 1,A,0.07393948470633527,1.44,0.43999999999999995
2425,2025-02-01,Ligue 1,A,0.01217169503443373,7.75,-1.0
2425,2025-02-01,Ligue 1,D,0.03598885394099402,5.48,-1.0
2425,2025-02-01,Premier League,A,0.07283003980372826,1.68,0.6799999999999999
2425,2025-02-01,Premier League,H,0.013759737776702252,1.79,0.79
2425,2025-02-01,Premier League,D,0.06120261519563991,3.67,-1.0
2425,2025-02-01,Premier League,H,0.009076505599468598,1.71,-1.0
2425,2025-02-01,Premier League,A,0.05353454314814304,2.89,-1.0
2425,2025-02-01,Premier League,D,0.025973316084950016,3.58,-1.0
2425,2025-02-01,Serie A,A,0.03674129474559415,7.73,-1.0
2425,2025-02-01,Serie A,D,0.03727678007532964,3.55,-1.0
2425,2025-02-01,Serie A,D,0.053368545847665316,3.1,-1.0
2425,2025-02-01,Serie A,D,0.03101346147502132,3.53,-1.0
2425,2025-02-02,Bundesliga,D,0.016007709685217808,3.82,2.82
2425,2025-02-02,Bundesliga,A,0.01244514540144602,10.7,-1.0
2425,2025-02-02,La Liga,H,0.02200806978622738,1.19,0.18999999999999995
2425,2025-02-02,La Liga,D,0.004773668033363654,3.26,2.26
2425,2025-02-02,La Liga,A,0.00874500683999846,2.6,-1.0
2425,2025-02-02,La Liga,D,0.060546393549843314,3.13,-1.0
2425,2025-02-02,Ligue 1,A,0.04454502777368294,3.98,-1.0
2425,2025-02-02,Ligue 1,H,0.021715764015411587,2.04,1.04
2425,2025-02-02,Ligue 1,A,0.023889576724468287,3.43,2.43
2425,2025-02-02,Ligue 1,D,0.06766884185181476,3.47,-1.0
2425,2025-02-02,Ligue 1,A,0.06398225132995206,2.82,-1.0
2425,2025-02-02,Premier League,D,0.03553206349896787,3.58,-1.0
2425,2025-02-02,Premier League,D,0.03635978956202007,3.97,-1.0
2425,2025-02-02,Premier League,H,0.0077333832750133835,2.04,-1.0
2425,2025-02-02,Serie A,D,0.05613724661742381,3.8,-1.0
2425,2025-02-02,Serie A,D,0.0023703891985075443,4.74,-1.0
2425,2025-02-02,Serie A,D,0.08233998595527381,3.59,2.59
2425,2025-02-02,Serie A,A,0.014250288579468418,2.42,-1.0
2425,2025-02-03,La Liga,H,0.006638327295120372,1.62,0.6200000000000001
2425,2025-02-03,Premier League,H,0.045909052520389126,1.36,0.3600000000000001
2425,2025-02-03,Serie A,A,0.10789317951354477,2.02,1.02
2425,2025-02-06,Serie A,D,0.05214051817659521,3.55,-1.0
2425,2025-02-07,Bundesliga,D,0.01205728974377504,11.87,-1.0
2425,2025-02-07,La Liga,H,0.02363646080776738,1.49,0.49
2425,2025-02-07,Ligue 1,H,0.016637316505075217,2.44,-1.0
2425,2025-02-07,Ligue 1,H,0.0375347092903946,1.4,0.3999999999999999
2425,2025-02-07,Serie A,A,0.07503382718194157,2.04,1.04
2425,2025-02-08,Bundesliga,D,0.04379998832812115,3.92,-1.0
2425,2025-02-08,Bundesliga,D,0.08791616091637036,3.93,-1.0
2425,2025-02-08,Bundesliga,D,0.07775770185939213,3.57,-1.0
2425,2025-02-08,Bundesliga,D,0.019356122176717616,3.64,2.64
2425,2025-02-08,Bundesliga,H,0.028475334695420518,1.77,-1.0
2425,2025-02-08,Bundesliga,A,0.021952011999762933,1.83,-1.0
2425,2025-02-08,La Liga,H,0.01035161679322849,1.67,0.6699999999999999
2425,2025-02-08,La Liga,A,0.0312830794969603,3.16,-1.0
2425,2025-02-08,La Liga,A,0.13503719774996836,1.73,0.73
2425,2025-02-08,La Liga,H,0.06366151495812578,1.88,-1.0
2425,2025-02-08,Ligue 1,A,0.02121833145730341,9.17,8.17
2425,2025-02-08,Ligue 1,A,0.021926517655289857,3.01,-1.0
2425,2025-02-08,Ligue 1,A,0.05693123711864906,2.2,1.2000000000000002
2425,2025-02-08,Serie A,A,0.04986896029506871,1.67,0.6699999999999999
2425,2025-02-08,Serie A,H,0.015723255682825232,2.27,-1.0
2425,2025-02-08,Serie A,A,0.10989207169013981,1.54,0.54
2425,2025-02-09,Bundesliga,D,0.055634842031428045,3.54,2.54
2425,2025-02-09,Bundesliga,D,0.05559389144343532,4.31,-1.0
2425,2025-02-09,La Liga,D,0.03161795189581118,2.9,-1.0
2425,2025-02-09,La Liga,A,0.09936398730672047,1.54,0.54
2425,2025-02-09,La Liga,D,0.028248793463101107,3.81,-1.0
2425,2025-02-09,La Liga,D,0.031594157931061295,3.43,-1.0
2425,2025-02-09,Ligue 1,A,0.14165965164264527,1.63,0.6299999999999999
2425,2025-02-09,Ligue 1,A,0.0775323734941078,2.33,-1.0
2425,2025-02-09,Ligue 1,H,0.035767320531918,1.52,0.52
2425,2025-02-09,Ligue 1,D,0.019610323726525547,3.93,-1.0
2425,2025-02-09,Serie A,D,0.061248439540178945,3.71,-1.0
2425,2025-02-09,Serie A,D,0.051299218427599436,4.97,-1.0
2425,2025-02-09,Serie A,A,0.03593717879113467,1.9,-1.0
2425,2025-02-09,Serie A,A,0.03079983542426347,7.76,-1.0
2425,2025-02-09,Serie A,A,0.0455718543132585,1.71,0.71
2425,2025-02-10,La Liga,D,0.02077623825462882,3.15,2.15
2425,2025-02-10,Serie A,D,0.03317519701923116,4.57,-1.0
2425,2025-02-12,Premier League,A,0.036514382126700884,1.44,-1.0
2425,2025-02-14,Bundesliga,A,0.005673521839843265,2.43,-1.0
2425,2025-02-14,La Liga,H,0.02444837154745072,1.98,-1.0
2425,2025-02-14,Ligue 1,A,0.06005326850283765,3.38,-1.0
2425,2025-02-14,Premier League,H,0.04751353220890203,2.85,1.85
2425,2025-02-14,Serie A,H,0.033486215226556704,1.8,0.8
2425,2025-02-15,Bundesliga,A,0.05977112845112009,1.66,-1.0
2425,2025-02-15,Bundesliga,A,0.12214748302127121,2.26,-1.0
2425,2025-02-15,Bundesliga,H,0.03909249555341465,2.56,-1.0
2425,2025-02-15,Bundesliga,H,0.027433167552393112,1.75,-1.0
2425,2025-02-15,Bundesliga,D,0.04721864231420708,3.54,-1.0
2425,2025-02-15,La Liga,H,0.0421210510152672,1.42,-1.0
2425,2025-02-15,La Liga,A,0.01831067727905944,2.57,-1.0
2425,2025-02-15,La Liga,A,0.042598230703416506,1.57,-1.0
2425,2025-02-15,La Liga,H,0.06745970382210564,1.53,-1.0
2425,2025-02-15,Ligue 1,A,0.01863295001696981,10.0,-1.0
2425,2025-02-15,Ligue 1,D,0.017943402486310184,4.33,-1.0
2425,2025-02-15,Ligue 1,A,0.08644186843995905,1.49,0.49
2425,2025-02-15,Premier League,H,0.05075938208071484,1.41,-1.0
2425,2025-02-15,Premier League,A,0.03542317187198693,4.94,3.9400000000000004
2425,2025-02-15,Premier League,A,0.029447248842738805,3.39,-1.0
2425,2025-02-15,Premier League,H,0.017027291736126243,9.45,-1.0
2425,2025-02-15,Premier League,H,0.07743571279086797,1.97,0.97
2425,2025-02-15,Premier League,A,0.03302843120457899,1.52,0.52
2425,2025-02-15,Premier League,D,0.041699452291063754,3.64,-1.0
2425,2025-02-15,Serie A,D,0.013201366900716965,4.82,3.8200000000000003
2425,2025-02-15,Serie A,A,0.04437111629848611,2.79,-1.0
2425,2025-02-15,Serie A,H,0.008676264520547261,1.33,0.33000000000000007
2425,2025-02-16,Bundesliga,D,0.018807850943931004,5.69,-1.0
2425,2025-02-16,Bundesliga,D,0.07724430277017091,3.51,-1.0
2425,2025-02-16,Bundesliga,D,0.026131875818462214,3.96,-1.0
2425,2025-02-16,La Liga,D,0.04798350913361188,3.1,-1.0
2425,2025-02-16,La Liga,A,0.03392327630405367,1.75,-1.0
2425,2025-02-16,La Liga,H,0.014313839510117665,1.73,0.73
2425,2025-02-16,La Liga,D,0.028574789741038165,3.38,-1.0
2425,2025-02-16,Ligue 1,A,0.08397661475347007,1.65,0.6499999999999999
2425,2025-02-16,Ligue 1,D,0.022657953760057914,3.91,-1.0
2425,2025-02-16,Ligue 1,A,0.032984433875137276,1.64,0.6399999999999999
2425,2025-02-16,Ligue 1,D,0.04679873434088849,3.44,-1.0
2425,2025-02-16,Ligue 1,D,0.03102090436611077,3.31,-1.0
2425,2025-02-16,Premier League,H,0.013763706632977768,1.19,0.18999999999999995
2425,2025-02-16,Premier League,A,0.05511799444791837,2.69,-1.0
2425,2025-02-16,Serie A,D,0.0564828711123882,3.53,-1.0
2425,2025-02-16,Serie A,A,0.02853387028375548,2.24,-1.0
2425,2025-02-16,Serie A,D,0.10939182246840018,3.13,2.13
2425,2025-02-16,Serie A,D,0.03185272380733589,3.56,-1.0
2425,2025-02-16,Serie A,D,0.009433307265379831,3.49,-1.0
2425,2025-02-17,La Liga,H,0.03945725049777804,1.2,0.19999999999999996
2425,2025-02-17,Serie A,D,0.02199487056837779,3.47,-1.0
2425,2025-02-19,Premier League,H,0.015796179714468533,3.93,-1.0
2425,2025-02-21,Bundesliga,H,0.04221994133451096,2.06,1.06
2425,2025-02-21,La Liga,H,0.07560439338373937,1.7,0.7
2425,2025-02-21,Ligue 1,A,0.013813027292584878,3.5,-1.0
2425,2025-02-21,Premier League,D,0.03762616166676652,3.86,-1.0
2425,2025-02-21,Serie A,A,0.03810195716314668,2.61,1.6099999999999999
2425,2025-02-22,Bundesliga,D,0.0898571951427572,4.46,-1.0
2425,2025-02-22,Bundesliga,A,0.01856945905123497,1.25,0.25
2425,2025-02-22,Bundesliga,H,0.02328506235839023,1.84,-1.0
2425,2025-02-22,Bundesliga,H,0.004395691981485039,1.8,0.8
2425,2025-02-22,Bundesliga,H,0.010164953711428004,1.55,-1.0
2425,2025-02-22,La Liga,H,0.08320751617344269,1.8,-1.0
2425,2025-02-22,La Liga,A,0.05876268573852239,1.24,0.24
2425,2025-02-22,La Liga,A,0.05372124440639403,1.91,0.9099999999999999
2425,2025-02-22,La Liga,A,0.08653063957528223,2.39,1.3900000000000001
2425,2025-02-22,Ligue 1,A,0.10720025975412195,1.55,-1.0
2425,2025-02-22,Ligue 1,A,0.07006932624719653,3.13,-1.0
2425,2025-02-22,Ligue 1,D,0.029126450622006417,3.29,2.29
2425,2025-02-22,Premier League,A,0.015318111653690583,11.63,10.63
2425,2025-02-22,Premier League,H,0.02237417649932072,2.62,1.62
2425,2025-02-22,Premier League,H,0.035798402262474216,1.56,-1.0
2425,2025-02-22,Premier League,A,0.04955979692429807,2.96,-1.0
2425,2025-02-22,Premier League,H,0.026831953526425645,2.05,-1.0
2425,2025-02-22,Premier League,D,0.05106818168152452,3.89,-1.0
2425,2025-02-22,Premier League,A,0.10526207370997498,1.57,0.5700000000000001
2425,2025-02-22,Serie A,D,0.028076004118524372,5.9,-1.0
2425,2025-02-22,Serie A,D,0.03287763940564298,3.63,-1.0
2425,2025-02-22,Serie A,A,0.08018838864145816,2.03,-1.0
2425,2025-02-22,Serie A,A,0.06344539456915566,1.66,-1.0
2425,2025-02-23,Bundesliga,H,0.03603814791518645,1.3,0.30000000000000004
2425,2025-02-23,Bundesliga,D,0.037984847584503434,3.92,2.92
2425,2025-02-23,Bundesliga,D,0.032518787258945275,5.37,4.37
2425,2025-02-23,La Liga,A,0.014613823122517237,18.55,-1.0
2425,2025-02-23,La Liga,A,0.05486843249134504,2.95,1.9500000000000002
2425,2025-02-23,La Liga,H,0.03974261398348511,1.28,0.28
2425,2025-02-23,La Liga,D,0.030507683573505973,3.79,-1.0
2425,2025-02-23,Ligue 1,A,0.11406279261029556,1.97,0.97
2425,2025-02-23,Ligue 1,A,0.11379558430989256,1.72,0.72
2425,2025-02-23,Ligue 1,A,0.08632383834593832,2.08,-1.0
2425,2025-02-23,Ligue 1,H,0.004396094741093037,1.37,0.3700000000000001
2425,2025-02-23,Ligue 1,A,0.04450878124459212,3.67,-1.0
2425,2025-02-23,Premier League,H,0.007474574400724188,2.9,-1.0
2425,2025-02-23,Premier League,A,0.038692524035100845,4.11,-1.0
2425,2025-02-23,Serie A,A,0.03503891436253681,1.94,0.94
2425,2025-02-23,Serie A,H,0.016792538555295444,3.54,2.54
2425,2025-02-23,Serie A,D,0.02458751006052068,4.16,-1.0
2425,2025-02-23,Serie A,D,0.08561974316332865,3.54,-1.0
2425,2025-02-24,La Liga,A,0.05252487513938106,3.93,-1.0
2425,2025-02-24,Serie A,A,0.013855069589962618,9.74,-1.0
2425,2025-02-25,Premier League,D,0.0589849061043905,3.81,-1.0
2425,2025-02-25,Premier League,D,0.016228096348237894,8.55,-1.0
2425,2025-02-25,Premier League,A,0.048214312639426216,2.83,-1.0
2425,2025-02-25,Premier League,H,0.04248226345888112,2.71,-1.0
2425,2025-02-26,Premier League,D,0.030857156338317038,3.68,2.68
2425,2025-02-26,Premier League,H,0.07915806173680373,1.52,0.52
2425,2025-02-26,Premier League,H,0.05061642650572107,1.52,0.52
2425,2025-02-26,Premier League,A,0.07390067262488376,1.98,-1.0
2425,2025-02-26,Premier League,D,0.04397831962489096,4.09,-1.0
2425,2025-02-27,Premier League,D,0.010123527358085027,4.15,-1.0
2425,2025-02-27,Serie A,A,0.06590422895518311,2.54,-1.0
2425,2025-02-28,Bundesliga,A,0.029837817833561653,1.67,0.6699999999999999
2425,2025-02-28,La Liga,D,0.08631777570770582,3.21,2.21
2425,2025-02-28,Ligue 1,D,0.010862791059587651,5.24,-1.0
2425,2025-02-28,Serie A,D,0.055354411968149,3.51,-1.0
2425,2025-03-01,Bundesliga,H,0.012692183310877903,2.43,-1.0
2425,2025-03-01,Bundesliga,A,0.04940536787156857,1.74,0.74
2425,2025-03-01,Bundesliga,D,0.0536298297571704,3.59,-1.0
2425,2025-03-01,Bundesliga,D,0.037748386950129775,3.7,-1.0
2425,2025-03-01,Bundesliga,A,0.04913919218782414,1.87,0.8700000000000001
2425,2025-03-01,Bundesliga,D,0.05010025780908184,3.53,-1.0
2425,2025-03-01,La Liga,A,0.04482654638480188,3.78,-1.0
2425,2025-03-01,La Liga,A,0.06687502141924284,1.74,-1.0
2425,2025-03-01,La Liga,D,0.03699147210613918,3.51,2.51
2425,2025-03-01,La Liga,D,0.005482162920317446,3.23,2.23
2425,2025-03-01,Ligue 1,D,0.008662265967398941,4.98,-1.0
2425,2025-03-01,Ligue 1,H,0.020662307306137606,1.39,0.3899999999999999
2425,2025-03-01,Ligue 1,D,0.052286937791315796,4.13,-1.0
2425,2025-03-01,Serie A,D,0.03015648651806921,6.85,5.85
2425,2025-03-01,Serie A,A,0.05887583022418191,2.39,-1.0
2425,2025-03-01,Serie A,D,0.04381057510341607,3.59,-1.0
2425,2025-03-02,Bundesliga,A,0.07631833022754664,2.82,-1.0
2425,2025-03-02,Bundesliga,D,0.09057487855633548,4.23,-1.0
2425,2025-03-02,La Liga,H,0.01810278282968547,1.26,0.26
2425,2025-03-02,La Liga,D,0.03578953297983789,2.74,-1.0
2425,2025-03-02,La Liga,A,0.02849276139331386,3.57,-1.0
2425,2025-03-02,La Liga,H,0.026002529406013053,2.31,-1.0
2425,2025-03-02,Ligue 1,A,0.10675357376913253,2.32,1.3199999999999998
2425,2025-03-02,Ligue 1,D,0.030093207987938853,3.33,-1.0
2425,2025-03-02,Ligue 1,H,0.008980059784592043,1.66,0.6599999999999999
2425,2025-03-02,Ligue 1,H,0.014207734362688518,1.4,0.3999999999999999
2425,2025-03-02,Ligue 1,D,0.056913507524975926,3.49,-1.0
2425,2025-03-02,Serie A,D,0.046145014204555995,3.98,-1.0
2425,2025-03-02,Serie A,A,0.018112686181249976,4.35,-1.0
2425,2025-03-02,Serie A,D,0.03447207876651465,3.59,-1.0
2425,2025-03-02,Serie A,D,0.044402112562641816,3.33,-1.0
2425,2025-03-02,Serie A,A,0.004485330740684579,4.0,-1.0
2425,2025-03-03,Serie A,A,0.01961930041373451,10.71,-1.0
2425,2025-03-07,Bundesliga,D,0.029953959676201236,3.41,-1.0
2425,2025-03-07,Ligue 1,A,0.10764728443684674,2.15,-1.0
2425,2025-03-07,Serie A,A,0.014613061160093477,3.2,-1.0
2425,2025-03-08,Bundesliga,D,0.01811564558928931,10.81,-1.0
2425,2025-03-08,Bundesliga,H,0.05668007708237022,1.53,-1.0
2425,2025-03-08,Bundesliga,D,0.02503836309299462,3.32,2.32
2425,2025-03-08,Bundesliga,A,0.07640422555803461,1.52,-1.0
2425,2025-03-08,Bundesliga,H,0.021203382627104528,1.26,-1.0
2425,2025-03-08,Bundesliga,A,0.03487895374509911,4.79,-1.0
2425,2025-03-08,La Liga,H,0.04931254524836015,3.07,2.07
2425,2025-03-08,La Liga,D,0.0056598268519615635,4.04,-1.0
2425,2025-03-08,La Liga,A,0.01705640036111092,9.27,-1.0
2425,2025-03-08,Ligue 1,A,0.01584692231814691,7.45,-1.0
2425,2025-03-08,Ligue 1,A,0.037055843261512705,5.83,4.83
2425,2025-03-08,Ligue 1,A,0.07970701678225844,1.72,0.72
2425,2025-03-08,Premier League,A,0.022450786858865757,2.95,1.9500000000000002
2425,2025-03-08,Premier League,H,0.05753920038148708,1.99,0.99
2425,2025-03-08,Premier League,H,0.0673270135663393,1.48,0.48
2425,2025-03-08,Premier League,D,0.005042054596259907,9.97,-1.0
2425,2025-03-08,Premier League,A,0.014265043581424552,1.89,-1.0
2425,2025-03-08,Premier League,A,0.029550692453114202,2.87,-1.0
2425,2025-03-08,Serie A,D,0.04775882148417837,3.92,2.92
2425,2025-03-08,Serie A,D,0.0593316707103656,8.77,-1.0
2425,2025-03-08,Serie A,A,0.030817819084232645,1.78,0.78
2425,2025-03-08,Serie A,D,0.022600680073144697,3.23,2.23
2425,2025-03-09,Bundesliga,D,0.06431654375085125,4.04,-1.0
2425,2025-03-09,Bundesliga,D,0.06269456403712312,3.98,2.98
2425,2025-03-09,La Liga,A,0.036092817701103785,6.01,-1.0
2425,2025-03-09,La Liga,D,0.003846106909573044,4.61,-1.0
2425,2025-03-09,La Liga,A,0.03239650010651807,1.98,-1.0
2425,2025-03-09,La Liga,H,0.03811727420762023,1.28,0.28
2425,2025-03-09,La Liga,D,0.05650274580321196,3.15,-1.0
2425,2025-03-09,Ligue 1,A,0.030222951602690423,4.72,-1.0
2425,2025-03-09,Ligue 1,A,0.07343883050042455,2.97,-1.0
2425,2025-03-09,Ligue 1,D,0.07733772326419053,3.3,-1.0
2425,2025-03-09,Ligue 1,A,0.043955443236918745,3.46,2.46
2425,2025-03-09,Ligue 1,D,0.10975989306455786,3.26,-1.0
2425,2025-03-09,Premier League,D,0.022561869745288815,7.67,-1.0
2425,2025-03-09,Premier League,A,0.10398279180811865,1.72,-1.0
2425,2025-03-09,Premier League,D,0.044523281928085606,3.88,2.88
2425,2025-03-09,Serie A,D,0.11960064384998309,3.44,-1.0
2425,2025-03-09,Serie A,D,0.06314560815277293,3.25,-1.0
2425,2025-03-09,Serie A,D,0.03173978459728993,3.99,-1.0
2425,2025-03-09,Serie A,D,0.04453404735704958,3.45,-1.0
2425,2025-03-10,La Liga,A,0.04965045353656472,2.39,-1.0
2425,2025-03-10,Premier League,A,0.10903469661612997,2.19,1.19
2425,2025-03-10,Serie A,D,0.039576148443804804,3.69,2.69
2425,2025-03-14,Bundesliga,H,0.0671755853481083,2.3,1.2999999999999998
2425,2025-03-14,La Liga,D,0.010407928785287512,3.02,2.02
2425,2025-03-14,Ligue 1,D,0.04938578591420101,4.1,3.0999999999999996
2425,2025-03-14,Serie A,A,0.016096811661574895,4.22,-1.0
2425,2025-03-15,Bundesliga,H,0.06635828820029055,2.6,1.6
2425,2025-03-15,Bundesliga,D,0.03252040545100726,3.42,2.42
2425,2025-03-15,Bundesliga,A,0.06631249012993595,2.82,-1.0
2425,2025-03-15,Bundesliga,A,0.02207396572740894,1.35,-1.0
2425,2025-03-15,Bundesliga,D,0.09322633956910487,3.61,-1.0
2425,2025-03-15,La Liga,D,0.03781167693545928,3.53,2.53
2425,2025-03-15,La Liga,H,0.05015213532599172,1.82,0.8200000000000001
2425,2025-03-15,La Liga,D,0.07225973115807921,3.88,-1.0
2425,2025-03-15,La Liga,H,0.026803816745888942,3.05,-1.0
2425,2025-03-15,Ligue 1,A,0.1031000543895565,1.43,0.42999999999999994
2425,2025-03-15,Ligue 1,D,0.07125061566382151,3.45,-1.0
2425,2025-03-15,Ligue 1,D,0.0359811845211766,3.34,-1.0
2425,2025-03-15,Premier League,H,0.05763249440035534,1.76,-1.0
2425,2025-03-15,Premier League,A,0.0607810661956818,3.81,-1.0
2425,2025-03-15,Premier League,A,0.08014890695249027,1.99,0.99
2425,2025-03-15,Premier League,H,0.054642373820953494,1.66,-1.0
2425,2025-03-15,Premier League,D,0.053222040920498315,3.51,-1.0
2425,2025-03-15,Serie A,D,0.033415951525286924,3.79,-1.0
2425,2025-03-15,Serie A,D,0.12003320634901199,3.08,2.08
2425,2025-03-15,Serie A,A,0.02867943960842842,4.77,-1.0
2425,2025-03-15,Serie A,A,0.013138596120886109,4.97,3.9699999999999998
2425,2025-03-16,Bundesliga,H,0.015139842293933559,3.09,-1.0
2425,2025-03-16,Bundesliga,D,0.0645668224758787,3.59,-1.0
2425,2025-03-16,Bundesliga,A,0.03284093405614169,2.29,1.29
2425,2025-03-16,La Liga,D,0.033571074468097706,3.64,-1.0
2425,2025-03-16,La Liga,D,0.042184320162549305,3.33,-1.0
2425,2025-03-16,La Liga,H,0.038566068728714764,2.32,-1.0
2425,2025-03-16,La Liga,A,0.12168033548687657,2.54,1.54
2425,2025-03-16,La Liga,D,0.02504396578062812,3.08,2.08
2425,2025-03-16,Ligue 1,A,0.045253124466882094,4.96,-1.0
2425,2025-03-16,Ligue 1,A,0.005752689238026756,7.76,-1.0
2425,2025-03-16,Ligue 1,D,0.050584825674245326,3.66,-1.0
2425,2025-03-16,Ligue 1,A,0.05361347248306883,6.26,-1.0
2425,2025-03-16,Ligue 1,A,0.06773352941542748,3.14,-1.0
2425,2025-03-16,Premier League,H,0.03065247948678229,1.81,0.81
2425,2025-03-16,Premier League,D,0.04042472429123728,3.84,-1.0
2425,2025-03-16,Premier League,D,0.01823439170450991,3.76,-1.0
2425,2025-03-16,Serie A,H,0.033990846169101696,2.55,-1.0
2425,2025-03-16,Serie A,A,0.09471200354818488,3.23,-1.0
2425,2025-03-16,Serie A,D,0.02156984536371176,3.16,-1.0
2425,2025-03-16,Serie A,A,0.005627913148642388,6.18,-1.0
2425,2025-03-16,Serie A,H,0.01257407062783436,6.57,-1.0
2425,2025-03-27,La Liga,H,0.01277488616112643,1.28,0.28
2425,2025-03-28,Bundesliga,D,0.008586912033816396,6.58,-1.0
2425,2025-03-28,Ligue 1,A,0.06821901462974872,2.42,-1.0
2425,2025-03-29,Bundesliga,A,0.01281409713103105,17.25,-1.0
2425,2025-03-29,Bundesliga,A,0.10271927189786384,2.63,-1.0
2425,2025-03-29,Bundesliga,D,0.0340543255818439,3.3,2.3
2425,2025-03-29,Bundesliga,A,0.06821255200563292,2.07,1.0699999999999998
2425,2025-03-29,Bundesliga,D,0.03564437565492384,3.57,-1.0
2425,2025-03-29,Bundesliga,H,0.04964993279138186,1.66,-1.0
2425,2025-03-29,La Liga,H,0.028476411035721738,2.19,-1.0
2425,2025-03-29,La Liga,A,0.11135692128288588,1.62,-1.0
2425,2025-03-29,La Liga,D,0.017127358040202115,8.37,-1.0
2425,2025-03-29,La Liga,D,0.02635489388997858,4.81,-1.0
2425,2025-03-29,Ligue 1,H,0.014196660670822536,1.9,0.8999999999999999
2425,2025-03-29,Ligue 1,A,0.0735751860647108,1.59,-1.0
2425,2025-03-29,Ligue 1,A,0.010841731273671384,1.13,0.1299999999999999
2425,2025-03-29,Serie A,D,0.029186956389914254,3.41,2.41
2425,2025-03-29,Serie A,D,0.05195489873903475,3.97,-1.0
2425,2025-03-29,Serie A,A,0.0400109192180772,1.78,0.78
2425,2025-03-29,Serie A,D,0.04056071498916025,3.5,-1.0
2425,2025-03-30,Bundesliga,H,0.05678544812191788,1.66,0.6599999999999999
2425,2025-03-30,Bundesliga,H,0.0401640813029957,2.0,-1.0
2425,2025-03-30,La Liga,H,0.03948238769836032,1.46,-1.0
2425,2025-03-30,La Liga,H,0.01317392704460485,1.24,0.24
2425,2025-03-30,La Liga,A,0.03649977565679466,4.26,-1.0
2425,2025-03-30,La Liga,A,0.10386682216857718,2.35,1.35
2425,2025-03-30,La Liga,A,0.06530370189280366,3.69,-1.0
2425,2025-03-30,Ligue 1,D,0.03576932593508053,3.55,-1.0
2425,2025-03-30,Ligue 1,A,0.016541128015049117,4.5,-1.0
2425,2025-03-30,Ligue 1,A,0.10909517014369852,2.38,-1.0
2425,2025-03-30,Ligue 1,A,0.07822001562084913,3.7,-1.0
2425,2025-03-30,Ligue 1,D,0.005031636563548825,3.35,-1.0
2425,2025-03-30,Serie A,D,0.03538427769121899,3.64,-1.0
2425,2025-03-30,Serie A,D,0.05695059884348491,3.5,-1.0
2425,2025-03-30,Serie A,D,0.060097194484310834,4.76,-1.0
2425,2025-03-30,Serie A,D,0.027668014379393868,3.57,-1.0
2425,2025-03-31,La Liga,A,0.02466363164090135,5.64,-1.0
2425,2025-03-31,Serie A,D,0.053592427264497644,3.56,2.56
2425,2025-03-31,Serie A,D,0.07191282935999033,3.11,2.11
2425,2025-04-01,Premier League,H,0.0889449618421092,1.48,0.48
2425,2025-04-01,Premier League,H,0.03598297845954179,2.32,1.3199999999999998
2425,2025-04-01,Premier League,A,0.04882694778496033,2.92,-1.0
2425,2025-04-02,Premier League,H,0.031278414073258376,1.38,-1.0
2425,2025-04-02,Premier League,A,0.03656862940234051,3.27,2.27
2425,2025-04-02,Premier League,H,0.04350872537945061,1.36,0.3600000000000001
2425,2025-04-02,Premier League,H,0.002951102519711868,1.2,0.19999999999999996
2425,2025-04-02,Premier League,D,0.03227161257123057,4.31,-1.0
2425,2025-04-02,Premier League,A,0.052565878319700166,1.62,-1.0
2425,2025-04-03,Premier League,D,0.03767383826297918,4.5,-1.0
2425,2025-04-04,Bundesliga,A,0.11656858615732268,1.42,0.41999999999999993
2425,2025-04-04,La Liga,H,0.08005662546648107,1.69,-1.0
2425,2025-04-04,Ligue 1,D,0.015584900380341576,4.35,-1.0
2425,2025-04-04,Serie A,D,0.008779763278154662,2.96,-1.0
2425,2025-04-05,Bundesliga,A,0.10061467313146777,2.16,1.1600000000000001
2425,2025-04-05,Bundesliga,A,0.13496102618335387,2.27,1.27
2425,2025-04-05,Bundesliga,A,0.06933406472705295,1.44,0.43999999999999995
2425,2025-04-05,Bundesliga,D,0.02150454403847693,4.72,3.7199999999999998
2425,2025-04-05,Bundesliga,H,0.051224015268613865,1.54,0.54
2425,2025-04-05,Bundesliga,D,0.05354144588861098,3.67,-1.0
2425,2025-04-05,La Liga,H,0.06955096774267888,1.37,-1.0
2425,2025-04-05,La Liga,D,0.03417876680472731,3.36,-1.0
2425,2025-04-05,La Liga,H,0.0442441021386345,2.68,-1.0
2425,2025-04-05,La Liga,D,0.030441822792354495,5.68,-1.0
2425,2025-04-05,Ligue 1,A,0.08100687838429638,1.93,-1.0
2425,2025-04-05,Ligue 1,D,0.025353886499535017,3.56,-1.0
2425,2025-04-05,Ligue 1,A,0.027859604258328813,17.68,-1.0
2425,2025-04-05,Premier League,D,0.040048363305542845,3.63,-1.0
2425,2025-04-05,Premier League,A,0.011843910719140094,2.87,-1.0
2425,2025-04-05,Premier League,A,0.12857400801232022,1.78,-1.0
2425,2025-04-05,Premier League,D,0.05567884041015736,3.28,-1.0
2425,2025-04-05,Premier League,H,0.04487481197926435,3.04,-1.0
2425,2025-04-05,Serie A,D,0.09962830722256305,3.65,2.65
2425,2025-04-05,Serie A,D,0.044343639045586025,3.8,-1.0
2425,2025-04-05,Serie A,A,0.028381895641617083,1.49,-1.0
2425,2025-04-06,Bundesliga,D,0.05103124678543719,3.4,2.4
2425,2025-04-06,Bundesliga,A,0.024703545246362923,2.92,-1.0
2425,2025-04-06,La Liga,D,0.058319637056791385,3.18,-1.0
2425,2025-04-06,La Liga,A,0.04329585364211258,2.21,1.21
2425,2025-04-06,La Liga,D,0.013870435457637054,3.18,-1.0
2425,2025-04-06,La Liga,A,0.08688682313148138,3.28,-1.0
2425,2025-04-06,Ligue 1,A,0.026728757761904393,5.5,-1.0
2425,2025-04-06,Ligue 1,D,0.04671509796007381,3.82,-1.0
2425,2025-04-06,Ligue 1,A,0.023937404084186487,2.86,1.8599999999999999
2425,2025-04-06,Ligue 1,D,0.03208528242140213,3.47,-1.0
2425,2025-04-06,Ligue 1,D,0.08133454148604857,3.67,-1.0
2425,2025-04-06,Premier League,A,0.030274101077532867,2.15,-1.0
2425,2025-04-06,Premier League,A,0.03902754909750861,1.86,-1.0
2425,2025-04-06,Premier League,A,0.04111013129531821,2.13,-1.0
2425,2025-04-06,Premier League,H,0.03520323339356013,1.39,0.3899999999999999
2425,2025-04-06,Serie A,H,0.04630028102888739,1.71,-1.0
2425,2025-04-06,Serie A,D,0.11617762553081107,3.07,2.07
2425,2025-04-06,Serie A,D,0.07271861323146628,3.06,2.06
2425,2025-04-06,Serie A,A,0.04828674059276794,3.01,-1.0
2425,2025-04-06,Serie A,A,0.030427914001049022,4.96,-1.0
2425,2025-04-07,La Liga,D,0.033584998763609764,3.1,2.1
2425,2025-04-07,Premier League,A,0.047933362664921986,1.5,0.5
2425,2025-04-07,Serie A,A,0.03613005268907665,2.64,-1.0
2425,2025-04-11,Bundesliga,H,0.021516875944095737,2.9,-1.0
2425,2025-04-11,La Liga,A,0.03065719954482099,3.36,-1.0
2425,2025-04-11,Ligue 1,D,0.039934157618530114,4.17,-1.0
2425,2025-04-11,Serie A,H,0.010928368528881294,4.0,-1.0
2425,2025-04-12,Bundesliga,D,0.010140791335708055,5.2,4.2
2425,2025-04-12,Bundesliga,D,0.0521955607473617,3.34,-1.0
2425,2025-04-12,Bundesliga,H,0.023441865323586997,2.66,1.6600000000000001
2425,2025-04-12,Bundesliga,A,0.050868797529581344,2.29,1.29
2425,2025-04-12,Bundesliga,D,0.015390777710666353,5.32,4.32
2425,2025-04-12,Bundesliga,A,0.05370183565808001,3.15,2.15
2425,2025-04-12,La Liga,D,0.00561743282911803,3.81,-1.0
2425,2025-04-12,La Liga,A,0.03460850749972555,5.1,4.1
2425,2025-04-12,La Liga,A,0.013265311307571692,1.31,0.31000000000000005
2425,2025-04-12,La Liga,D,0.02082110309354329,3.37,-1.0
2425,2025-04-12,Ligue 1,A,0.06744413568119467,3.34,-1.0
2425,2025-04-12,Ligue 1,A,0.07296801364888666,2.72,-1.0
2425,2025-04-12,Ligue 1,D,0.024603235685912828,3.25,-1.0
2425,2025-04-12,Premier League,H,0.05372080430592863,1.61,-1.0
2425,2025-04-12,Premier League,A,0.029505424112640316,10.98,-1.0
2425,2025-04-12,Premier League,H,0.0731639857375439,1.5,0.5
2425,2025-04-12,Premier League,A,0.05280796432856666,3.67,2.67
2425,2025-04-12,Premier League,D,0.016257172222376964,4.42,-1.0
2425,2025-04-12,Serie A,D,0.07474010610666867,5.28,-1.0
2425,2025-04-12,Serie A,D,0.057052038837353714,4.92,-1.0
2425,2025-04-12,Serie A,D,0.03465469737194221,3.67,-1.0
2425,2025-04-13,Bundesliga,D,0.05499800946703132,4.08,-1.0
2425,2025-04-13,Bundesliga,D,0.08917779695036152,4.45,-1.0
2425,2025-04-13,La Liga,H,0.01902059876562534,5.23,-1.0
2425,2025-04-13,La Liga,H,0.06995821531372526,1.76,0.76
2425,2025-04-13,La Liga,A,0.06538242091897739,2.98,1.98
2425,2025-04-13,La Liga,A,0.05959666211252451,3.02,-1.0
2425,2025-04-13,Ligue 1,D,0.08405367910451855,3.63,-1.0
2425,2025-04-13,Ligue 1,A,0.022045311759234965,2.01,1.0099999999999998
2425,2025-04-13,Ligue 1,A,0.042082702575977515,2.09,1.0899999999999999
2425,2025-04-13,Ligue 1,D,0.04253518248338245,3.64,2.64
2425,2025-04-13,Premier League,D,0.01795087941671547,6.57,5.57
2425,2025-04-13,Premier League,H,0.008388323018451826,1.3,0.30000000000000004
2425,2025-04-13,Premier League,D,0.04667404539549558,4.21,-1.0
2425,2025-04-13,Premier League,A,0.025703465026609196,3.14,-1.0
2425,2025-04-13,Serie A,D,0.04806566034249282,3.52,-1.0
2425,2025-04-13,Serie A,D,0.03041067447095752,3.46,-1.0
2425,2025-04-13,Serie A,D,0.04821657424694842,3.74,2.74
2425,2025-04-13,Serie A,A,0.049428359693729385,2.6,-1.0
2425,2025-04-13,Serie A,D,0.01791759616108113,2.91,1.9100000000000001
2425,2025-04-14,La Liga,D,0.05266782089307387,8.56,-1.0
2425,2025-04-14,Premier League,H,0.037291074157541904,2.15,1.15
2425,2025-04-14,Serie A,A,0.05001670036299835,10.01,-1.0
2425,2025-04-16,Premier League,H,0.026422973017953266,1.71,0.71
2425,2025-04-18,La Liga,A,0.032418449874665134,3.05,-1.0
2425,2025-04-18,Ligue 1,A,0.05882984137922387,4.4,-1.0
2425,2025-04-19,Bundesliga,A,0.04164164375949564,3.76,-1.0
2425,2025-04-19,Bundesliga,A,0.05129122699164712,1.28,0.28
2425,2025-04-19,Bundesliga,A,0.05703328136025021,3.53,-1.0
2425,2025-04-19,Bundesliga,H,0.02075894915382126,1.31,-1.0
2425,2025-04-19,Bundesliga,A,0.08073822479956183,2.48,-1.0
2425,2025-04-19,Bundesliga,D,0.023558656438892905,4.11,-1.0
2425,2025-04-19,La Liga,H,0.05061858895666682,1.3,0.30000000000000004
2425,2025-04-19,La Liga,A,0.06906602650103322,1.56,-1.0
2425,2025-04-19,La Liga,A,0.054769991461213086,4.93,-1.0
2425,2025-04-19,La Liga,D,0.08030334265010847,3.13,2.13
2425,2025-04-19,Ligue 1,D,0.06315606993117814,6.95,-1.0
2425,2025-04-19,Ligue 1,H,0.01143298380577129,1.56,-1.0
2425,2025-04-19,Ligue 1,A,0.02965014910585724,16.34,-1.0
2425,2025-04-19,Premier League,D,0.06384702813979909,3.63,-1.0
2425,2025-04-19,Premier League,H,0.01180116308648882,2.5,1.5
2425,2025-04-19,Premier League,D,0.034456758479034344,3.54,2.54
2425,2025-04-19,Premier League,A,0.10029032686831452,1.96,0.96
2425,2025-04-19,Premier League,H,0.026723065544912994,1.49,-1.0
2425,2025-04-19,Serie A,A,0.023662484622170354,2.07,1.0699999999999998
2425,2025-04-19,Serie A,D,0.0277244464569045,5.47,-1.0
2425,2025-04-19,Serie A,A,0.021405485053027987,8.8,-1.0
2425,2025-04-20,Bundesliga,D,0.03711264712951723,3.36,2.36
2425,2025-04-20,Bundesliga,H,0.06314425482361974,1.41,0.4099999999999999
2425,2025-04-20,Bundesliga,A,0.06844251894382913,1.67,-1.0
2425,2025-04-20,La Liga,D,0.032363572434515014,3.94,-1.0
2425,2025-04-20,La Liga,D,0.015296063843006413,3.07,2.07
2425,2025-04-20,La Liga,D,0.04281111215138128,3.49,-1.0
2425,2025-04-20,La Liga,H,0.0024424105282450093,1.7,-1.0
2425,2025-04-20,Ligue 1,A,0.07132195736810659,3.02,2.02
2425,2025-04-20,Ligue 1,D,0.008434051563005751,4.26,-1.0
2425,2025-04-20,Ligue 1,A,0.014604236751656313,7.98,-1.0
2425,2025-04-20,Ligue 1,A,0.009914526107057231,2.25,-1.0
2425,2025-04-20,Ligue 1,D,0.032088807993210205,4.39,-1.0
2425,2025-04-20,Premier League,A,0.043889573606364196,2.43,1.4300000000000002
2425,2025-04-20,Premier League,A,0.1063842697302585,1.4,0.3999999999999999
2425,2025-04-20,Premier League,D,0.018533553923825413,6.63,-1.0
2425,2025-04-20,Premier League,H,0.03378334321295312,2.0,-1.0
2425,2025-04-20,Serie A,A,0.04377334148403422,2.34,-1.0
2425,2025-04-20,Serie A,D,0.07525335115688553,3.03,2.03
2425,2025-04-20,Serie A,D,0.07473571985674665,3.47,-1.0
2425,2025-04-21,La Liga,H,0.021599647781997466,2.83,-1.0
2425,2025-04-21,Premier League,D,0.05635157129674889,3.71,-1.0
2425,2025-04-22,La Liga,H,0.01086864185792824,1.23,0.22999999999999998
2425,2025-04-22,La Liga,D,0.012101199923334083,3.34,2.34
2425,2025-04-22,Ligue 1,A,0.02197399596839056,1.4,-1.0
2425,2025-04-22,Premier League,D,0.040779969319981846,4.06,-1.0
2425,2025-04-23,La Liga,D,0.030638185555018294,3.04,-1.0
2425,2025-04-23,La Liga,H,0.04032241415923543,1.36,0.3600000000000001
2425,2025-04-23,La Liga,A,0.03923023720969393,2.77,-1.0
2425,2025-04-23,La Liga,A,0.0646244030022336,1.77,0.77
2425,2025-04-23,Premier League,H,0.0601972037416314,1.41,-1.0
2425,2025-04-23,Serie A,D,0.08159319985393254,3.18,-1.0
2425,2025-04-23,Serie A,A,0.1572354211218397,2.29,1.29
2425,2025-04-23,Serie A,A,0.029550441903643643,1.76,-1.0
2425,2025-04-23,Serie A,A,0.03399427577407055,3.26,-1.0
2425,2025-04-24,La Liga,A,0.006217513618270859,6.28,-1.0
2425,2025-04-24,La Liga,A,0.03475323742659768,14.88,-1.0
2425,2025-04-24,La Liga,A,0.05890523335117598,2.77,-1.0
2425,2025-04-24,La Liga,A,0.020425169022058987,3.15,-1.0
2425,2025-04-25,Bundesliga,D,0.03685375079375472,4.9,-1.0
2425,2025-04-25,Ligue 1,H,0.04536594927749771,1.69,-1.0
2425,2025-04-26,Bundesliga,H,0.02187355235203714,1.22,0.21999999999999997
2425,2025-04-26,Bundesliga,D,0.020535273256210212,3.84,-1.0
2425,2025-04-26,Bundesliga,A,0.05815998030934111,1.73,0.73
2425,2025-04-26,Bundesliga,A,0.014684107965422744,2.15,-1.0
2425,2025-04-26,Bundesliga,H,0.057833452445245404,1.36,0.3600000000000001
2425,2025-04-26,Bundesliga,H,0.061128394745157244,2.4,-1.0
2425,2025-04-26,Ligue 1,A,0.06418359447467381,1.41,-1.0
2425,2025-04-26,Ligue 1,D,0.05169637614197653,4.09,-1.0
2425,2025-04-26,Ligue 1,A,0.06342603816038081,4.86,-1.0
2425,2025-04-26,Premier League,A,0.01316813913949702,4.76,-1.0
2425,2025-04-26,Premier League,H,0.030801899183609538,1.58,0.5800000000000001
2425,2025-04-26,Premier League,H,0.017401057283141008,1.18,0.17999999999999994
2425,2025-04-26,Premier League,A,0.0729102886403521,1.64,0.6399999999999999
2425,2025-04-26,Premier League,A,0.04102155491087345,6.24,-1.0
2425,2025-04-27,Bundesliga,D,0.03751543543692043,3.49,2.49
2425,2025-04-27,Bundesliga,D,0.02274156461743637,3.68,2.68
2425,2025-04-27,La Liga,D,0.05323816337120421,4.85,-1.0
2425,2025-04-27,Ligue 1,A,0.03892032611235985,1.58,0.5800000000000001
2425,2025-04-27,Ligue 1,D,0.021854799751913928,4.2,-1.0
2425,2025-04-27,Ligue 1,D,0.041138689080748886,4.63,-1.0
2425,2025-04-27,Ligue 1,D,0.050921681734139634,3.76,2.76
2425,2025-04-27,Ligue 1,A,0.04266905894562878,2.45,-1.0
2425,2025-04-27,Premier League,D,0.04685454546554074,4.13,3.13
2425,2025-04-27,Premier League,D,0.012383728800225147,6.57,-1.0
2425,2025-04-27,Serie A,D,0.024583866161453277,6.32,5.32
2425,2025-04-27,Serie A,D,0.03370187790559409,3.48,-1.0
2425,2025-04-27,Serie A,D,0.05062680767481503,3.51,-1.0
2425,2025-04-27,Serie A,A,0.03474683057733227,4.65,3.6500000000000004
2425,2025-04-27,Serie A,D,0.07983682446951265,7.11,-1.0
2425,2025-04-27,Serie A,D,0.021897634944137823,4.43,-1.0
2425,2025-04-27,Serie A,D,0.04118142462378388,3.98,-1.0
2425,2025-04-28,Serie A,D,0.0413044429018668,4.4,3.4000000000000004
2425,2025-04-28,Serie A,A,0.09552998154076353,1.86,-1.0
2425,2025-04-28,Serie A,D,0.05861840105125965,2.79,-1.0
2425,2025-05-01,Premier League,H,0.04458606494395734,2.17,-1.0
2425,2025-05-02,Bundesliga,D,0.04491551958442813,3.54,2.54
2425,2025-05-02,La Liga,D,0.06786482176738079,2.98,-1.0
2425,2025-05-02,Ligue 1,D,0.03351198178181092,4.92,-1.0
2425,2025-05-02,Premier League,H,0.035351221926922305,1.4,0.3999999999999999
2425,2025-05-02,Serie A,A,0.026007403916805616,3.28,-1.0
2425,2025-05-03,Bundesliga,D,0.020101975637149327,5.97,-1.0
2425,2025-05-03,Bundesliga,A,0.019872522760278233,3.11,-1.0
2425,2025-05-03,Bundesliga,D,0.040359223003724715,4.57,3.5700000000000003
2425,2025-05-03,Bundesliga,A,0.03058977243262445,2.57,1.5699999999999998
2425,2025-05-03,Bundesliga,D,0.04862521437213946,3.42,2.42
2425,2025-05-03,La Liga,A,0.021904613514393767,2.14,-1.0
2425,2025-05-03,La Liga,D,0.027301536485108024,3.34,-1.0
2425,2025-05-03,La Liga,D,0.020667556984776347,8.53,-1.0
2425,2025-05-03,La Liga,D,0.025544664800444983,4.4,-1.0
2425,2025-05-03,Ligue 1,A,0.04432492918066222,1.4,0.3999999999999999
2425,2025-05-03,Ligue 1,A,0.06240829294449979,2.57,-1.0
2425,2025-05-03,Ligue 1,D,0.0748794933466721,3.43,-1.0
2425,2025-05-03,Premier League,H,0.02371416512180108,2.08,-1.0
2425,2025-05-03,Premier League,H,0.024164907383892875,1.79,0.79
2425,2025-05-03,Premier League,H,0.05097999051035207,1.47,-1.0
2425,2025-05-03,Premier League,D,0.05631058174206821,3.62,-1.0
2425,2025-05-03,Serie A,D,0.04354381227461285,3.16,-1.0
2425,2025-05-03,Serie A,D,0.041483549039514594,5.03,-1.0
2425,2025-05-03,Serie A,D,0.02170358279860643,4.08,-1.0
2425,2025-05-03,Serie A,D,0.06087395615215346,3.38,-1.0
2425,2025-05-04,Bundesliga,H,0.012668503324032132,1.84,-1.0
2425,2025-05-04,Bundesliga,A,0.04343362242838922,2.27,-1.0
2425,2025-05-04,Bundesliga,D,0.07989533510676533,3.64,2.64
2425,2025-05-04,La Liga,A,0.01970367974640863,2.39,1.3900000000000001
2425,2025-05-04,La Liga,D,0.02844929772573182,5.64,-1.0
2425,2025-05-04,La Liga,A,0.020532107482999884,4.99,-1.0
2425,2025-05-04,La Liga,D,0.04176818806783106,3.14,2.14
2425,2025-05-04,Ligue 1,A,0.056304087088381194,3.33,2.33
2425,2025-05-04,Ligue 1,D,0.059724808842872346,5.15,-1.0
2425,2025-05-04,Ligue 1,A,0.12863447430369013,3.06,-1.0
2425,2025-05-04,Ligue 1,A,0.03796630716341856,5.42,4.42
2425,2025-05-04,Ligue 1,A,0.028610845325818562,4.28,3.2800000000000002
2425,2025-05-04,Premier League,H,0.01963380516946378,1.67,0.6699999999999999
2425,2025-05-04,Premier League,A,0.10803527451438683,2.31,-1.0
2425,2025-05-04,Premier League,H,0.026772238447027086,2.18,1.1800000000000002
2425,2025-05-04,Premier League,H,0.02571579325426515,2.1,-1.0
2425,2025-05-04,Serie A,A,0.05301295298211678,3.15,-1.0
2425,2025-05-04,Serie A,A,0.1354177369608951,1.82,0.8200000000000001
2425,2025-05-04,Serie A,D,0.024995448349933475,6.51,-1.0
2425,2025-05-04,Serie A,D,0.022671259094554197,3.85,-1.0
2425,2025-05-05,La Liga,D,0.062240329339017686,3.2,-1.0
2425,2025-05-05,Premier League,D,0.05449777336746253,3.38,2.38
2425,2025-05-05,Serie A,A,0.04933648362329457,1.79,0.79
2425,2025-05-09,Bundesliga,D,0.043787475022147526,3.7,2.7
2425,2025-05-09,La Liga,H,0.0231018459186903,2.47,-1.0
2425,2025-05-09,Serie A,A,0.04233030859590997,3.05,-1.0
2425,2025-05-10,Bundesliga,D,0.013399019314215582,9.49,-1.0
2425,2025-05-10,Bundesliga,A,0.03790991526203369,2.27,1.27
2425,2025-05-10,Bundesliga,A,0.08254285646788712,2.09,1.0899999999999999
2425,2025-05-10,Bundesliga,D,0.007426237704396932,3.47,-1.0
2425,2025-05-10,Bundesliga,A,0.04904241463462139,2.82,-1.0
2425,2025-05-10,La Liga,D,0.023313628623771038,3.83,-1.0
2425,2025-05-10,La Liga,A,0.01965319778199262,4.34,-1.0
2425,2025-05-10,La Liga,A,0.03496624532724085,2.16,1.1600000000000001
2425,2025-05-10,La Liga,H,0.008344102938810827,1.34,0.3400000000000001
2425,2025-05-10,La Liga,A,0.05974442184240267,4.13,-1.0
2425,2025-05-10,Ligue 1,A,0.06823315422597176,1.82,-1.0
2425,2025-05-10,Ligue 1,A,0.10762274267634742,2.41,-1.0
2425,2025-05-10,Ligue 1,A,0.10134718035938117,1.76,-1.0
2425,2025-05-10,Ligue 1,A,0.16889564674567203,1.5,0.5
2425,2025-05-10,Ligue 1,H,0.02601847704172755,1.82,0.8200000000000001
2425,2025-05-10,Ligue 1,D,0.045693646866350024,6.94,-1.0
2425,2025-05-10,Ligue 1,D,0.012683906416314006,3.7,-1.0
2425,2025-05-10,Ligue 1,A,0.04876640897693707,1.98,-1.0
2425,2025-05-10,Ligue 1,A,0.015536060519531991,3.06,-1.0
2425,2025-05-10,Premier League,D,0.053340444455350744,3.68,-1.0
2425,2025-05-10,Premier League,A,0.020550896922130135,4.32,3.3200000000000003
2425,2025-05-10,Premier League,A,0.06383906328834899,1.65,0.6499999999999999
2425,2025-05-10,Premier League,A,0.031098384622535113,1.19,-1.0
2425,2025-05-10,Premier League,A,0.09276131746344063,2.54,1.54
2425,2025-05-10,Serie A,D,0.046315115543547114,3.76,-1.0
2425,2025-05-10,Serie A,D,0.10058826586639036,3.39,-1.0
2425,2025-05-10,Serie A,A,0.0378975602991255,3.03,-1.0
2425,2025-05-11,Bundesliga,H,0.05292741959510894,1.52,-1.0
2425,2025-05-11,Bundesliga,A,0.01615672107536037,2.39,1.3900000000000001
2425,2025-05-11,Bundesliga,H,0.05098049508430624,1.55,0.55
2425,2025-05-11,La Liga,H,0.020681686655763087,1.88,0.8799999999999999
2425,2025-05-11,La Liga,A,0.016748335128361325,3.34,-1.0
2425,2025-05-11,La Liga,A,0.04188040498192963,5.24,-1.0
2425,2025-05-11,La Liga,H,0.035625096124144606,2.41,1.4100000000000001
2425,2025-05-11,Premier League,A,0.049311342017230975,3.57,-1.0
2425,2025-05-11,Premier League,H,0.015272534194259113,1.92,-1.0
2425,2025-05-11,Premier League,H,0.010997687543986168,2.13,1.13
2425,2025-05-11,Premier League,D,0.03294958358608502,5.34,4.34
2425,2025-05-11,Premier League,A,0.03172515882578175,2.5,1.5
2425,2025-05-11,Serie A,D,0.028992360462693906,5.08,4.08
2425,2025-05-11,Serie A,A,0.07871300505858392,1.56,0.56
2425,2025-05-11,Serie A,D,0.08312460242409181,4.35,-1.0
2425,2025-05-11,Serie A,D,0.006631339870295183,3.03,2.03
2425,2025-05-12,Serie A,A,0.01472410182132916,3.71,-1.0
2425,2025-05-12,Serie A,D,0.06572269249639057,3.2,-1.0
2425,2025-05-13,La Liga,H,0.03616880495233088,1.69,0.69
2425,2025-05-13,La Liga,D,0.04445105261998933,3.32,-1.0
2425,2025-05-13,La Liga,D,0.022009280612949406,3.88,-1.0
2425,2025-05-14,La Liga,H,0.03663307733184151,2.16,1.1600000000000001
2425,2025-05-14,La Liga,D,0.03979790773424985,5.06,-1.0
2425,2025-05-14,La Liga,D,0.03953486019609326,5.26,-1.0
2425,2025-05-15,La Liga,A,0.05115363802748529,1.3,0.30000000000000004
2425,2025-05-15,La Liga,D,0.0043532744074136764,2.65,-1.0
2425,2025-05-15,La Liga,A,0.05944875597190191,2.08,-1.0
2425,2025-05-15,La Liga,A,0.037076861111562276,2.48,-1.0
2425,2025-05-16,Premier League,H,0.017090419002778634,1.32,0.32000000000000006
2425,2025-05-16,Premier League,H,0.032917892564961804,1.46,0.45999999999999996
2425,2025-05-17,Bundesliga,A,0.05670138345107095,3.52,2.52
2425,2025-05-17,Bundesliga,D,0.02628756975664942,12.72,-1.0
2425,2025-05-17,Bundesliga,D,0.06937707696265033,3.72,-1.0
2425,2025-05-17,Bundesliga,D,0.08694687935839343,3.87,-1.0
2425,2025-05-17,Bundesliga,D,0.0487511000968775,5.23,-1.0
2425,2025-05-17,Bundesliga,D,0.05247955095390591,4.23,-1.0
2425,2025-05-17,Bundesliga,D,0.021922039512982466,3.94,2.94
2425,2025-05-17,Bundesliga,D,0.08399178980047786,4.24,-1.0
2425,2025-05-17,Bundesliga,H,0.02283352158800578,1.67,-1.0
2425,2025-05-17,Ligue 1,A,0.08038039797914087,1.83,-1.0
2425,2025-05-17,Ligue 1,D,0.04182971996077081,4.84,-1.0
2425,2025-05-17,Ligue 1,D,0.04377689240258764,6.08,-1.0
2425,2025-05-17,Ligue 1,D,0.04053597892459865,4.04,-1.0
2425,2025-05-17,Ligue 1,A,0.020720081211341,5.85,-1.0
2425,2025-05-17,Ligue 1,D,0.04504685382111209,4.76,-1.0
2425,2025-05-17,Ligue 1,A,0.015543673113484271,12.27,-1.0
2425,2025-05-17,Ligue 1,D,0.0839458713469548,4.06,-1.0
2425,2025-05-17,Ligue 1,A,0.023273451857202476,5.04,4.04
2425,2025-05-17,Serie A,D,0.03713921680340071,3.79,-1.0
2425,2025-05-18,La Liga,D,0.017494525539283545,3.72,-1.0
2425,2025-05-18,La Liga,D,0.04326355285161046,4.15,-1.0
2425,2025-05-18,La Liga,D,0.025950309116260367,3.91,-1.0
2425,2025-05-18,La Liga,D,0.033240126194471975,3.45,-1.0
2425,2025-05-18,La Liga,A,0.010308172859348874,4.16,3.16
2425,2025-05-18,La Liga,H,0.01226521621250265,1.83,0.8300000000000001
2425,2025-05-18,La Liga,A,0.029215083966416033,1.78,0.78
2425,2025-05-18,La Liga,D,0.02345096152357795,3.08,-1.0
2425,2025-05-18,La Liga,A,0.03827428879892286,3.73,2.73
2425,2025-05-18,La Liga,A,0.014541070085324459,1.62,0.6200000000000001
2425,2025-05-18,Premier League,A,0.028070335668183122,3.7,-1.0
2425,2025-05-18,Premier League,H,0.017855870962609044,1.93,-1.0
2425,2025-05-18,Premier League,D,0.020075629282639562,4.79,-1.0
2425,2025-05-18,Premier League,D,0.05493683534252075,3.59,-1.0
2425,2025-05-18,Premier League,H,0.03319999754495628,2.8,-1.0
2425,2025-05-18,Serie A,D,0.03262280466256767,3.01,-1.0
2425,2025-05-18,Serie A,A,0.09646510425263533,2.71,-1.0
2425,2025-05-18,Serie A,A,0.07013440408295815,5.06,-1.0
2425,2025-05-18,Serie A,D,0.035832528302347316,4.82,-1.0
2425,2025-05-18,Serie A,D,0.05730462701913125,3.38,-1.0
2425,2025-05-18,Serie A,D,0.04960398445670933,3.63,-1.0
2425,2025-05-18,Serie A,A,0.06362723464055808,1.52,-1.0
2425,2025-05-18,Serie A,D,0.0478008193616582,3.54,-1.0
2425,2025-05-18,Serie A,D,0.08894560084028946,3.32,2.32
2425,2025-05-19,Premier League,D,0.024617328653065096,3.82,-1.0
2425,2025-05-20,Premier League,A,0.06777662773023385,3.26,-1.0
2425,2025-05-20,Premier League,H,0.024974407287592593,1.55,0.55
2425,2025-05-23,La Liga,D,0.015579626976531591,3.78,2.78
2425,2025-05-23,Serie A,A,0.09411451197926035,1.65,0.6499999999999999
2425,2025-05-23,Serie A,D,0.05117669440180825,6.94,-1.0
2425,2025-05-24,La Liga,A,0.03608882368985794,2.36,-1.0
2425,2025-05-24,La Liga,D,0.024394616453016854,4.88,-1.0
2425,2025-05-24,La Liga,A,0.026987168123272287,1.86,0.8600000000000001
2425,2025-05-24,La Liga,D,0.0457017333920558,5.42,-1.0
2425,2025-05-24,La Liga,D,0.03940350430286574,5.04,-1.0
2425,2025-05-24,La Liga,D,0.041826787474417065,4.1,3.0999999999999996
2425,2025-05-24,Serie A,D,0.01877990624711351,4.45,-1.0
2425,2025-05-24,Serie A,D,0.04135202914207045,7.1,-1.0
2425,2025-05-25,La Liga,A,0.08201677079195957,2.11,1.1099999999999999
2425,2025-05-25,La Liga,D,0.0469567540751924,3.75,-1.0
2425,2025-05-25,La Liga,D,0.021420297948943817,4.89,-1.0
2425,2025-05-25,Premier League,D,0.04213636620922456,5.61,-1.0
2425,2025-05-25,Premier League,A,0.08177961894948593,1.61,0.6100000000000001
2425,2025-05-25,Premier League,D,0.03312738520259023,3.85,-1.0
2425,2025-05-25,Premier League,D,0.03566269136899436,5.65,4.65
2425,2025-05-25,Premier League,H,0.005992887067781394,4.37,3.37
2425,2025-05-25,Premier League,H,0.01775082288751939,1.32,-1.0
2425,2025-05-25,Premier League,A,0.02208358861859383,2.2,1.2000000000000002
2425,2025-05-25,Premier League,A,0.014346115129739712,1.29,0.29000000000000004
2425,2025-05-25,Premier League,D,0.007688346342058339,4.43,-1.0
2425,2025-05-25,Premier League,A,0.09692845913330261,2.43,-1.0
2425,2025-05-25,Serie A,D,0.04263428501571681,3.63,-1.0
2425,2025-05-25,Serie A,A,0.04745614737799386,4.21,3.21
2425,2025-05-25,Serie A,D,0.009242329269809002,3.72,-1.0
2425,2025-05-25,Serie A,A,0.031108417904999186,1.57,0.5700000000000001
2425,2025-05-25,Serie A,D,0.09034005195534645,3.64,-1.0
2425,2025-05-25,Serie A,A,0.11196833834847464,1.55,0.55
2526,2025-08-15,La Liga,D,0.06132515684309364,3.26,-1.0
2526,2025-08-15,Ligue 1,A,0.17191865753544144,2.04,-1.0
2526,2025-08-15,Premier League,D,0.00688180372302874,5.96,-1.0
2526,2025-08-16,La Liga,A,0.04484873339910406,3.64,-1.0
2526,2025-08-16,La Liga,A,0.11352601637175996,1.43,0.42999999999999994
2526,2025-08-16,La Liga,A,0.1309790129966354,3.07,-1.0
2526,2025-08-16,Ligue 1,A,0.1176580507406873,2.87,1.87
2526,2025-08-16,Ligue 1,A,0.024973833288667924,8.08,-1.0
2526,2025-08-16,Ligue 1,A,0.11492213340626684,3.47,2.47
2526,2025-08-16,Premier League,A,0.09298920286850632,2.94,-1.0
2526,2025-08-16,Premier League,A,0.040856109286868586,3.91,-1.0
2526,2025-08-16,Premier League,D,0.019607698609339946,4.8,-1.0
2526,2025-08-16,Premier League,A,0.10981087843058102,1.44,0.43999999999999995
2526,2025-08-17,La Liga,D,0.05584169447484724,3.91,-1.0
2526,2025-08-17,La Liga,A,0.059247589898060365,5.25,4.25
2526,2025-08-17,La Liga,A,0.12490927073538283,1.55,-1.0
2526,2025-08-17,Ligue 1,A,0.20496943494144754,2.96,-1.0
2526,2025-08-17,Ligue 1,A,0.12388927372499808,2.16,-1.0
2526,2025-08-17,Ligue 1,A,0.16859138233061954,2.26,1.2599999999999998
2526,2025-08-17,Ligue 1,A,0.08760852081006731,1.32,0.32000000000000006
2526,2025-08-17,Premier League,A,0.06221414803121264,5.08,-1.0
2526,2025-08-17,Premier League,A,0.05319711484353401,2.01,1.0099999999999998
2526,2025-08-17,Premier League,A,0.07266156433706672,3.43,-1.0
2526,2025-08-18,La Liga,A,0.13389558627260595,2.17,-1.0
2526,2025-08-18,Premier League,A,0.13004208722560834,2.96,-1.0
2526,2025-08-19,La Liga,A,0.02414321971963665,13.16,-1.0
2526,2025-08-22,Bundesliga,A,0.06349579723908418,10.3,-1.0
2526,2025-08-22,La Liga,A,0.004313043726628107,4.37,-1.0
2526,2025-08-22,Ligue 1,D,0.02889156488858545,11.06,-1.0
2526,2025-08-22,Premier League,A,0.1172701345526237,1.71,0.71
2526,2025-08-23,Bundesliga,D,0.058146825326355844,4.0,-1.0
2526,2025-08-23,Bundesliga,A,0.10737066039848278,4.25,3.25
2526,2025-08-23,Bundesliga,A,0.19384024917134235,2.2,1.2000000000000002
2526,2025-08-23,Bundesliga,D,0.053377636293866215,4.63,-1.0
2526,2025-08-23,Bundesliga,A,0.11301437848841711,1.71,-1.0
2526,2025-08-23,Bundesliga,A,0.19084561158361318,2.06,-1.0
2526,2025-08-23,La Liga,A,0.037920744627388175,12.91,-1.0
2526,2025-08-23,La Liga,A,0.0756568705744105,1.24,0.24
2526,2025-08-23,La Liga,A,0.08300742668470484,2.52,-1.0
2526,2025-08-23,Ligue 1,A,0.05866685173848776,6.98,-1.0
2526,2025-08-23,Ligue 1,A,0.04393399041192994,4.93,-1.0
2526,2025-08-23,Premier League,D,0.01857258999466732,5.93,-1.0
2526,2025-08-23,Premier League,A,0.02711254979217828,4.24,-1.0
2526,2025-08-23,Premier League,A,0.07545180963033854,2.21,-1.0
2526,2025-08-23,Premier League,A,0.05985592732400316,6.08,5.08
2526,2025-08-23,Serie A,A,0.09370597675069559,4.29,-1.0
2526,2025-08-23,Serie A,D,0.0532808753467979,5.09,-1.0
2526,2025-08-23,Serie A,A,0.10738284865012393,3.56,-1.0
2526,2025-08-23,Serie A,A,0.11214393746544582,1.54,0.54
2526,2025-08-24,Bundesliga,A,0.09485514376449936,3.95,2.95
2526,2025-08-24,La Liga,A,0.13245146911356803,3.13,-1.0
2526,2025-08-24,La Liga,D,0.05769580579091832,3.39,2.39
2526,2025-08-24,La Liga,A,0.08375308614911603,5.69,-1.0
2526,2025-08-24,Ligue 1,A,0.1804923400965039,1.93,0.9299999999999999
2526,2025-08-24,Ligue 1,A,0.1416518840457216,2.25,-1.0
2526,2025-08-24,Ligue 1,A,0.07292213101923906,2.54,-1.0
2526,2025-08-24,Ligue 1,A,0.09493670373504662,4.46,-1.0
2526,2025-08-24,Ligue 1,A,0.06334586563183309,3.41,-1.0
2526,2025-08-24,Premier League,A,0.10332564934140193,3.07,-1.0
2526,2025-08-24,Premier League,A,0.13427334891393844,2.32,-1.0
2526,2025-08-24,Premier League,A,0.16730437663432435,2.13,-1.0
2526,2025-08-24,Serie A,A,0.0648720483578838,2.25,-1.0
2526,2025-08-24,Serie A,A,0.17335868852670955,2.86,-1.0
2526,2025-08-24,Serie A,D,0.08005403793731619,4.58,-1.0
2526,2025-08-25,La Liga,D,0.08077334405718489,3.55,-1.0
2526,2025-08-25,La Liga,A,0.0981696134207859,3.46,2.46
2526,2025-08-25,Premier League,A,0.1312031200444248,2.02,1.02
2526,2025-08-25,Serie A,D,0.049967790872167156,4.67,-1.0
2526,2025-08-25,Serie A,A,0.1048106384447769,3.95,-1.0
2526,2025-08-27,La Liga,A,0.05448157373039847,3.17,-1.0
2526,2025-08-29,La Liga,A,0.03275946753273046,3.52,-1.0
2526,2025-08-29,La Liga,A,0.10663514949920694,3.63,-1.0
2526,2025-08-29,Ligue 1,A,0.08976121603515438,4.05,-1.0
2526,2025-08-29,Serie A,A,0.08693819715823181,2.82,-1.0
2526,2025-08-29,Serie A,A,0.0699591574433629,1.57,0.5700000000000001
2526,2025-08-30,Bundesliga,A,0.05648967872030086,1.24,0.24
2526,2025-08-30,Bundesliga,A,0.10478598720540466,2.24,1.2400000000000002
2526,2025-08-30,Bundesliga,D,0.07765266666139331,4.83,-1.0
2526,2025-08-30,Bundesliga,D,0.06687848487707035,4.45,-1.0
2526,2025-08-30,Bundesliga,A,0.18749887226725287,1.91,-1.0
2526,2025-08-30,La Liga,A,0.09902547537643858,1.78,-1.0
2526,2025-08-30,La Liga,D,0.07102089922741867,3.29,-1.0
2526,2025-08-30,La Liga,D,0.032246424618462805,6.96,-1.0
2526,2025-08-30,Ligue 1,A,0.11917658258377833,2.11,1.1099999999999999
2526,2025-08-30,Ligue 1,A,0.0682646058203617,3.24,-1.0
2526,2025-08-30,Ligue 1,A,0.07603079200264662,1.34,0.3400000000000001
2526,2025-08-30,Premier League,A,0.046947693593035855,5.6,-1.0
2526,2025-08-30,Premier League,A,0.08188062145705721,2.12,-1.0
2526,2025-08-30,Premier League,D,0.013042760131467213,5.15,-1.0
2526,2025-08-30,Premier League,D,0.04657994056188211,4.06,-1.0
2526,2025-08-30,Premier League,A,0.09916881790448084,2.74,1.7400000000000002
2526,2025-08-30,Serie A,D,0.03310987470799032,3.14,-1.0
2526,2025-08-30,Serie A,D,0.04586916107578276,5.23,-1.0
2526,2025-08-30,Serie A,A,0.09110569502106647,1.96,-1.0
2526,2025-08-31,Bundesliga,A,0.050357525746241,7.02,-1.0
2526,2025-08-31,Bundesliga,A,0.17333353155292486,2.74,-1.0
2526,2025-08-31,Bundesliga,A,0.09291650932881257,3.34,-1.0
2526,2025-08-31,La Liga,A,0.06929107479600005,2.46,1.46
2526,2025-08-31,La Liga,A,0.137267918523737,2.43,-1.0
2526,2025-08-31,La Liga,A,0.07404766027278892,3.09,-1.0
2526,2025-08-31,La Liga,A,0.11849988994844207,1.39,-1.0
2526,2025-08-31,Ligue 1,A,0.11456828671730124,2.11,-1.0
2526,2025-08-31,Ligue 1,A,0.15290831845598868,2.05,-1.0
2526,2025-08-31,Ligue 1,A,0.15534829661295851,2.4,-1.0
2526,2025-08-31,Ligue 1,A,0.039324227706662856,5.5,-1.0
2526,2025-08-31,Premier League,A,0.12256997244799389,4.07,3.0700000000000003
2526,2025-08-31,Premier League,A,0.1531587117724338,1.85,-1.0
2526,2025-08-31,Premier League,A,0.05436934972095009,3.17,-1.0
2526,2025-08-31,Premier League,A,0.03574300245686826,5.03,4.03
2526,2025-08-31,Serie A,A,0.14426911256400887,1.86,0.8600000000000001
2526,2025-08-31,Serie A,A,0.04993932385037762,9.22,8.22
2526,2025-08-31,Serie A,A,0.03596939234527352,6.9,-1.0
2526,2025-08-31,Serie A,A,0.0389717416794379,2.36,-1.0
2526,2025-09-12,Bundesliga,A,0.06172221894722624,3.11,-1.0
2526,2025-09-12,La Liga,A,0.026703615851794538,4.47,-1.0
2526,2025-09-12,Ligue 1,A,0.057815602159900836,7.55,-1.0
2526,2025-09-13,Bundesliga,A,0.10887760010856484,2.29,-1.0
2526,2025-09-13,Bundesliga,A,0.0852663078200463,1.55,0.55
2526,2025-09-13,Bundesliga,A,0.17995261079023062,2.53,1.5299999999999998
2526,2025-09-13,Bundesliga,A,0.11023528522148279,2.64,1.6400000000000001
2526,2025-09-13,Bundesliga,D,0.06468827368545776,3.56,2.56
2526,2025-09-13,La Liga,A,0.04576149450871492,6.25,5.25
2526,2025-09-13,La Liga,A,0.048044809049942516,4.28,-1.0
2526,2025-09-13,La Liga,A,0.056036489910795795,1.59,0.5900000000000001
2526,2025-09-13,Ligue 1,A,0.12703806649699445,1.59,0.5900000000000001
2526,2025-09-13,Ligue 1,A,0.0645846575326886,4.95,-1.0
2526,2025-09-13,Premier League,A,0.009786791468018863,8.16,-1.0
2526,2025-09-13,Premier League,A,0.02866206490308365,2.87,-1.0
2526,2025-09-13,Premier League,A,0.1299179827751411,1.73,-1.0
2526,2025-09-13,Premier League,A,0.06173909368230579,2.95,-1.0
2526,2025-09-13,Premier League,D,0.030156487598079873,3.51,-1.0
2526,2025-09-13,Premier League,H,0.04292643517741224,1.43,0.42999999999999994
2526,2025-09-13,Premier League,A,0.15972289976425025,2.1,1.1
2526,2025-09-13,Serie A,D,0.045151708856486894,3.21,-1.0
2526,2025-09-13,Serie A,A,0.11806696452106047,2.22,1.2200000000000002
2526,2025-09-13,Serie A,A,0.0980659848880221,2.77,-1.0
2526,2025-09-14,Bundesliga,D,0.05447477021659283,3.92,-1.0
2526,2025-09-14,Bundesliga,A,0.14230895303805868,3.25,-1.0
2526,2025-09-14,La Liga,D,0.05564855756116496,7.01,-1.0
2526,2025-09-14,La Liga,A,0.03416940235466473,4.61,-1.0
2526,2025-09-14,La Liga,A,0.17813434438781606,2.25,-1.0
2526,2025-09-14,La Liga,A,0.1349131705835256,2.91,-1.0
2526,2025-09-14,Ligue 1,A,0.14201448668904046,4.25,-1.0
2526,2025-09-14,Ligue 1,A,0.08592375456099732,3.1,-1.0
2526,2025-09-14,Ligue 1,D,0.05743319467451313,5.75,-1.0
2526,2025-09-14,Ligue 1,D,0.07388019534686724,3.48,-1.0
2526,2025-09-14,Ligue 1,A,0.04278974915872941,5.22,-1.0
2526,2025-09-14,Premier League,A,0.09722743540749923,1.33,0.33000000000000007
2526,2025-09-14,Premier League,A,0.10092603314259779,4.19,-1.0
2526,2025-09-14,Serie A,D,0.052620286847192665,4.56,-1.0
2526,2025-09-14,Serie A,A,0.07190049828961503,4.04,-1.0
2526,2025-09-14,Serie A,D,0.0682098406860677,4.08,-1.0
2526,2025-09-14,Serie A,A,0.16445832818687522,2.04,-1.0
2526,2025-09-15,La Liga,D,0.07591817646429866,3.22,-1.0
2526,2025-09-15,Serie A,A,0.07553455816231411,5.5,-1.0
2526,2025-09-15,Serie A,D,0.0502029067234393,3.13,2.13
2526,2025-09-19,Bundesliga,A,0.049031929485401,4.33,-1.0
2526,2025-09-19,La Liga,A,0.07421476057116241,3.8,-1.0
2526,2025-09-19,Ligue 1,A,0.03315915912609088,7.02,-1.0
2526,2025-09-19,Serie A,A,0.08364505363065589,2.78,1.7799999999999998
2526,2025-09-20,Bundesliga,A,0.17483980791937742,2.55,1.5499999999999998
2526,2025-09-20,Bundesliga,A,0.08042206282873621,1.32,0.32000000000000006
2526,2025-09-20,Bundesliga,D,0.05872529727960765,4.15,-1.0
2526,2025-09-20,Bundesliga,A,0.1790944778678556,2.72,1.7200000000000002
2526,2025-09-20,La Liga,A,0.08155378082114068,3.29,2.29
2526,2025-09-20,La Liga,D,0.0678049488961533,3.51,-1.0
2526,2025-09-20,La Liga,D,0.04077071032861895,6.67,-1.0
2526,2025-09-20,La Liga,A,0.03688668504055198,2.48,-1.0
2526,2025-09-20,La Liga,D,0.017525502638322227,4.2,-1.0
2526,2025-09-20,Ligue 1,D,0.09125831638881521,3.51,-1.0
2526,2025-09-20,Ligue 1,A,0.07358925769953506,2.8,-1.0
2526,2025-09-20,Ligue 1,A,0.12860716397357413,2.11,-1.0
2526,2025-09-20,Premier League,A,0.11286608878090615,3.0,-1.0
2526,2025-09-20,Premier League,A,0.11964071422651168,2.18,-1.0
2526,2025-09-20,Premier League,A,0.0041688539053046925,3.69,-1.0
2526,2025-09-20,Premier League,D,0.031028605334175313,4.65,-1.0
2526,2025-09-20,Premier League,D,0.0545169990417238,3.69,-1.0
2526,2025-09-20,Premier League,A,0.09404141289688378,2.37,1.37
2526,2025-09-20,Premier League,A,0.09142333580985618,2.74,1.7400000000000002
2526,2025-09-20,Serie A,D,0.06891319663395112,3.3,-1.0
2526,2025-09-20,Serie A,A,0.09684101626210773,1.82,0.8200000000000001
2526,2025-09-20,Serie A,A,0.09204567062059454,1.55,-1.0
2526,2025-09-21,Bundesliga,A,0.12454745406265452,5.78,-1.0
2526,2025-09-21,Bundesliga,A,0.06628145384330356,5.27,4.27
2526,2025-09-21,Bundesliga,D,0.1059641089900426,4.52,3.5199999999999996
2526,2025-09-21,La Liga,A,0.07483253279029795,11.89,-1.0
2526,2025-09-21,La Liga,A,0.1198886025018513,1.72,-1.0
2526,2025-09-21,La Liga,A,0.15406950359110777,3.09,-1.0
2526,2025-09-21,Ligue 1,A,0.1590242931937223,2.63,-1.0
2526,2025-09-21,Ligue 1,A,0.1768614608549054,3.05,-1.0
2526,2025-09-21,Ligue 1,D,0.047088896670858665,6.09,-1.0
2526,2025-09-21,Premier League,D,0.0519962079127082,3.7,2.7
2526,2025-09-21,Premier League,A,0.1008834375352804,2.78,-1.0
2526,2025-09-21,Serie A,A,0.13870636749933818,2.87,-1.0
2526,2025-09-21,Serie A,A,0.12908615593781037,2.73,1.73
2526,2025-09-21,Serie A,D,0.04679094802314179,5.65,-1.0
2526,2025-09-21,Serie A,A,0.09895350589650598,2.58,1.58
2526,2025-09-21,Serie A,A,0.11226548053858326,2.14,1.1400000000000001
2526,2025-09-22,Ligue 1,A,0.1602538958271858,1.89,-1.0
2526,2025-09-23,La Liga,A,0.045238325332009166,7.23,-1.0
2526,2025-09-23,La Liga,A,0.07800191439681387,3.3,-1.0
2526,2025-09-23,La Liga,A,0.07666399174072147,1.31,0.31000000000000005
2526,2025-09-23,La Liga,A,0.10898746292481376,2.32,1.3199999999999998
2526,2025-09-24,La Liga,A,0.034373021298945206,6.31,-1.0
2526,2025-09-24,La Liga,A,0.07164359720772351,3.6,-1.0
2526,2025-09-24,La Liga,D,0.015966193291948816,3.49,-1.0
2526,2025-09-25,La Liga,A,0.0743769598158279,4.21,-1.0
2526,2025-09-25,La Liga,A,0.07019652831671264,1.25,0.25
2526,2025-09-26,Bundesliga,D,0.034023329502964966,10.97,-1.0
2526,2025-09-26,La Liga,D,0.074864489798182,3.31,2.31
2526,2025-09-26,Ligue 1,A,0.11841718970310172,2.0,1.0
2526,2025-09-27,Bundesliga,A,0.17800648627335297,2.46,-1.0
2526,2025-09-27,Bundesliga,A,0.10745146286127577,2.18,1.1800000000000002
2526,2025-09-27,Bundesliga,A,0.06894156080360875,2.08,1.08
2526,2025-09-27,Bundesliga,A,0.17101979285284363,2.18,1.1800000000000002
2526,2025-09-27,Bundesliga,A,0.1849248700132628,2.5,1.5
2526,2025-09-27,La Liga,D,0.05752939160235704,3.53,-1.0
2526,2025-09-27,La Liga,D,0.05662910185632375,3.13,2.13
2526,2025-09-27,La Liga,A,0.0944357624130262,3.4,-1.0
2526,2025-09-27,La Liga,A,0.09384695555752881,3.64,-1.0
2526,2025-09-27,Ligue 1,A,0.12242931104230192,1.6,-1.0
2526,2025-09-27,Ligue 1,D,0.04666447145426282,7.95,-1.0
2526,2025-09-27,Ligue 1,A,0.07116667622123368,5.11,-1.0
2526,2025-09-27,Premier League,A,0.09521787152313749,2.02,-1.0
2526,2025-09-27,Premier League,A,0.02652495277718636,3.86,2.86
2526,2025-09-27,Premier League,A,0.13420468572363153,1.91,-1.0
2526,2025-09-27,Premier League,A,0.05571711809977603,2.41,-1.0
2526,2025-09-27,Premier League,A,0.02703610680061847,15.54,-1.0
2526,2025-09-27,Premier League,D,0.04242389184933576,3.67,-1.0
2526,2025-09-27,Premier League,A,0.05103080526217077,6.38,-1.0
2526,2025-09-27,Serie A,A,0.10295909262891478,1.54,0.54
2526,2025-09-27,Serie A,D,0.04938223506112671,4.41,3.41
2526,2025-09-27,Serie A,D,0.06548885549413264,3.55,2.55
2526,2025-09-28,Bundesliga,A,0.12907237015911882,2.29,1.29
2526,2025-09-28,Bundesliga,A,0.09942149470654721,3.01,-1.0
2526,2025-09-28,La Liga,A,0.049937791711122545,9.61,-1.0
2526,2025-09-28,La Liga,D,0.06494748713475973,3.68,-1.0
2526,2025-09-28,La Liga,A,0.21349305697552978,2.57,-1.0
2526,2025-09-28,La Liga,A,0.06644902630871316,3.8,2.8
2526,2025-09-28,Ligue 1,A,0.1780130334667746,2.31,1.31
2526,2025-09-28,Ligue 1,A,0.10160889988393695,3.05,2.05
2526,2025-09-28,Ligue 1,A,0.10728832574362679,2.62,-1.0
2526,2025-09-28,Ligue 1,A,0.09732306019362658,3.76,-1.0
2526,2025-09-28,Ligue 1,A,0.09899035398687117,2.76,-1.0
2526,2025-09-28,Premier League,A,0.085525424305254,3.3,-1.0
2526,2025-09-28,Premier League,A,0.13007541101728926,2.12,1.12
2526,2025-09-28,Serie A,A,0.08690376193619748,2.06,-1.0
2526,2025-09-28,Serie A,A,0.10404227798587284,3.08,-1.0
2526,2025-09-28,Serie A,A,0.07499628203838751,8.09,-1.0
2526,2025-09-28,Serie A,A,0.13434508389662364,3.15,-1.0
2526,2025-09-29,Premier League,A,0.036275250639910994,4.83,-1.0
2526,2025-09-29,Serie A,A,0.13293359269500643,2.5,1.5
2526,2025-09-29,Serie A,A,0.08016531489958634,3.35,-1.0
2526,2025-09-30,La Liga,D,0.0743468304606209,3.64,-1.0
2526,2025-10-03,Bundesliga,D,0.0854773539556212,3.82,-1.0
2526,2025-10-03,La Liga,A,0.09593557605282946,4.1,-1.0
2526,2025-10-03,Ligue 1,A,0.03190963881395906,4.39,-1.0
2526,2025-10-03,Premier League,A,0.05289302782568883,3.85,-1.0
2526,2025-10-03,Serie A,D,0.09377005272071609,3.12,-1.0
2526,2025-10-04,Bundesliga,A,0.19270633610409432,2.42,-1.0
2526,2025-10-04,Bundesliga,A,0.1528430249863273,4.14,-1.0
2526,2025-10-04,Bundesliga,A,0.09327411348613146,1.42,0.41999999999999993
2526,2025-10-04,Bundesliga,A,0.08239274739683441,4.65,-1.0
2526,2025-10-04,Bundesliga,A,0.16020588387522489,2.86,-1.0
2526,2025-10-04,La Liga,A,0.03586525060845544,6.8,-1.0
2526,2025-10-04,La Liga,A,0.06433237801097336,2.84,-1.0
2526,2025-10-04,La Liga,A,0.06522437014305954,2.86,1.8599999999999999
2526,2025-10-04,La Liga,D,0.019907758759962896,4.98,-1.0
2526,2025-10-04,Ligue 1,A,0.14315812828918922,1.94,0.94
2526,2025-10-04,Ligue 1,A,0.0648023509091156,4.0,-1.0
2526,2025-10-04,Ligue 1,A,0.0951686307770786,1.46,0.45999999999999996
2526,2025-10-04,Premier League,A,0.01805135061710355,15.25,-1.0
2526,2025-10-04,Premier League,A,0.09890376839558523,2.28,-1.0
2526,2025-10-04,Premier League,A,0.09223910626661874,2.49,1.4900000000000002
2526,2025-10-04,Premier League,D,0.026229242358382837,4.55,-1.0
2526,2025-10-04,Serie A,A,0.11214534767447315,3.21,-1.0
2526,2025-10-04,Serie A,D,0.04275689009482067,6.95,-1.0
2526,2025-10-04,Serie A,A,0.06012871263821257,5.11,-1.0
2526,2025-10-04,Serie A,D,0.05815210058940201,3.54,-1.0
2526,2025-10-05,Bundesliga,A,0.16354109493279773,2.36,-1.0
2526,2025-10-05,Bundesliga,A,0.09901500844924216,2.92,-1.0
2526,2025-10-05,Bundesliga,A,0.05575661274938276,6.48,-1.0
2526,2025-10-05,La Liga,A,0.09029600274459754,3.26,-1.0
2526,2025-10-05,La Liga,A,0.14120072754053992,1.77,-1.0
2526,2025-10-05,La Liga,A,0.09544634892535603,2.63,1.63
2526,2025-10-05,La Liga,A,0.09974774257811514,1.45,-1.0
2526,2025-10-05,La Liga,A,0.13794204534051907,3.59,2.59
2526,2025-10-05,Ligue 1,A,0.12927531233342976,2.31,-1.0
2526,2025-10-05,Ligue 1,A,0.1780759961022157,1.73,-1.0
2526,2025-10-05,Ligue 1,A,0.11262853630836972,3.86,2.86
2526,2025-10-05,Ligue 1,A,0.06048125963562595,3.69,-1.0
2526,2025-10-05,Ligue 1,A,0.1101682902976574,5.18,-1.0
2526,2025-10-05,Premier League,A,0.05760872869800546,5.76,-1.0
2526,2025-10-05,Premier League,A,0.12469157705745626,1.64,0.6399999999999999
2526,2025-10-05,Premier League,A,0.041071812174972466,2.89,-1.0
2526,2025-10-05,Premier League,A,0.016694857158331716,5.46,-1.0
2526,2025-10-05,Premier League,A,0.04591654432815162,1.99,-1.0
2526,2025-10-05,Serie A,D,0.1126594968150888,3.77,-1.0
2526,2025-10-05,Serie A,A,0.1315734126114571,2.39,1.3900000000000001
2526,2025-10-05,Serie A,D,0.06961457055659909,3.19,2.19
2526,2025-10-05,Serie A,D,0.0818407898907289,4.0,-1.0
2526,2025-10-05,Serie A,A,0.06008228788326142,3.51,-1.0
2526,2025-10-17,Bundesliga,A,0.0922507275966501,3.24,-1.0
2526,2025-10-17,La Liga,A,0.05601323179180456,2.53,1.5299999999999998
2526,2025-10-17,Ligue 1,D,0.02739839107461095,5.75,4.75
2526,2025-10-18,Bundesliga,D,0.04262663192882962,5.52,-1.0
2526,2025-10-18,Bundesliga,A,0.11583475844311564,3.39,-1.0
2526,2025-10-18,Bundesliga,A,0.09576719352128832,2.32,-1.0
2526,2025-10-18,Bundesliga,A,0.13043784139814113,2.39,1.3900000000000001
2526,2025-10-18,Bundesliga,D,0.11018991916725318,5.07,-1.0
2526,2025-10-18,Bundesliga,A,0.07358439959042645,2.49,1.4900000000000002
2526,2025-10-18,La Liga,D,0.010315310486129714,4.68,-1.0
2526,2025-10-18,La Liga,A,0.03549066869933193,12.16,-1.0
2526,2025-10-18,La Liga,A,0.05085313662880861,4.46,3.46
2526,2025-10-18,La Liga,D,0.058360911078612854,3.73,2.73
2526,2025-10-18,Ligue 1,A,0.13726067385739948,1.6,-1.0
2526,2025-10-18,Ligue 1,A,0.0469643387113825,8.79,-1.0
2526,2025-10-18,Ligue 1,A,0.06423041270043317,2.76,-1.0
2526,2025-10-18,Premier League,A,0.0985101045485573,2.62,-1.0
2526,2025-10-18,Premier League,A,0.08388535649277362,2.26,-1.0
2526,2025-10-18,Premier League,A,0.05547543026780266,3.22,-1.0
2526,2025-10-18,Premier League,A,0.11636072236202999,1.54,0.54
2526,2025-10-18,Premier League,H,0.015198343951686066,1.38,0.3799999999999999
2526,2025-10-18,Premier League,A,0.03154868482049977,1.93,0.9299999999999999
2526,2025-10-18,Premier League,A,0.10780831109374817,3.13,-1.0
2526,2025-10-18,Serie A,D,0.05250661951364405,3.14,2.14
2526,2025-10-18,Serie A,A,0.09027528403901885,2.94,-1.0
2526,2025-10-18,Serie A,A,0.09370371359571678,2.27,1.27
2526,2025-10-18,Serie A,A,0.06457380965149007,1.77,-1.0
2526,2025-10-19,Bundesliga,A,0.1521150078203677,2.6,-1.0
2526,2025-10-19,Bundesliga,A,0.12524872898661327,2.78,1.7799999999999998
2526,2025-10-19,La Liga,A,0.057453132867529955,3.46,-1.0
2526,2025-10-19,La Liga,A,0.1884218244969365,2.12,-1.0
2526,2025-10-19,La Liga,A,0.1105686107017878,1.42,0.41999999999999993
2526,2025-10-19,La Liga,A,0.1709233045412299,2.5,1.5
2526,2025-10-19,Ligue 1,A,0.10708605892861073,3.87,-1.0
2526,2025-10-19,Ligue 1,A,0.08754326831000442,2.86,-1.0
2526,2025-10-19,Ligue 1,A,0.14731217422103382,1.79,0.79
2526,2025-10-19,Ligue 1,A,0.0662952140441681,4.53,-1.0
2526,2025-10-19,Ligue 1,A,0.1103131873731589,5.57,-1.0
2526,2025-10-19,Premier League,D,0.051035299420099295,4.4,-1.0
2526,2025-10-19,Premier League,A,0.0685871340191529,3.42,2.42
2526,2025-10-19,Serie A,D,0.1136306227206334,3.88,2.88
2526,2025-10-19,Serie A,D,0.07541094227332762,3.22,-1.0
2526,2025-10-19,Serie A,A,0.12890848071033295,2.43,-1.0
2526,2025-10-19,Serie A,A,0.07986071997799501,3.83,-1.0
2526,2025-10-19,Serie A,D,0.08230295330231666,4.16,-1.0
2526,2025-10-20,La Liga,A,0.10592148766877812,3.4,-1.0
2526,2025-10-20,Premier League,A,0.10388487276006803,2.82,1.8199999999999998
2526,2025-10-20,Serie A,A,0.15336911463001485,2.44,-1.0
2526,2025-10-24,Bundesliga,A,0.12163657983680165,3.03,-1.0
2526,2025-10-24,La Liga,D,0.03924760918350412,3.42,-1.0
2526,2025-10-24,Ligue 1,D,0.026224161381100036,3.99,-1.0
2526,2025-10-24,Premier League,A,0.03965613936794604,4.59,-1.0
2526,2025-10-24,Serie A,D,0.11155945951058532,5.19,4.19
2526,2025-10-25,Bundesliga,A,0.17826503172146274,1.99,0.99
2526,2025-10-25,Bundesliga,A,0.040565507755954355,6.36,-1.0
2526,2025-10-25,Bundesliga,D,0.0665452279896191,4.06,-1.0
2526,2025-10-25,Bundesliga,A,0.157162073343946,2.81,1.81
2526,2025-10-25,Bundesliga,A,0.06960693937252421,5.03,-1.0
2526,2025-10-25,Bundesliga,D,0.04289735744334153,6.81,-1.0
2526,2025-10-25,La Liga,A,0.04993439581167,6.08,5.08
2526,2025-10-25,La Liga,A,0.061090189050670624,3.91,-1.0
2526,2025-10-25,La Liga,A,0.047610831665367115,4.6,-1.0
2526,2025-10-25,La Liga,A,0.054032426845079806,2.18,1.1800000000000002
2526,2025-10-25,Ligue 1,A,0.13149845555389017,1.32,0.32000000000000006
2526,2025-10-25,Ligue 1,A,0.08655645041046212,2.4,-1.0
2526,2025-10-25,Ligue 1,A,0.10695648930999468,3.91,-1.0
2526,2025-10-25,Premier League,A,0.07293037955812176,1.73,-1.0
2526,2025-10-25,Premier League,A,0.03040699926439197,8.31,7.3100000000000005
2526,2025-10-25,Premier League,D,0.03368360609358656,3.83,-1.0
2526,2025-10-25,Premier League,D,0.02530278782662121,3.97,-1.0
2526,2025-10-25,Serie A,A,0.10789346206927364,1.62,-1.0
2526,2025-10-25,Serie A,A,0.13454562648575702,2.45,-1.0
2526,2025-10-25,Serie A,A,0.14710833499443027,1.97,-1.0
2526,2025-10-25,Serie A,D,0.0505320423025018,3.45,-1.0
2526,2025-10-26,Bundesliga,A,0.11244033460852099,4.17,-1.0
2526,2025-10-26,Bundesliga,A,0.136455799214233,4.22,-1.0
2526,2025-10-26,La Liga,A,0.05826899192364232,3.58,-1.0
2526,2025-10-26,La Liga,A,0.16854373241166698,3.08,2.08
2526,2025-10-26,La Liga,D,0.06624002235158818,4.07,-1.0
2526,2025-10-26,La Liga,A,0.11581065839615781,3.88,-1.0
2526,2025-10-26,Ligue 1,A,0.0964028319335608,2.78,-1.0
2526,2025-10-26,Ligue 1,A,0.13048926144350237,3.41,2.41
2526,2025-10-26,Ligue 1,A,0.040238280285956454,9.04,-1.0
2526,2025-10-26,Ligue 1,A,0.08264167132067818,3.3,-1.0
2526,2025-10-26,Ligue 1,A,0.099209663628606,3.11,2.11
2526,2025-10-26,Premier League,H,0.009483723204213867,1.41,0.4099999999999999
2526,2025-10-26,Premier League,A,0.12288669935831165,1.83,-1.0
2526,2025-10-26,Premier League,A,0.08692959154624633,4.29,-1.0
2526,2025-10-26,Premier League,A,0.0824819122130776,2.99,1.9900000000000002
2526,2025-10-26,Premier League,A,0.04922349199624182,4.06,3.0599999999999996
2526,2025-10-26,Serie A,D,0.07688259517030521,3.13,2.13
2526,2025-10-26,Serie A,A,0.15731009997832618,2.31,-1.0
2526,2025-10-26,Serie A,A,0.13265608893759118,1.83,0.8300000000000001
2526,2025-10-26,Serie A,D,0.09445083418843159,2.94,-1.0
2526,2025-10-26,Serie A,A,0.0741307918541862,3.47,-1.0
2526,2025-10-27,La Liga,A,0.14798355019211895,2.17,1.17
2526,2025-10-28,Serie A,D,0.05296752229736512,3.26,2.26
2526,2025-10-28,Serie A,A,0.0913144713217845,1.54,0.54
2526,2025-10-29,Ligue 1,A,0.13984358760267912,2.76,-1.0
2526,2025-10-29,Ligue 1,A,0.08441428032167941,1.25,-1.0
2526,2025-10-29,Ligue 1,A,0.05212451781546716,12.53,-1.0
2526,2025-10-29,Ligue 1,A,0.03352646232374401,1.49,-1.0
2526,2025-10-29,Ligue 1,A,0.1754857488604794,1.66,0.6599999999999999
2526,2025-10-29,Ligue 1,A,0.08939747804898523,2.32,-1.0
2526,2025-10-29,Ligue 1,A,0.08337497946117128,2.49,-1.0
2526,2025-10-29,Ligue 1,A,0.08287600573816789,4.55,-1.0
2526,2025-10-29,Ligue 1,A,0.092876258847299,3.32,-1.0
2526,2025-10-29,Serie A,D,0.07884308185863254,3.45,2.45
2526,2025-10-29,Serie A,A,0.08021231311179644,6.03,-1.0
2526,2025-10-29,Serie A,A,0.047923324217208574,4.72,3.7199999999999998
2526,2025-10-29,Serie A,D,0.051616728049752814,4.77,-1.0
2526,2025-10-29,Serie A,A,0.03836905411821548,7.42,-1.0
2526,2025-10-29,Serie A,D,0.090391471550995,4.04,-1.0
2526,2025-10-30,Serie A,D,0.0750044050834675,3.17,-1.0
2526,2025-10-30,Serie A,A,0.08324629992845611,2.09,-1.0
2526,2025-10-31,Bundesliga,A,0.07645997173602592,1.58,0.5800000000000001
2526,2025-10-31,La Liga,A,0.07562547911230613,3.91,-1.0
2526,2025-11-01,Bundesliga,A,0.030080048925080857,10.44,-1.0
2526,2025-11-01,Bundesliga,A,0.15398641394062074,1.91,-1.0
2526,2025-11-01,Bundesliga,D,0.0823236936099718,3.77,2.77
2526,2025-11-01,Bundesliga,D,0.08679306349351681,3.87,-1.0
2526,2025-11-01,Bundesliga,A,0.11165139880055552,3.34,2.34
2526,2025-11-01,Bundesliga,A,0.15323347431991913,2.74,-1.0
2526,2025-11-01,La Liga,D,0.03898134028313194,5.3,-1.0
2526,2025-11-01,La Liga,D,0.06300949276562036,7.58,-1.0
2526,2025-11-01,La Liga,A,0.11712210692671593,2.77,-1.0
2526,2025-11-01,La Liga,D,0.07546580255985441,3.85,-1.0
2526,2025-11-01,Ligue 1,A,0.11519813191854023,1.66,0.6599999999999999
2526,2025-11-01,Ligue 1,A,0.0720088668100127,4.36,3.3600000000000003
2526,2025-11-01,Ligue 1,D,0.03278301828208391,6.28,-1.0
2526,2025-11-01,Premier League,D,0.04418672885267094,3.74,-1.0
2526,2025-11-01,Premier League,A,0.08026826328523651,1.28,0.28
2526,2025-11-01,Premier League,D,0.03426445501686193,3.65,-1.0
2526,2025-11-01,Premier League,A,0.08213686921003355,4.51,-1.0
2526,2025-11-01,Premier League,A,0.004190798828996478,4.81,-1.0
2526,2025-11-01,Premier League,A,0.04020688318957061,2.05,-1.0
2526,2025-11-01,Premier League,A,0.03157736000151956,2.5,1.5
2526,2025-11-01,Serie A,A,0.13855071297032018,1.48,0.48
2526,2025-11-01,Serie A,A,0.09163602234860063,4.35,-1.0
2526,2025-11-01,Serie A,A,0.16312420249714465,1.8,-1.0
2526,2025-11-02,Bundesliga,A,0.10051748671852395,3.19,-1.0
2526,2025-11-02,Bundesliga,A,0.13412019658724472,2.31,1.31
2526,2025-11-02,La Liga,A,0.047764770264083156,3.24,-1.0
2526,2025-11-02,La Liga,D,0.031551316297360105,6.46,-1.0
2526,2025-11-02,La Liga,D,0.07863918702370146,4.02,-1.0
2526,2025-11-02,La Liga,A,0.17070821631426986,2.43,1.4300000000000002
2526,2025-11-02,Ligue 1,A,0.10455935565864638,2.22,-1.0
2526,2025-11-02,Ligue 1,A,0.08883184780194078,6.61,-1.0
2526,2025-11-02,Ligue 1,A,0.023911774648935985,10.33,-1.0
2526,2025-11-02,Ligue 1,A,0.0792242640263146,4.0,3.0
2526,2025-11-02,Ligue 1,A,0.08394112133251613,2.86,-1.0
2526,2025-11-02,Ligue 1,A,0.09905106432262556,4.65,-1.0
2526,2025-11-02,Premier League,D,0.03791659741217007,4.64,-1.0
2526,2025-11-02,Premier League,A,0.11976590318829117,1.64,-1.0
2526,2025-11-02,Serie A,A,0.07837294518494994,5.62,4.62
2526,2025-11-02,Serie A,A,0.10306049309357124,3.68,-1.0
2526,2025-11-02,Serie A,A,0.08620452541276652,2.05,1.0499999999999998
2526,2025-11-02,Serie A,D,0.13218390230250399,3.29,2.29
2526,2025-11-02,Serie A,A,0.09175118374008673,1.39,0.3899999999999999
2526,2025-11-03,La Liga,A,0.13149829852339057,2.52,-1.0
2526,2025-11-03,Premier League,A,0.11278647773967593,2.67,-1.0
2526,2025-11-03,Serie A,A,0.05876402193388494,6.05,-1.0
2526,2025-11-03,Serie A,D,0.07791558962353551,3.02,-1.0
2526,2025-11-07,Bundesliga,A,0.09226179179349148,3.07,-1.0
2526,2025-11-07,La Liga,A,0.06244889379151869,2.7,-1.0
2526,2025-11-07,Ligue 1,A,0.08182835729368992,3.13,2.13
2526,2025-11-07,Serie A,A,0.07134847662793703,3.49,-1.0
2526,2025-11-08,Bundesliga,A,0.1308454577721725,1.66,-1.0
2526,2025-11-08,Bundesliga,A,0.16182130820288232,2.36,-1.0
2526,2025-11-08,Bundesliga,D,0.07420478759399779,4.86,-1.0
2526,2025-11-08,Bundesliga,A,0.12832275377062718,3.06,-1.0
2526,2025-11-08,Bundesliga,A,0.020574017560748725,1.2,-1.0
2526,2025-11-08,La Liga,A,0.03169532186925485,12.28,-1.0
2526,2025-11-08,La Liga,A,0.08671957057993895,2.37,1.37
2526,2025-11-08,La Liga,A,0.06960615916014207,3.05,-1.0
2526,2025-11-08,La Liga,A,0.04022103014919792,3.52,-1.0
2526,2025-11-08,Ligue 1,A,0.08013679362181758,4.29,-1.0
2526,2025-11-08,Ligue 1,A,0.05164173464699001,6.58,-1.0
2526,2025-11-08,Ligue 1,D,0.0436981264313947,3.82,-1.0
2526,2025-11-08,Premier League,A,0.05892172227444256,8.27,-1.0
2526,2025-11-08,Premier League,D,0.06796485845442773,3.28,-1.0
2526,2025-11-08,Premier League,A,0.11528960500917751,1.39,-1.0
2526,2025-11-08,Premier League,A,0.0858981161073103,2.52,-1.0
2526,2025-11-08,Premier League,A,0.037550163074191456,3.98,-1.0
2526,2025-11-08,Serie A,A,0.04167140702109315,6.69,-1.0
2526,2025-11-08,Serie A,D,0.06223967614849274,4.07,3.0700000000000003
2526,2025-11-08,Serie A,A,0.09909447416780642,2.91,-1.0
2526,2025-11-08,Serie A,A,0.08768374028252557,1.58,-1.0
2526,2025-11-09,Bundesliga,A,0.1178175891401913,3.73,-1.0
2526,2025-11-09,Bundesliga,A,0.06661679472396764,4.32,-1.0
2526,2025-11-09,Bundesliga,A,0.08444181872177878,5.63,-1.0
2526,2025-11-09,La Liga,A,0.0647106853551655,7.53,-1.0
2526,2025-11-09,La Liga,A,0.07527255408882605,1.63,0.6299999999999999
2526,2025-11-09,La Liga,A,0.11660265688335097,3.25,-1.0
2526,2025-11-09,La Liga,A,0.05645725819204106,2.22,-1.0
2526,2025-11-09,La Liga,A,0.08592112285515785,1.47,-1.0
2526,2025-11-09,Ligue 1,A,0.09163994080010002,2.81,-1.0
2526,2025-11-09,Ligue 1,A,0.12440696619449343,2.38,-1.0
2526,2025-11-09,Ligue 1,A,0.15094934208911093,1.79,0.79
2526,2025-11-09,Ligue 1,A,0.05443271553792517,2.06,-1.0
2526,2025-11-09,Ligue 1,A,0.12595258657927516,2.46,-1.0
2526,2025-11-09,Premier League,D,0.056791311081144824,3.45,-1.0
2526,2025-11-09,Premier League,A,0.068805573846133,2.45,-1.0
2526,2025-11-09,Premier League,A,0.037957049501744056,3.04,-1.0
2526,2025-11-09,Premier League,D,0.03645646323688481,3.92,-1.0
2526,2025-11-09,Premier League,A,0.046897483973496745,3.29,-1.0
2526,2025-11-09,Serie A,D,0.06371770313693176,4.61,-1.0
2526,2025-11-09,Serie A,A,0.0836674016054838,2.55,-1.0
2526,2025-11-09,Serie A,A,0.10890166987429267,2.73,-1.0
2526,2025-11-09,Serie A,D,0.07306899789634294,5.02,-1.0
2526,2025-11-09,Serie A,A,0.06896475779031325,6.05,-1.0
2526,2025-11-21,Bundesliga,D,0.06474114846094997,3.56,2.56
2526,2025-11-21,La Liga,D,0.02038803082900781,3.53,-1.0
2526,2025-11-21,Ligue 1,A,0.13092938627528172,1.92,0.9199999999999999
2526,2025-11-22,Bundesliga,A,0.13760953269796294,2.89,-1.0
2526,2025-11-22,Bundesliga,D,0.05151312652451462,7.25,-1.0
2526,2025-11-22,Bundesliga,D,0.08189821101447839,4.03,3.0300000000000002
2526,2025-11-22,Bundesliga,A,0.08295177358341588,2.19,1.19
2526,2025-11-22,Bundesliga,D,0.07988216902502188,3.58,-1.0
2526,2025-11-22,Bundesliga,A,0.13168716563867272,1.98,0.98
2526,2025-11-22,La Liga,A,0.11707170780617543,2.94,1.94
2526,2025-11-22,La Liga,D,0.0492223416149864,5.01,-1.0
2526,2025-11-22,La Liga,A,0.08066247922497605,2.68,1.6800000000000002
2526,2025-11-22,La Liga,D,0.016340613114149805,4.65,-1.0
2526,2025-11-22,Ligue 1,D,0.06550752849785757,3.68,-1.0
2526,2025-11-22,Ligue 1,A,0.030205183557089427,14.78,-1.0
2526,2025-11-22,Ligue 1,A,0.1525628819567555,2.42,-1.0
2526,2025-11-22,Premier League,A,0.041008333862902036,5.14,-1.0
2526,2025-11-22,Premier League,D,0.039354271953816966,3.66,-1.0
2526,2025-11-22,Premier League,A,0.03927669274985757,1.48,0.48
2526,2025-11-22,Premier League,A,0.06740310128402993,3.74,-1.0
2526,2025-11-22,Premier League,A,0.0323867362153826,6.97,5.97
2526,2025-11-22,Premier League,A,0.06310449856798195,1.98,-1.0
2526,2025-11-22,Premier League,A,0.07447431706373203,1.97,0.97
2526,2025-11-22,Serie A,A,0.08097053351070843,2.72,-1.0
2526,2025-11-22,Serie A,A,0.0954754607934985,2.0,-1.0
2526,2025-11-22,Serie A,A,0.05808141180088061,3.4,-1.0
2526,2025-11-22,Serie A,A,0.06424932166810138,2.08,1.08
2526,2025-11-23,Bundesliga,D,0.06802609044214777,5.0,-1.0
2526,2025-11-23,Bundesliga,A,0.12910175018446118,2.91,1.9100000000000001
2526,2025-11-23,La Liga,D,0.06988780979423836,4.35,3.3499999999999996
2526,2025-11-23,La Liga,A,0.09046126679838618,1.35,-1.0
2526,2025-11-23,La Liga,A,0.08691127069435278,1.74,0.74
2526,2025-11-23,La Liga,A,0.10478717829828565,2.19,-1.0
2526,2025-11-23,Ligue 1,A,0.1253645653046262,1.98,-1.0
2526,2025-11-23,Ligue 1,A,0.12617463075657157,4.26,-1.0
2526,2025-11-23,Ligue 1,A,0.06691814008241828,5.08,-1.0
2526,2025-11-23,Ligue 1,A,0.17961326594286775,2.7,-1.0
2526,2025-11-23,Ligue 1,A,0.09662644987308178,5.64,4.64
2526,2025-11-23,Premier League,D,0.02958177473949819,4.66,-1.0
2526,2025-11-23,Premier League,A,0.06975957434314706,2.37,1.37
2526,2025-11-23,Serie A,A,0.16301018109680632,1.62,0.6200000000000001
2526,2025-11-23,Serie A,D,0.047428153351261326,3.44,-1.0
2526,2025-11-23,Serie A,D,0.0889723321935193,3.7,-1.0
2526,2025-11-23,Serie A,D,0.0677465871981866,3.05,-1.0
2526,2025-11-24,La Liga,A,0.0930939524442615,3.59,-1.0
2526,2025-11-24,Premier League,A,0.041603268015733996,4.49,3.49
2526,2025-11-24,Serie A,D,0.09357303585676591,3.22,2.22
2526,2025-11-24,Serie A,A,0.1280774364509648,2.18,1.1800000000000002
2526,2025-11-28,Bundesliga,A,0.09155292669868892,2.24,-1.0
2526,2025-11-28,La Liga,A,0.04565667260854653,3.84,-1.0
2526,2025-11-28,Ligue 1,A,0.10884386572404015,1.88,0.8799999999999999
2526,2025-11-28,Serie A,D,0.06053341271891882,3.76,-1.0
2526,2025-11-29,Bundesliga,A,0.04967558205740717,21.25,-1.0
2526,2025-11-29,Bundesliga,A,0.06849566958533954,4.44,-1.0
2526,2025-11-29,Bundesliga,A,0.15995651113320614,2.59,1.5899999999999999
2526,2025-11-29,Bundesliga,A,0.08547608921834934,5.02,4.02
2526,2025-11-29,Bundesliga,A,0.1573163947570419,2.89,-1.0
2526,2025-11-29,La Liga,A,0.046492131241495274,14.78,-1.0
2526,2025-11-29,La Liga,D,0.04501514661182887,7.14,-1.0
2526,2025-11-29,La Liga,A,0.11211844055647024,2.14,1.1400000000000001
2526,2025-11-29,La Liga,A,0.07788347878774726,3.3,-1.0
2526,2025-11-29,Ligue 1,A,0.09799257021218385,5.38,-1.0
2526,2025-11-29,Ligue 1,A,0.094954019985246,1.57,-1.0
2526,2025-11-29,Ligue 1,A,0.08175473569659863,4.27,-1.0
2526,2025-11-29,Premier League,D,0.04562773674326054,4.54,-1.0
2526,2025-11-29,Premier League,A,0.012216647655401758,2.55,1.5499999999999998
2526,2025-11-29,Premier League,A,0.007906850628576267,11.78,-1.0
2526,2025-11-29,Premier League,A,0.12429424138357736,2.35,-1.0
2526,2025-11-29,Premier League,D,0.06305998964003012,3.39,-1.0
2526,2025-11-29,Serie A,A,0.10154777889517433,4.13,-1.0
2526,2025-11-29,Serie A,D,0.06635980655835338,4.92,-1.0
2526,2025-11-29,Serie A,D,0.07595297356811442,3.78,-1.0
2526,2025-11-29,Serie A,A,0.07892807672329183,2.8,1.7999999999999998
2526,2025-11-30,Bundesliga,A,0.08287849338495609,4.22,-1.0
2526,2025-11-30,Bundesliga,A,0.1459898798340003,3.95,-1.0
2526,2025-11-30,Bundesliga,A,0.060008849338729464,2.15,-1.0
2526,2025-11-30,La Liga,D,0.06429203063343897,3.42,-1.0
2526,2025-11-30,La Liga,A,0.0902516430052328,1.4,-1.0
2526,2025-11-30,La Liga,A,0.1524946244954602,2.35,1.35
2526,2025-11-30,La Liga,A,0.11006697734097498,2.43,1.4300000000000002
2526,2025-11-30,Ligue 1,A,0.1137199335271426,1.73,0.73
2526,2025-11-30,Ligue 1,A,0.14395831692989103,1.83,0.8300000000000001
2526,2025-11-30,Ligue 1,A,0.0756834492345535,2.84,-1.0
2526,2025-11-30,Ligue 1,A,0.09418598859998334,6.78,-1.0
2526,2025-11-30,Ligue 1,D,0.04951593899110296,3.68,-1.0
2526,2025-11-30,Premier League,A,0.07203314659016968,6.57,-1.0
2526,2025-11-30,Premier League,A,0.15842289425848455,2.18,-1.0
2526,2025-11-30,Premier League,A,0.07690588721581232,2.93,1.9300000000000002
2526,2025-11-30,Premier League,D,0.05407036581962471,3.36,-1.0
2526,2025-11-30,Premier League,A,0.10949518605591013,1.74,0.74
2526,2025-11-30,Serie A,D,0.07614512790056996,3.78,-1.0
2526,2025-11-30,Serie A,A,0.057787426946066256,2.61,-1.0
2526,2025-11-30,Serie A,A,0.08482128938917244,1.31,0.31000000000000005
2526,2025-11-30,Serie A,A,0.08415376182050566,3.08,2.08
2526,2025-12-01,La Liga,A,0.106591692372654,4.11,-1.0
2526,2025-12-01,Serie A,A,0.09039264911826464,7.53,6.53
2526,2025-12-02,La Liga,D,0.06650890318049099,4.21,-1.0
2526,2025-12-02,Premier League,A,0.07067305457654782,3.38,2.38
2526,2025-12-02,Premier League,A,0.07174690439855791,1.69,0.69
2526,2025-12-02,Premier League,D,0.05767732865073921,3.78,2.78
2526,2025-12-03,La Liga,A,0.05606584245576052,1.79,0.79
2526,2025-12-03,Premier League,A,0.0017590654589085541,8.94,-1.0
2526,2025-12-03,Premier League,D,0.039417139565535,3.48,-1.0
2526,2025-12-03,Premier League,A,0.105799851308779,1.77,0.77
2526,2025-12-03,Premier League,A,0.0957540413934902,1.78,-1.0
2526,2025-12-03,Premier League,D,0.010395268717636325,5.29,4.29
2526,2025-12-03,Premier League,A,0.09967060509239228,2.24,1.2400000000000002
2526,2025-12-04,Premier League,A,0.03736146914708813,6.59,-1.0
2526,2025-12-05,Bundesliga,D,0.12285394136533062,3.41,-1.0
2526,2025-12-05,La Liga,A,0.036759582122050494,2.93,-1.0
2526,2025-12-05,Ligue 1,A,0.1487166651215569,2.02,-1.0
2526,2025-12-05,Ligue 1,D,0.05274050030856775,3.49,-1.0
2526,2025-12-06,Bundesliga,A,0.0913197249380166,1.88,-1.0
2526,2025-12-06,Bundesliga,A,0.08957747541790201,3.68,-1.0
2526,2025-12-06,Bundesliga,A,0.11591511814064243,1.93,-1.0
2526,2025-12-06,Bundesliga,A,0.11844348610762023,4.06,-1.0
2526,2025-12-06,Bundesliga,A,0.10533757515401976,1.47,0.47
2526,2025-12-06,Bundesliga,A,0.09455960988402684,3.38,-1.0
2526,2025-12-06,La Liga,A,0.054689365694170655,2.77,-1.0
2526,2025-12-06,La Liga,D,0.05118475344017914,3.28,-1.0
2526,2025-12-06,La Liga,A,0.06125123387669684,1.73,0.73
2526,2025-12-06,La Liga,A,0.05838874262243873,5.95,-1.0
2526,2025-12-06,Ligue 1,A,0.08940924278744034,1.66,0.6599999999999999
2526,2025-12-06,Ligue 1,D,0.051204826946313314,5.86,-1.0
2526,2025-12-06,Ligue 1,A,0.07920448998673357,2.78,-1.0
2526,2025-12-06,Premier League,A,0.18467260151017456,1.91,-1.0
2526,2025-12-06,Premier League,A,0.08947645803151777,2.16,-1.0
2526,2025-12-06,Premier League,A,0.06287371981764517,3.52,-1.0
2526,2025-12-06,Premier League,A,0.10294935217584511,1.84,-1.0
2526,2025-12-06,Premier League,A,0.03367924493338682,11.38,-1.0
2526,2025-12-06,Premier League,D,0.03710359433105809,5.72,-1.0
2526,2025-12-06,Premier League,A,0.0363953784120713,3.03,-1.0
2526,2025-12-06,Serie A,D,0.07485632322242114,4.21,-1.0
2526,2025-12-06,Serie A,A,0.15120885872460277,2.5,-1.0
2526,2025-12-06,Serie A,A,0.10836144396824654,1.66,-1.0
2526,2025-12-07,Bundesliga,D,0.07980129260890348,4.41,-1.0
2526,2025-12-07,Bundesliga,A,0.07093865448933273,2.96,-1.0
2526,2025-12-07,La Liga,A,0.07896894116269204,3.34,-1.0
2526,2025-12-07,La Liga,A,0.12882433764658568,3.18,-1.0
2526,2025-12-07,La Liga,A,0.062252852494431035,8.81,7.8100000000000005
2526,2025-12-07,La Liga,D,0.06651716653403766,3.33,2.33
2526,2025-12-07,Ligue 1,A,0.08518333414307122,3.7,-1.0
2526,2025-12-07,Ligue 1,A,0.1778219054893112,2.61,-1.0
2526,2025-12-07,Ligue 1,A,0.09647020276586282,2.22,-1.0
2526,2025-12-07,Ligue 1,A,0.10832717381188678,3.72,2.72
2526,2025-12-07,Premier League,A,0.03252151915639148,5.63,-1.0
2526,2025-12-07,Premier League,A,0.08840448231894632,2.77,1.77
2526,2025-12-07,Serie A,A,0.15016926863130153,1.68,-1.0
2526,2025-12-07,Serie A,A,0.09028445244398331,3.15,-1.0
2526,2025-12-07,Serie A,D,0.0773657342229555,3.02,2.02
2526,2025-12-07,Serie A,A,0.07151912462186394,3.28,-1.0
2526,2025-12-08,La Liga,A,0.08162076052215483,4.59,-1.0
2526,2025-12-08,Premier League,A,0.09407066457467039,1.77,0.77
2526,2025-12-08,Serie A,A,0.08769207466538953,3.23,2.23
2526,2025-12-08,Serie A,A,0.12451916177686939,1.79,0.79
2526,2025-12-08,Serie A,D,0.07481068045952144,3.02,-1.0
2526,2025-12-12,Bundesliga,A,0.07252998287254764,2.19,-1.0
2526,2025-12-12,La Liga,D,0.03948486640342641,3.73,-1.0
2526,2025-12-12,Ligue 1,A,0.14331379981789844,3.64,-1.0
2526,2025-12-12,Serie A,D,0.08553447458906721,2.83,-1.0
2526,2025-12-13,Bundesliga,D,0.14247165544638926,4.06,-1.0
2526,2025-12-13,Bundesliga,A,0.08751874110719682,4.21,-1.0
2526,2025-12-13,Bundesliga,A,0.1363240369563592,5.28,-1.0
2526,2025-12-13,Bundesliga,A,0.15503142341764908,3.47,2.47
2526,2025-12-13,Bundesliga,D,0.062402473825496574,3.33,-1.0
2526,2025-12-13,La Liga,A,0.04134303622839665,10.58,-1.0
2526,2025-12-13,La Liga,D,0.048031924808346976,7.34,-1.0
2526,2025-12-13,La Liga,A,0.05603950133006613,3.18,2.18
2526,2025-12-13,La Liga,A,0.07550954980453217,3.1,-1.0
2526,2025-12-13,Ligue 1,A,0.08442144275947239,1.24,0.24
2526,2025-12-13,Ligue 1,A,0.08319982767600165,2.91,1.9100000000000001
2526,2025-12-13,Ligue 1,D,0.057227919754815226,3.7,-1.0
2526,2025-12-13,Premier League,A,0.05161574411755556,22.31,-1.0
2526,2025-12-13,Premier League,A,0.14958219670059075,1.95,0.95
2526,2025-12-13,Premier League,A,0.03576570874818924,5.09,-1.0
2526,2025-12-13,Premier League,D,0.03545009612566505,4.17,-1.0
2526,2025-12-13,Serie A,D,0.0771247918007574,5.14,-1.0
2526,2025-12-13,Serie A,A,0.13217170421779,2.09,1.0899999999999999
2526,2025-12-13,Serie A,D,0.07347258831633069,3.21,-1.0
2526,2025-12-14,Bundesliga,A,0.09536821379667795,19.25,-1.0
2526,2025-12-14,Bundesliga,A,0.1802690824209059,2.12,-1.0
2526,2025-12-14,Bundesliga,A,0.10339241003343558,2.21,1.21
2526,2025-12-14,La Liga,A,0.13422281445106599,1.6,0.6000000000000001
2526,2025-12-14,La Liga,A,0.08492692006068558,2.75,-1.0
2526,2025-12-14,La Liga,D,0.0935822521443016,3.32,-1.0
2526,2025-12-14,Ligue 1,A,0.15318435821765097,1.78,0.78
2526,2025-12-14,Ligue 1,A,0.06188050019640487,5.97,-1.0
2526,2025-12-14,Ligue 1,A,0.09150618239660066,5.76,-1.0
2526,2025-12-14,Ligue 1,A,0.09945470838363735,3.67,-1.0
2526,2025-12-14,Ligue 1,A,0.04400200410906563,4.54,-1.0
2526,2025-12-14,Premier League,A,0.08688353224082423,3.85,-1.0
2526,2025-12-14,Premier League,A,0.11400046687028131,1.83,0.8300000000000001
2526,2025-12-14,Premier League,A,0.10620504336034603,2.76,-1.0
2526,2025-12-14,Premier League,A,0.06553113652746562,2.22,-1.0
2526,2025-12-14,Premier League,A,0.08553686070084682,2.0,1.0
2526,2025-12-14,Serie A,A,0.106455257102604,2.51,1.5099999999999998
2526,2025-12-14,Serie A,D,0.09786912770828282,3.42,-1.0
2526,2025-12-14,Serie A,H,0.20196789194345188,6.37,-1.0
2526,2025-12-14,Serie A,D,0.096100830598288,4.54,3.54
2526,2025-12-14,Serie A,A,0.11836085561685994,1.86,-1.0
2526,2025-12-15,La Liga,A,0.13269782858531065,2.69,-1.0
2526,2025-12-15,Premier League,D,0.07079751646508445,3.98,2.98
2526,2025-12-15,Serie A,D,0.07108971984355161,3.17,-1.0
2526,2025-12-19,Bundesliga,D,0.08162327227710026,4.47,-1.0
2526,2025-12-19,La Liga,D,0.07122812676113538,3.19,2.19
2526,2025-12-20,Bundesliga,A,0.08896115091226348,3.01,-1.0
2526,2025-12-20,Bundesliga,A,0.09671975727508081,3.02,2.02
2526,2025-12-20,Bundesliga,A,0.09501773820252118,2.51,-1.0
2526,2025-12-20,Bundesliga,A,0.15235419736115452,3.18,2.18
2526,2025-12-20,Bundesliga,A,0.11417413490563821,3.29,-1.0
2526,2025-12-20,Bundesliga,A,0.15282155663059105,2.7,1.7000000000000002
2526,2025-12-20,La Liga,A,0.11717672614288366,2.15,-1.0
2526,2025-12-20,La Liga,D,0.0499301034189224,3.02,-1.0
2526,2025-12-20,La Liga,A,0.13704981696176144,2.07,-1.0
2526,2025-12-20,La Liga,D,0.036351510916972585,6.82,-1.0
2526,2025-12-20,Premier League,D,0.03455984214136659,4.44,3.4400000000000004
2526,2025-12-20,Premier League,D,0.013799428289935162,3.95,2.95
2526,2025-12-20,Premier League,A,0.13774075985454015,1.57,0.5700000000000001
2526,2025-12-20,Premier League,A,0.07351532962637874,2.76,-1.0
2526,2025-12-20,Premier League,A,0.028325772757896828,11.88,-1.0
2526,2025-12-20,Premier League,A,0.13404629930322481,2.47,-1.0
2526,2025-12-20,Premier League,A,0.1497469867884848,2.02,1.02
2526,2025-12-20,Premier League,A,0.09523710636844723,2.05,1.0499999999999998
2526,2025-12-20,Serie A,D,0.06958951027075383,3.22,-1.0
2526,2025-12-20,Serie A,D,0.0809770629539564,3.76,2.76
2526,2025-12-21,Bundesliga,A,0.031238531268525938,1.13,0.1299999999999999
2526,2025-12-21,Bundesliga,A,0.07915603559547946,4.02,-1.0
2526,2025-12-21,La Liga,A,0.09392842441058286,5.36,-1.0
2526,2025-12-21,La Liga,A,0.13353252744266775,3.05,-1.0
2526,2025-12-21,La Liga,A,0.1049567102118728,1.65,0.6499999999999999
2526,2025-12-21,La Liga,A,0.13391108065305057,1.82,0.8200000000000001
2526,2025-12-21,Premier League,A,0.11033953384884654,3.26,-1.0
2526,2025-12-21,Serie A,D,0.08815343335286835,3.14,2.14
2526,2025-12-21,Serie A,D,0.09424342766010868,3.26,-1.0
2526,2025-12-21,Serie A,A,0.11594205250687345,1.94,0.94
2526,2025-12-21,Serie A,A,0.06583547462017358,3.19,2.19
2526,2025-12-22,La Liga,D,0.0537771344473047,3.46,-1.0
2526,2025-12-22,Premier League,A,0.08799654027584375,2.93,-1.0
2526,2025-12-26,Premier League,A,0.07475416023810233,2.67,-1.0
2526,2025-12-27,Premier League,A,0.047951955578985184,7.34,-1.0
2526,2025-12-27,Premier League,A,0.12000954501631544,2.98,-1.0
2526,2025-12-27,Premier League,A,0.18391322041113672,1.96,-1.0
2526,2025-12-27,Premier League,H,0.007542484658884185,1.84,-1.0
2526,2025-12-27,Premier League,D,0.04885953643793023,6.31,-1.0
2526,2025-12-27,Premier League,A,0.09139686752766263,1.59,0.5900000000000001
2526,2025-12-27,Premier League,A,0.10853436309375408,2.59,1.5899999999999999
2526,2025-12-27,Serie A,A,0.12256343763712452,1.82,0.8200000000000001
2526,2025-12-27,Serie A,A,0.14810224826641882,2.27,-1.0
2526,2025-12-27,Serie A,A,0.13532349300457835,1.46,0.45999999999999996
2526,2025-12-27,Serie A,D,0.08894620188162439,3.28,-1.0
2526,2025-12-27,Serie A,A,0.13415768405791517,2.43,-1.0
2526,2025-12-28,Premier League,A,0.09579318780855667,3.19,2.19
2526,2025-12-28,Premier League,A,0.15594059556300144,2.8,-1.0
2526,2025-12-28,Serie A,A,0.1250254149904445,2.05,1.0499999999999998
2526,2025-12-28,Serie A,A,0.08558169521661674,4.73,-1.0
2526,2025-12-28,Serie A,A,0.14864844524760734,1.55,0.55
2526,2025-12-28,Serie A,D,0.0850784143158764,4.7,-1.0
2526,2025-12-29,Serie A,D,0.07948964980158951,3.58,-1.0
2526,2025-12-30,Premier League,H,0.022943949663843166,1.43,0.42999999999999994
2526,2025-12-30,Premier League,A,0.0898239451281655,1.59,0.5900000000000001
2526,2025-12-30,Premier League,A,0.03432859136564473,5.81,-1.0
2526,2025-12-30,Premier League,A,0.0344665199451038,8.09,-1.0
2526,2025-12-30,Premier League,A,0.08355489409409333,3.7,2.7
2526,2025-12-30,Premier League,A,0.1401791015604525,2.04,-1.0
2526,2026-01-01,Premier League,A,0.08614376519436096,3.35,-1.0
2526,2026-01-01,Premier League,A,0.06644193482814387,3.4,-1.0
2526,2026-01-01,Premier League,D,0.03135360637998716,4.41,3.41
2526,2026-01-01,Premier League,A,0.06272624489327228,1.39,-1.0
2526,2026-01-02,La Liga,A,0.09777497328681392,4.46,-1.0
2526,2026-01-02,Ligue 1,A,0.07865096090361262,2.74,1.7400000000000002
2526,2026-01-02,Serie A,A,0.10451858796761526,1.55,0.55
2526,2026-01-03,La Liga,A,0.10416255425703433,4.0,-1.0
2526,2026-01-03,La Liga,A,0.10428447620889608,2.18,1.1800000000000002
2526,2026-01-03,La Liga,A,0.0969023485274807,1.51,0.51
2526,2026-01-03,La Liga,A,0.1321029735935184,2.54,-1.0
2526,2026-01-03,Ligue 1,A,0.07659808448102673,3.92,2.92
2526,2026-01-03,Ligue 1,D,0.10298216662371901,3.72,-1.0
2526,2026-01-03,Ligue 1,A,0.07686024123156449,2.53,-1.0
2526,2026-01-03,Premier League,D,0.07749469857442359,3.74,-1.0
2526,2026-01-03,Premier League,A,0.06315200119244324,1.48,0.48
2526,2026-01-03,Premier League,A,0.03177543386037335,6.56,-1.0
2526,2026-01-03,Premier League,A,0.0462290315293154,2.82,-1.0
2526,2026-01-03,Serie A,D,0.09543270915489238,3.22,-1.0
2526,2026-01-03,Serie A,A,0.06392266767202151,4.94,-1.0
2526,2026-01-03,Serie A,D,0.08310973461924726,3.15,2.15
2526,2026-01-03,Serie A,D,0.05226870233819961,5.52,4.52
2526,2026-01-03,Serie A,A,0.08019439292765759,4.2,-1.0
2526,2026-01-04,La Liga,A,0.09681515090011172,5.02,-1.0
2526,2026-01-04,La Liga,A,0.09109579015762498,3.34,2.34
2526,2026-01-04,La Liga,A,0.07947760411064003,5.99,-1.0
2526,2026-01-04,La Liga,A,0.10541865558497704,4.48,3.4800000000000004
2526,2026-01-04,La Liga,A,0.12204213156394877,1.92,-1.0
2526,2026-01-04,Ligue 1,A,0.15387594328385656,4.04,-1.0
2526,2026-01-04,Ligue 1,A,0.12221360953172572,3.66,-1.0
2526,2026-01-04,Ligue 1,A,0.10520518055035952,4.37,-1.0
2526,2026-01-04,Ligue 1,A,0.0660427966687622,11.34,10.34
2526,2026-01-04,Ligue 1,A,0.04674482080586004,14.25,-1.0
2526,2026-01-04,Premier League,A,0.14914227171993844,3.1,2.1
2526,2026-01-04,Premier League,A,0.1252373972209953,1.92,-1.0
2526,2026-01-04,Premier League,A,0.09415943394957671,2.56,-1.0
2526,2026-01-04,Premier League,A,0.0627184871326045,4.66,-1.0
2526,2026-01-04,Premier League,A,0.06143907764166895,4.89,-1.0
2526,2026-01-04,Premier League,D,0.048712901874599535,3.65,2.65
2526,2026-01-04,Serie A,D,0.08257387700141239,3.55,-1.0
2526,2026-01-04,Serie A,D,0.045349393199052485,4.75,-1.0
2526,2026-01-04,Serie A,A,0.136840053022515,2.31,1.31
2526,2026-01-04,Serie A,A,0.10511619604798578,2.86,1.8599999999999999
2526,2026-01-06,Premier League,A,0.1207714090042541,2.3,1.2999999999999998
2526,2026-01-06,Serie A,A,0.06838803596837584,1.74,0.74
2526,2026-01-06,Serie A,A,0.06333112017317477,1.74,0.74
2526,2026-01-06,Serie A,A,0.1292466408858669,1.68,0.6799999999999999
2526,2026-01-07,Premier League,A,0.05223849424994381,3.27,-1.0
2526,2026-01-07,Premier League,A,0.0680369343054951,4.36,-1.0
2526,2026-01-07,Premier League,A,0.1303479577738409,1.7,-1.0
2526,2026-01-07,Premier League,A,0.022961405216919084,2.31,-1.0
2526,2026-01-07,Premier League,A,0.06453214661554629,4.85,-1.0
2526,2026-01-07,Premier League,A,0.14399484641053528,2.07,-1.0
2526,2026-01-07,Premier League,A,0.03585398215972044,7.27,-1.0
2526,2026-01-07,Premier League,A,0.06552039005820731,5.02,-1.0
2526,2026-01-07,Serie A,A,0.06545564706717233,2.57,1.5699999999999998
2526,2026-01-07,Serie A,A,0.08072344446239865,3.12,-1.0
2526,2026-01-07,Serie A,D,0.07469742560716197,4.72,3.7199999999999998
2526,2026-01-07,Serie A,A,0.09981253977501725,1.36,0.3600000000000001
2526,2026-01-07,Serie A,A,0.11152225518069242,3.36,2.36
2526,2026-01-08,Premier League,D,0.06421703225100567,4.11,3.1100000000000003
2526,2026-01-08,Serie A,A,0.08674721789159562,3.12,-1.0
2526,2026-01-08,Serie A,D,0.06507783014989149,4.34,3.34
2526,2026-01-09,Bundesliga,A,0.13829423620051579,1.99,-1.0
2526,2026-01-09,La Liga,A,0.10838704362882956,2.43,1.4300000000000002
2526,2026-01-10,Bundesliga,A,0.07533525054566659,4.49,-1.0
2526,2026-01-10,Bundesliga,A,0.22867132680585517,2.3,-1.0
2526,2026-01-10,Bundesliga,D,0.0814139949705597,3.88,-1.0
2526,2026-01-10,Bundesliga,A,0.14377249609162046,3.57,-1.0
2526,2026-01-10,La Liga,A,0.09422631534856118,3.07,-1.0
2526,2026-01-10,La Liga,A,0.13443493441829513,1.9,-1.0
2526,2026-01-10,La Liga,D,0.11382973922415796,3.18,2.18
2526,2026-01-10,La Liga,D,0.03398314990992002,4.32,-1.0
2526,2026-01-10,Serie A,D,0.11032933971853495,3.9,-1.0
2526,2026-01-10,Serie A,A,0.11390846551851408,4.02,-1.0
2526,2026-01-10,Serie A,D,0.04792211780389971,3.97,-1.0
2526,2026-01-10,Serie A,D,0.0865201431308617,3.32,2.32
2526,2026-01-11,Bundesliga,A,0.06882793738840468,18.06,-1.0
2526,2026-01-11,Bundesliga,D,0.11383487730993497,3.63,-1.0
2526,2026-01-11,La Liga,A,0.1281843233206853,2.31,-1.0
2526,2026-01-11,La Liga,A,0.05337264007215092,4.46,-1.0
2526,2026-01-11,Serie A,A,0.12712261675923892,2.01,-1.0
2526,2026-01-11,Serie A,A,0.08290677103846036,4.91,-1.0
2526,2026-01-11,Serie A,A,0.12412064968640063,2.88,1.88
2526,2026-01-11,Serie A,A,0.14264127580611152,2.31,1.31
2526,2026-01-12,La Liga,A,0.15618837159441828,2.71,1.71
2526,2026-01-12,Serie A,A,0.07821407653560453,3.96,-1.0
2526,2026-01-12,Serie A,D,0.08478172524413347,5.77,-1.0
2526,2026-01-13,Bundesliga,D,0.04013206329904237,5.18,-1.0
2526,2026-01-13,Bundesliga,D,0.07307667552253805,3.74,-1.0
2526,2026-01-13,Bundesliga,A,0.092373353983705,4.2,-1.0
2526,2026-01-14,Bundesliga,A,0.05809414844822414,1.22,0.21999999999999997
2526,2026-01-14,Bundesliga,A,0.09738506912054382,3.87,-1.0
2526,2026-01-14,Bundesliga,A,0.09510212203471843,4.3,-1.0
2526,2026-01-14,Bundesliga,D,0.09362931493920407,3.58,-1.0
2526,2026-01-14,Serie A,D,0.037442041160315936,8.06,-1.0
2526,2026-01-14,Serie A,A,0.050980479494021166,10.2,-1.0
2526,2026-01-15,Bundesliga,A,0.12140939720065469,2.81,-1.0
2526,2026-01-15,Serie A,A,0.15358707010496192,2.47,1.4700000000000002
2526,2026-01-15,Serie A,A,0.14927353354330114,2.1,1.1
2526,2026-01-16,Bundesliga,A,0.12466387103568494,2.49,-1.0
2526,2026-01-16,La Liga,D,0.053192817687730376,3.43,-1.0
2526,2026-01-16,Ligue 1,D,0.044989989809618935,4.15,-1.0
2526,2026-01-16,Ligue 1,A,0.04383096439108468,8.43,-1.0
2526,2026-01-16,Serie A,A,0.11259852464288778,1.55,-1.0
2526,2026-01-17,Bundesliga,A,0.047734921484581444,9.14,-1.0
2526,2026-01-17,Bundesliga,D,0.08769071983777776,3.53,-1.0
2526,2026-01-17,Bundesliga,A,0.10006892600183909,2.79,-1.0
2526,2026-01-17,Bundesliga,A,0.16005359191802332,2.65,-1.0
2526,2026-01-17,Bundesliga,A,0.13721217109869077,1.54,0.54
2526,2026-01-17,Bundesliga,D,0.11857290624296846,3.99,2.99
2526,2026-01-17,La Liga,A,0.03935582355613426,2.63,-1.0
2526,2026-01-17,La Liga,A,0.13461958559133624,2.2,-1.0
2526,2026-01-17,La Liga,A,0.04487352640456438,4.99,-1.0
2526,2026-01-17,La Liga,D,0.0342143848776489,8.13,-1.0
2526,2026-01-17,Ligue 1,A,0.1689767477940216,1.59,0.5900000000000001
2526,2026-01-17,Ligue 1,A,0.13378333556051777,7.24,-1.0
2526,2026-01-17,Ligue 1,A,0.12406778154003487,3.82,-1.0
2526,2026-01-17,Premier League,D,0.06491059017460937,3.97,-1.0
2526,2026-01-17,Premier League,A,0.043024309481554224,3.41,-1.0
2526,2026-01-17,Premier League,D,0.03935274180905862,6.4,5.4
2526,2026-01-17,Premier League,A,0.09029777193607053,1.94,-1.0
2526,2026-01-17,Premier League,A,0.08535037988341865,1.54,-1.0
2526,2026-01-17,Premier League,A,0.15678897800762565,2.74,-1.0
2526,2026-01-17,Premier League,D,0.052923538761737304,3.91,-1.0
2526,2026-01-17,Serie A,A,0.11903017202226929,1.5,-1.0
2526,2026-01-17,Serie A,A,0.05123507841483377,7.48,-1.0
2526,2026-01-17,Serie A,A,0.13457691091403323,1.41,0.4099999999999999
2526,2026-01-18,Bundesliga,A,0.11651260225846416,2.44,-1.0
2526,2026-01-18,Bundesliga,A,0.13940828739984132,4.98,-1.0
2526,2026-01-18,La Liga,A,0.04544181443994616,10.03,-1.0
2526,2026-01-18,La Liga,A,0.12310690419359385,3.86,-1.0
2526,2026-01-18,La Liga,A,0.15710300416827244,3.26,2.26
2526,2026-01-18,La Liga,A,0.13884350850922478,1.56,-1.0
2526,2026-01-18,Ligue 1,A,0.040980853042644455,5.02,-1.0
2526,2026-01-18,Ligue 1,A,0.16274680848007067,2.38,1.38
2526,2026-01-18,Ligue 1,D,0.07714406033739335,3.9,2.9
2526,2026-01-18,Ligue 1,A,0.056898015877950125,5.58,-1.0
2526,2026-01-18,Premier League,A,0.12772763844023075,5.09,4.09
2526,2026-01-18,Premier League,A,0.10207131540557102,1.7,-1.0
2526,2026-01-18,Serie A,D,0.0893180785306395,3.3,-1.0
2526,2026-01-18,Serie A,A,0.07393701157391673,11.59,-1.0
2526,2026-01-18,Serie A,A,0.14423000953477672,2.87,-1.0
2526,2026-01-18,Serie A,A,0.12527417502485233,2.13,1.13
2526,2026-01-19,La Liga,A,0.12488321742634229,3.16,-1.0
2526,2026-01-19,Premier League,A,0.08764928928413546,3.75,-1.0
2526,2026-01-19,Serie A,A,0.08202253779196528,3.03,-1.0
2526,2026-01-19,Serie A,D,0.0833086602131774,2.94,-1.0
2526,2026-01-23,Bundesliga,A,0.11969900093463642,2.72,-1.0
2526,2026-01-23,La Liga,A,0.08904464973966708,3.21,-1.0
2526,2026-01-23,Ligue 1,A,0.04932111240965131,1.29,0.29000000000000004
2526,2026-01-23,Serie A,D,0.0334666696782937,7.18,-1.0
2526,2026-01-24,Bundesliga,A,0.05053226696204982,20.62,19.62
2526,2026-01-24,Bundesliga,A,0.14548003054804381,2.33,1.33
2526,2026-01-24,Bundesliga,A,0.15232500387915715,1.56,0.56
2526,2026-01-24,Bundesliga,D,0.07364752633628216,4.23,-1.0
2526,2026-01-24,Bundesliga,A,0.20398612257762577,2.91,-1.0
2526,2026-01-24,Bundesliga,A,0.1575014048312,2.03,1.0299999999999998
2526,2026-01-24,La Liga,A,0.13327826591208358,2.58,-1.0
2526,2026-01-24,La Liga,A,0.08549325177636802,3.07,-1.0
2526,2026-01-24,La Liga,D,0.06798176618229973,3.15,-1.0
2526,2026-01-24,La Liga,A,0.14034935369640833,2.0,1.0
2526,2026-01-24,Ligue 1,A,0.1694687753293782,1.99,-1.0
2526,2026-01-24,Ligue 1,D,0.052820822588385385,3.65,-1.0
2526,2026-01-24,Ligue 1,A,0.082521736684779,3.97,2.97
2526,2026-01-24,Premier League,A,0.08113161967025684,1.89,-1.0
2526,2026-01-24,Premier League,A,0.14260128709472553,2.05,-1.0
2526,2026-01-24,Premier League,A,0.12172890981264284,2.71,-1.0
2526,2026-01-24,Premier League,D,0.045199364585888,6.68,-1.0
2526,2026-01-24,Premier League,A,0.07298626674970082,2.85,-1.0
2526,2026-01-24,Serie A,A,0.09159370047514345,5.51,-1.0
2526,2026-01-24,Serie A,D,0.095123542648649,3.81,-1.0
2526,2026-01-24,Serie A,A,0.15130129575817647,2.11,-1.0
2526,2026-01-25,Bundesliga,A,0.08552012643241447,3.78,-1.0
2526,2026-01-25,Bundesliga,A,0.1157760492441377,2.23,1.23
2526,2026-01-25,La Liga,A,0.1364010071169514,2.61,-1.0
2526,2026-01-25,La Liga,A,0.043865501119516856,10.0,-1.0
2526,2026-01-25,La Liga,D,0.05775561573803821,9.93,-1.0
2526,2026-01-25,La Liga,A,0.10179745982189578,3.77,-1.0
2526,2026-01-25,Ligue 1,A,0.13331868332533847,2.69,1.69
2526,2026-01-25,Ligue 1,D,0.07252044456994144,3.52,-1.0
2526,2026-01-25,Ligue 1,A,0.13224298939970747,1.7,0.7
2526,2026-01-25,Ligue 1,A,0.18424334687896227,2.34,1.3399999999999999
2526,2026-01-25,Ligue 1,A,0.07064502975733855,4.5,-1.0
2526,2026-01-25,Premier League,A,0.048853414556842584,5.89,4.89
2526,2026-01-25,Premier League,A,0.12078115778898121,4.02,3.0199999999999996
2526,2026-01-25,Premier League,A,0.12741152546656387,2.0,1.0
2526,2026-01-25,Premier League,A,0.05766413837034773,3.54,2.54
2526,2026-01-25,Serie A,A,0.0636056942212393,7.65,-1.0
2526,2026-01-25,Serie A,A,0.15906956668462074,2.56,-1.0
2526,2026-01-25,Serie A,A,0.10657650253714712,3.9,-1.0
2526,2026-01-25,Serie A,A,0.12088593042349943,2.87,-1.0
2526,2026-01-25,Serie A,A,0.07715604428862041,4.13,-1.0
2526,2026-01-26,La Liga,A,0.15883031506879008,3.93,-1.0
2526,2026-01-26,Premier League,A,0.10936148253840489,2.92,-1.0
2526,2026-01-26,Serie A,A,0.14995424622578923,2.75,1.75
2526,2026-01-27,Bundesliga,A,0.0975544029198886,1.81,-1.0
2526,2026-01-27,Bundesliga,A,0.09829347101529456,2.0,1.0
2526,2026-01-30,Bundesliga,A,0.1130038090979898,3.44,-1.0
2526,2026-01-30,La Liga,A,0.07116485946759832,4.47,3.4699999999999998
2526,2026-01-30,Ligue 1,A,0.08554468461668477,7.25,-1.0
2526,2026-01-30,Serie A,D,0.07167435875993167,2.93,-1.0
2526,2026-01-31,Bundesliga,D,0.08756873607800769,3.22,-1.0
2526,2026-01-31,Bundesliga,A,0.16672086775249423,2.21,1.21
2526,2026-01-31,Bundesliga,A,0.09096021709508917,1.26,-1.0
2526,2026-01-31,Bundesliga,A,0.12214987690664972,4.3,-1.0
2526,2026-01-31,Bundesliga,D,0.11012479461972252,4.44,-1.0
2526,2026-01-31,Bundesliga,A,0.13502678764270404,2.79,-1.0
2526,2026-01-31,La Liga,A,0.06901225748626327,1.33,0.33000000000000007
2526,2026-01-31,La Liga,A,0.06337693026800251,1.6,-1.0
2526,2026-01-31,La Liga,A,0.11358612586639039,2.53,-1.0
2526,2026-01-31,La Liga,A,0.05635016427826084,2.77,-1.0
2526,2026-01-31,Ligue 1,A,0.16311489806099896,4.31,-1.0
2526,2026-01-31,Ligue 1,A,0.1212652654423691,3.31,-1.0
2526,2026-01-31,Ligue 1,A,0.13299094711125858,1.88,-1.0
2526,2026-01-31,Premier League,A,0.10403033009733878,4.13,-1.0
2526,2026-01-31,Premier League,D,0.04038377027426379,4.53,-1.0
2526,2026-01-31,Premier League,A,0.13634213000113427,1.54,0.54
2526,2026-01-31,Premier League,A,0.04547373322822365,4.12,-1.0
2526,2026-01-31,Premier League,A,0.08286334714322924,2.31,1.31
2526,2026-01-31,Serie A,A,0.10313391064100602,3.71,-1.0
2526,2026-01-31,Serie A,D,0.059413311105383004,3.46,-1.0
2526,2026-01-31,Serie A,A,0.06967634489010321,2.59,1.5899999999999999
2526,2026-02-01,Bundesliga,A,0.08181188150133106,11.13,-1.0
2526,2026-02-01,Bundesliga,A,0.08164604509780951,4.53,-1.0
2526,2026-02-01,La Liga,A,0.11665807361665209,3.33,-1.0
2526,2026-02-01,La Liga,A,0.09006841841200092,4.31,-1.0
2526,2026-02-01,La Liga,A,0.10631538181856409,2.76,-1.0
2526,2026-02-01,La Liga,A,0.05040478860994575,10.69,-1.0
2526,2026-02-01,Ligue 1,A,0.11309107961465875,3.48,-1.0
2526,2026-02-01,Ligue 1,A,0.11229002327460694,3.83,-1.0
2526,2026-02-01,Ligue 1,A,0.0767699425346064,3.45,-1.0
2526,2026-02-01,Ligue 1,A,0.13526561245064106,1.58,0.5800000000000001
2526,2026-02-01,Ligue 1,A,0.16641482123003337,4.93,-1.0
2526,2026-02-01,Premier League,A,0.11575305381351153,3.46,2.46
2526,2026-02-01,Premier League,A,0.02455557570227429,5.2,-1.0
2526,2026-02-01,Premier League,A,0.10722769727048054,3.88,-1.0
2526,2026-02-01,Premier League,A,0.15696466763924377,1.71,-1.0
2526,2026-02-01,Serie A,A,0.12725852041768293,3.06,-1.0
2526,2026-02-01,Serie A,A,0.12352578249019797,1.28,0.28
2526,2026-02-01,Serie A,A,0.10111568857392117,1.44,0.43999999999999995
2526,2026-02-01,Serie A,D,0.110035555663211,3.05,-1.0
2526,2026-02-02,La Liga,A,0.08345390231488331,3.05,-1.0
2526,2026-02-02,Premier League,A,0.08297237474230296,4.73,-1.0
2526,2026-02-02,Serie A,A,0.18226541031529142,1.91,-1.0
2526,2026-02-03,Serie A,A,0.08718150169423161,2.5,1.5
2526,2026-02-06,Bundesliga,A,0.11020858786121074,3.52,-1.0
2526,2026-02-06,La Liga,A,0.0549057256156196,4.06,3.0599999999999996
2526,2026-02-06,Ligue 1,A,0.15930592019579537,1.55,-1.0
2526,2026-02-06,Premier League,A,0.08369859464722013,3.37,-1.0
2526,2026-02-06,Serie A,A,0.09403848565760925,3.1,-1.0
2526,2026-02-07,Bundesliga,A,0.13608775863788344,4.17,-1.0
2526,2026-02-07,Bundesliga,A,0.1510745223122542,2.41,1.4100000000000001
2526,2026-02-07,Bundesliga,A,0.13821800111504445,1.99,-1.0
2526,2026-02-07,Bundesliga,A,0.08406270041481506,3.41,-1.0
2526,2026-02-07,Bundesliga,A,0.12135109045809167,1.8,-1.0
2526,2026-02-07,Bundesliga,A,0.07880962901658062,1.71,0.71
2526,2026-02-07,La Liga,D,0.027464396825109122,8.3,-1.0
2526,2026-02-07,La Liga,D,0.030245443506252495,3.97,-1.0
2526,2026-02-07,Ligue 1,A,0.11774163644062169,3.35,-1.0
2526,2026-02-07,Ligue 1,A,0.18407943715425243,4.19,-1.0
2526,2026-02-07,Ligue 1,A,0.11193939411665088,1.69,0.69
2526,2026-02-07,Premier League,A,0.031273116926786554,14.08,-1.0
2526,2026-02-07,Premier League,A,0.11949188126485488,2.46,-1.0
2526,2026-02-07,Premier League,A,0.10964559829380222,2.14,1.1400000000000001
2526,2026-02-07,Premier League,A,0.16034130473059244,3.64,2.64
2526,2026-02-07,Premier League,A,0.06606896348844526,4.97,-1.0
2526,2026-02-07,Premier League,A,0.06588934586928674,3.51,2.51
2526,2026-02-07,Premier League,A,0.11809310455196498,1.65,0.6499999999999999
2526,2026-02-07,Serie A,A,0.04479818349923975,4.7,-1.0
2526,2026-02-07,Serie A,A,0.08237982201964178,1.91,0.9099999999999999
2526,2026-02-08,Bundesliga,A,0.05200286350073312,8.44,-1.0
2526,2026-02-08,Bundesliga,A,0.14597278044380535,2.05,1.0499999999999998
2526,2026-02-08,La Liga,A,0.14284422281453157,3.69,2.69
2526,2026-02-08,La Liga,D,0.07435856275504496,3.8,-1.0
2526,2026-02-08,La Liga,A,0.050872725863779666,6.15,5.15
2526,2026-02-08,La Liga,A,0.08658173535355906,3.51,-1.0
2526,2026-02-08,La Liga,A,0.12814543124318678,1.51,0.51
2526,2026-02-08,Ligue 1,A,0.1425122774281818,2.21,-1.0
2526,2026-02-08,Ligue 1,A,0.10862656829742895,2.87,-1.0
2526,2026-02-08,Ligue 1,A,0.14780657092957755,1.91,-1.0
2526,2026-02-08,Ligue 1,A,0.1369744607326236,2.13,-1.0
2526,2026-02-08,Ligue 1,D,0.04884236806529038,5.02,-1.0
2526,2026-02-08,Premier League,A,0.10950641387697718,3.68,2.68
2526,2026-02-08,Premier League,A,0.14453681581415234,2.76,1.7599999999999998
2526,2026-02-08,Serie A,D,0.06159304361072876,3.91,-1.0
2526,2026-02-08,Serie A,A,0.09247740025214245,7.57,-1.0
2526,2026-02-08,Serie A,A,0.11879377894797133,2.59,-1.0
2526,2026-02-08,Serie A,A,0.15688836070529533,1.44,0.43999999999999995
2526,2026-02-09,La Liga,A,0.13361950064387748,4.53,-1.0
2526,2026-02-09,Serie A,A,0.09042654519239582,8.42,-1.0
2526,2026-02-09,Serie A,D,0.10350260703680633,4.08,-1.0
2526,2026-02-10,Premier League,A,0.010770106579666872,5.66,-1.0
2526,2026-02-10,Premier League,A,0.07366325694382991,2.91,1.9100000000000001
2526,2026-02-10,Premier League,A,0.14335658959022352,2.2,1.2000000000000002
2526,2026-02-10,Premier League,A,0.0926104377069823,1.7,-1.0
2526,2026-02-11,Premier League,A,0.08529690536937609,3.79,-1.0
2526,2026-02-11,Premier League,A,0.045126025648685536,6.18,5.18
2526,2026-02-11,Premier League,D,0.012927980591851518,5.33,-1.0
2526,2026-02-11,Premier League,A,0.04332742164308906,5.09,-1.0
2526,2026-02-11,Premier League,A,0.1296326321048078,1.72,0.72
2526,2026-02-12,Premier League,A,0.10645930676345938,1.69,-1.0
2526,2026-02-13,Bundesliga,D,0.09805932069989975,4.35,-1.0
2526,2026-02-13,La Liga,A,0.04688671537196171,2.64,-1.0
2526,2026-02-13,Ligue 1,A,0.09307865571026477,6.18,-1.0
2526,2026-02-13,Ligue 1,A,0.10406668077199421,1.4,-1.0
2526,2026-02-13,Serie A,A,0.10472389313479602,1.49,0.49
2526,2026-02-14,Bundesliga,A,0.14501836796930717,3.71,-1.0
2526,2026-02-14,Bundesliga,A,0.18724395401960137,2.86,-1.0
2526,2026-02-14,Bundesliga,D,0.09412921240267708,3.85,-1.0
2526,2026-02-14,Bundesliga,D,0.08273186307987443,4.21,-1.0
2526,2026-02-14,Bundesliga,D,0.09685739838672355,4.77,-1.0
2526,2026-02-14,Bundesliga,A,0.08262968200418763,1.29,0.29000000000000004
2526,2026-02-14,La Liga,A,0.10965827947610801,2.97,-1.0
2526,2026-02-14,La Liga,A,0.1479135035577217,2.31,-1.0
2526,2026-02-14,La Liga,A,0.03918868556963241,7.59,-1.0
2526,2026-02-14,La Liga,A,0.08371454157830971,3.71,-1.0
2526,2026-02-14,Ligue 1,D,0.06772307550686296,3.77,2.77
2526,2026-02-14,Ligue 1,D,0.05709196664514887,4.06,3.0599999999999996
2526,2026-02-14,Ligue 1,A,0.09081780464016576,1.87,0.8700000000000001
2526,2026-02-14,Serie A,A,0.0637515483588291,4.55,3.55
2526,2026-02-14,Serie A,A,0.08935434920232077,3.92,-1.0
2526,2026-02-14,Serie A,A,0.10892431679379566,2.13,1.13
2526,2026-02-15,Bundesliga,A,0.09321315606342842,4.06,-1.0
2526,2026-02-15,Bundesliga,D,0.08385641558221088,4.81,3.8099999999999996
2526,2026-02-15,La Liga,A,0.14519879308822453,2.56,1.56
2526,2026-02-15,La Liga,A,0.12698778962229657,2.41,1.4100000000000001
2526,2026-02-15,La Liga,A,0.15851351114807766,2.16,1.1600000000000001
2526,2026-02-15,La Liga,A,0.12215566074617978,1.86,-1.0
2526,2026-02-15,Ligue 1,A,0.13364796635149645,2.25,-1.0
2526,2026-02-15,Ligue 1,A,0.09109905812590846,4.41,-1.0
2526,2026-02-15,Ligue 1,A,0.10946707804421035,5.26,-1.0
2526,2026-02-15,Ligue 1,A,0.1476688174541932,2.71,1.71
2526,2026-02-15,Serie A,A,0.09037155448856793,2.46,-1.0
2526,2026-02-15,Serie A,A,0.09124484736728372,3.43,-1.0
2526,2026-02-15,Serie A,A,0.12171310581218986,3.38,-1.0
2526,2026-02-15,Serie A,A,0.10326280352464295,2.27,1.27
2526,2026-02-15,Serie A,A,0.10190319276678556,3.26,2.26
2526,2026-02-16,La Liga,A,0.08316550021568858,1.37,-1.0
2526,2026-02-16,Serie A,D,0.1045608338954907,3.0,-1.0
2526,2026-02-18,La Liga,A,0.1186899139966624,1.81,0.81
2526,2026-02-18,Premier League,A,0.08447847889599036,1.28,-1.0
2526,2026-02-18,Serie A,D,0.11189877152101357,3.3,2.3
2526,2026-02-20,Bundesliga,D,0.09108434549184202,3.45,2.45
2526,2026-02-20,La Liga,D,0.05891020770364064,3.83,-1.0
2526,2026-02-20,Ligue 1,A,0.15882880988233478,1.91,-1.0
2526,2026-02-20,Serie A,D,0.13179764950485096,3.39,-1.0
2526,2026-02-21,Bundesliga,D,0.04827012065124786,8.63,-1.0
2526,2026-02-21,Bundesliga,A,0.12551755391615566,2.05,-1.0
2526,2026-02-21,Bundesliga,D,0.08656732814973725,3.88,2.88
2526,2026-02-21,Bundesliga,A,0.1340429750843254,2.36,-1.0
2526,2026-02-21,Bundesliga,A,0.09483363051594174,3.52,2.52
2526,2026-02-21,La Liga,A,0.041396833542620914,6.87,-1.0
2526,2026-02-21,La Liga,D,0.08257477613275771,3.45,2.45
2526,2026-02-21,La Liga,A,0.12675500763205783,1.68,-1.0
2526,2026-02-21,La Liga,D,0.07156957183336446,4.06,3.0599999999999996
2526,2026-02-21,Ligue 1,A,0.1142783000275423,4.63,3.63
2526,2026-02-21,Ligue 1,D,0.0351754375821627,8.92,-1.0
2526,2026-02-21,Ligue 1,A,0.11015189068222259,4.21,-1.0
2526,2026-02-21,Premier League,D,0.008299681782481694,3.62,2.62
2526,2026-02-21,Premier League,A,0.06462417154623878,3.45,2.45
2526,2026-02-21,Premier League,A,0.048717892438324514,12.88,-1.0
2526,2026-02-21,Premier League,A,0.03050878906812185,5.82,-1.0
2526,2026-02-21,Premier League,A,0.10028020619682854,2.71,-1.0
2526,2026-02-21,Serie A,A,0.1648987157298426,2.3,-1.0
2526,2026-02-21,Serie A,D,0.08540223852049422,3.4,-1.0
2526,2026-02-21,Serie A,A,0.13532006343340475,1.42,0.41999999999999993
2526,2026-02-22,Bundesliga,A,0.1183115664712279,3.95,-1.0
2526,2026-02-22,Bundesliga,A,0.07817002428006659,1.68,-1.0
2526,2026-02-22,Bundesliga,A,0.17565548532014735,2.67,-1.0
2526,2026-02-22,La Liga,D,0.0539640363270657,9.98,-1.0
2526,2026-02-22,La Liga,A,0.08036005288949191,4.53,-1.0
2526,2026-02-22,La Liga,A,0.11081340542935414,3.31,2.31
2526,2026-02-22,La Liga,A,0.0864014472157569,4.62,-1.0
2526,2026-02-22,Ligue 1,A,0.19176766157797853,1.87,0.8700000000000001
2526,2026-02-22,Ligue 1,A,0.18995981079500374,2.36,1.3599999999999999
2526,2026-02-22,Ligue 1,A,0.0931505430745268,2.95,-1.0
2526,2026-02-22,Ligue 1,A,0.05147686738369084,3.39,-1.0
2526,2026-02-22,Ligue 1,A,0.07144262390265821,2.85,-1.0
2526,2026-02-22,Premier League,D,0.028959358947253766,3.99,-1.0
2526,2026-02-22,Premier League,A,0.15583930772551247,1.8,0.8
2526,2026-02-22,Premier League,A,0.06480305397792313,2.67,1.67
2526,2026-02-22,Premier League,A,0.1440656816430802,1.56,0.56
2526,2026-02-22,Serie A,A,0.09868253201094707,2.98,-1.0
2526,2026-02-22,Serie A,A,0.12054295367735007,3.47,-1.0
2526,2026-02-22,Serie A,A,0.04102242002280693,9.48,8.48
2526,2026-02-22,Serie A,D,0.11167256980611973,4.62,-1.0
2526,2026-02-23,La Liga,A,0.13748208789437383,3.4,-1.0
2526,2026-02-23,Premier League,A,0.14647225612137005,1.94,0.94
2526,2026-02-23,Serie A,D,0.10293478611082685,3.46,-1.0
2526,2026-02-23,Serie A,A,0.09785576588724035,5.0,-1.0
2526,2026-02-27,Bundesliga,D,0.08969299682661486,3.4,-1.0
2526,2026-02-27,La Liga,A,0.09203899067031462,2.81,-1.0
2526,2026-02-27,Ligue 1,A,0.07265513120443251,2.99,-1.0
2526,2026-02-27,Premier League,A,0.18060619447029125,1.84,-1.0
2526,2026-02-27,Serie A,D,0.1154266421607103,2.92,1.92
2526,2026-02-28,Bundesliga,A,0.1568935887066074,1.61,0.6100000000000001
2526,2026-02-28,Bundesliga,D,0.06188325578382009,4.33,-1.0
2526,2026-02-28,Bundesliga,A,0.07555024510600941,4.54,-1.0
2526,2026-02-28,Bundesliga,A,0.09896402103777857,2.97,-1.0
2526,2026-02-28,Bundesliga,D,0.09283583359638303,3.82,-1.0
2526,2026-02-28,La Liga,D,0.039273211881609066,6.15,-1.0
2526,2026-02-28,La Liga,A,0.11884800085759228,2.39,1.3900000000000001
2526,2026-02-28,La Liga,A,0.10210304086587019,1.67,0.6699999999999999
2526,2026-02-28,La Liga,A,0.04477056537614443,3.1,-1.0
2526,2026-02-28,Ligue 1,A,0.10522561371144601,1.27,0.27
2526,2026-02-28,Ligue 1,A,0.08837924803577016,5.96,-1.0
2526,2026-02-28,Ligue 1,A,0.0920273492213472,3.64,-1.0
2526,2026-02-28,Premier League,D,0.07089543112952146,3.8,2.8
2526,2026-02-28,Premier League,A,0.17381524988556196,1.73,0.73
2526,2026-02-28,Premier League,A,0.1271246731790071,1.6,0.6000000000000001
2526,2026-02-28,Premier League,A,0.05517199664345185,6.68,-1.0
2526,2026-02-28,Premier League,A,0.09376598985519732,4.67,3.67
2526,2026-02-28,Serie A,A,0.051693315524205946,9.12,-1.0
2526,2026-02-28,Serie A,D,0.07943391932151964,5.13,-1.0
2526,2026-02-28,Serie A,A,0.0822732621066603,1.5,0.5
2526,2026-03-01,Bundesliga,D,0.08551085293176808,3.44,-1.0
2526,2026-03-01,Bundesliga,A,0.19482327233769714,2.09,1.0899999999999999
2526,2026-03-01,Bundesliga,A,0.15173828381775503,5.24,-1.0
2526,2026-03-01,La Liga,A,0.08619330068474829,4.42,-1.0
2526,2026-03-01,La Liga,A,0.1296752404714676,3.0,-1.0
2526,2026-03-01,La Liga,A,0.14416672313720652,2.86,1.8599999999999999
2526,2026-03-01,La Liga,A,0.07428839009472532,3.13,-1.0
2526,2026-03-01,Ligue 1,A,0.07676184104054637,6.79,-1.0
2526,2026-03-01,Ligue 1,A,0.14055055906668307,3.73,-1.0
2526,2026-03-01,Ligue 1,D,0.057749617389597,3.65,-1.0
2526,2026-03-01,Ligue 1,A,0.14793324944801733,2.09,1.0899999999999999
2526,2026-03-01,Ligue 1,A,0.17466173522929518,2.89,-1.0
2526,2026-03-01,Premier League,A,0.08286671578993332,5.28,-1.0
2526,2026-03-01,Premier League,A,0.1293769327566247,3.42,-1.0
2526,2026-03-01,Premier League,A,0.15308399474007817,3.3,-1.0
2526,2026-03-01,Premier League,A,0.09752497922918063,5.61,-1.0
2526,2026-03-01,Serie A,A,0.10456774928789114,1.49,0.49
2526,2026-03-01,Serie A,A,0.11521641191104759,2.84,-1.0
2526,2026-03-01,Serie A,A,0.11795372735374088,1.95,-1.0
2526,2026-03-01,Serie A,A,0.109161730866489,2.73,-1.0
2526,2026-03-02,La Liga,A,0.10561967897376294,10.52,9.52
2526,2026-03-02,Serie A,A,0.12312719538306438,1.98,0.98
2526,2026-03-02,Serie A,A,0.09923144277314788,2.3,-1.0
2526,2026-03-03,Premier League,A,0.15668554013230612,2.65,-1.0
2526,2026-03-03,Premier League,A,0.08619939185066802,6.06,-1.0
2526,2026-03-03,Premier League,A,0.08286618862791204,4.31,3.3099999999999996
2526,2026-03-03,Premier League,A,0.15715991979677935,1.48,-1.0
2526,2026-03-04,Bundesliga,A,0.17577764064514406,2.03,1.0299999999999998
2526,2026-03-04,La Liga,D,0.07319989330191007,3.63,-1.0
2526,2026-03-04,Premier League,A,0.07516441153670783,2.46,1.46
2526,2026-03-04,Premier League,A,0.12264945669245075,1.64,0.6399999999999999
2526,2026-03-04,Premier League,A,0.12710234663073894,3.52,2.52
2526,2026-03-04,Premier League,A,0.06951366201226392,7.65,-1.0
2526,2026-03-04,Premier League,A,0.08456978627344364,2.53,-1.0
2526,2026-03-05,Premier League,A,0.13173302436029233,2.97,1.9700000000000002
2526,2026-03-06,Bundesliga,D,0.04157105722413332,7.43,-1.0
2526,2026-03-06,La Liga,A,0.09602922114215162,2.25,1.25
2526,2026-03-06,Ligue 1,D,0.0502048162656476,5.55,-1.0
2526,2026-03-06,Serie A,D,0.1266327100051089,3.75,-1.0
2526,2026-03-07,Bundesliga,A,0.12238974994962437,1.73,0.73
2526,2026-03-07,Bundesliga,A,0.19255798814624636,2.35,-1.0
2526,2026-03-07,Bundesliga,A,0.1407244405044007,1.58,0.5800000000000001
2526,2026-03-07,Bundesliga,A,0.08132125923906086,2.12,-1.0
2526,2026-03-07,Bundesliga,D,0.08454018501782096,4.88,-1.0
2526,2026-03-07,Bundesliga,A,0.1582763643884904,2.82,1.8199999999999998
2526,2026-03-07,La Liga,A,0.06613119348163599,1.61,0.6100000000000001
2526,2026-03-07,La Liga,A,0.05382170522236679,5.32,-1.0
2526,2026-03-07,La Liga,A,0.09762321850106703,2.46,-1.0
2526,2026-03-07,La Liga,A,0.06836838153901809,4.93,-1.0
2526,2026-03-07,Ligue 1,A,0.13943692313004935,2.07,-1.0
2526,2026-03-07,Ligue 1,A,0.13424607559419927,3.42,2.42
2526,2026-03-07,Ligue 1,A,0.15300444531258295,2.28,1.2799999999999998
2526,2026-03-07,Serie A,D,0.11426257099608106,3.7,2.7
2526,2026-03-07,Serie A,A,0.13521303454620226,1.6,0.6000000000000001
2526,2026-03-07,Serie A,D,0.08758741718217156,5.94,-1.0
2526,2026-03-08,Bundesliga,A,0.1157187770234348,2.56,-1.0
2526,2026-03-08,Bundesliga,A,0.14253367158529479,3.2,2.2
2526,2026-03-08,La Liga,A,0.15744184778782666,2.72,-1.0
2526,2026-03-08,La Liga,A,0.10831802729898649,2.93,-1.0
2526,2026-03-08,La Liga,A,0.13588126459283278,3.85,-1.0
2526,2026-03-08,La Liga,D,0.0938212053616764,4.49,-1.0
2526,2026-03-08,Ligue 1,A,0.13958287034131397,3.97,-1.0
2526,2026-03-08,Ligue 1,A,0.08882795099003118,9.96,-1.0
2526,2026-03-08,Ligue 1,A,0.050296007330050685,5.74,-1.0
2526,2026-03-08,Ligue 1,A,0.09806410618138736,4.97,-1.0
2526,2026-03-08,Ligue 1,A,0.12078512479821596,2.36,1.3599999999999999
2526,2026-03-08,Serie A,D,0.12690756328571823,3.89,-1.0
2526,2026-03-08,Serie A,A,0.11170448978203057,4.89,-1.0
2526,2026-03-08,Serie A,A,0.14988558365397003,1.89,-1.0
2526,2026-03-08,Serie A,A,0.11074432182109806,3.89,-1.0
2526,2026-03-08,Serie A,A,0.14859830142332087,2.19,-1.0
2526,2026-03-09,La Liga,D,0.09775355389878593,3.31,2.31
2526,2026-03-09,Serie A,D,0.08791605950629211,3.18,-1.0
2526,2026-03-13,Bundesliga,D,0.09377217822325723,3.31,-1.0
2526,2026-03-13,La Liga,A,0.061311655458019754,2.19,-1.0
2526,2026-03-13,Ligue 1,D,0.08611797230077273,4.76,-1.0
2526,2026-03-13,Serie A,A,0.10535935627535997,3.84,-1.0
2526,2026-03-14,Bundesliga,A,0.08000012783317359,6.75,-1.0
2526,2026-03-14,Bundesliga,A,0.11264948943742073,5.44,-1.0
2526,2026-03-14,Bundesliga,A,0.13434231708557037,3.21,-1.0
2526,2026-03-14,Bundesliga,A,0.10991155951903112,6.04,-1.0
2526,2026-03-14,Bundesliga,A,0.14886414885485666,1.53,-1.0
2526,2026-03-14,La Liga,A,0.06773443658285708,6.91,-1.0
2526,2026-03-14,La Liga,A,0.12567189666142287,2.59,-1.0
2526,2026-03-14,La Liga,A,0.10888145412142342,2.53,-1.0
2526,2026-03-14,La Liga,D,0.05719513198816592,5.66,-1.0
2526,2026-03-14,Ligue 1,A,0.18173906789737887,2.39,1.3900000000000001
2526,2026-03-14,Ligue 1,A,0.14966625857472293,1.84,-1.0
2526,2026-03-14,Ligue 1,A,0.09678459878875273,4.67,-1.0
2526,2026-03-14,Premier League,A,0.07190350365665364,8.83,-1.0
2526,2026-03-14,Premier League,A,0.12899673688629243,1.82,-1.0
2526,2026-03-14,Premier League,A,0.07892409221808538,3.86,2.86
2526,2026-03-14,Premier League,A,0.11626235645388977,2.23,1.23
2526,2026-03-14,Premier League,A,0.10356844839031643,1.69,-1.0
2526,2026-03-14,Serie A,D,0.03233668746499241,4.23,3.2300000000000004
2526,2026-03-14,Serie A,D,0.08045614747581442,4.53,-1.0
2526,2026-03-14,Serie A,A,0.14782626999472182,1.53,0.53
2526,2026-03-15,Bundesliga,A,0.13544721709729013,3.45,2.45
2526,2026-03-15,Bundesliga,A,0.1658204536910205,2.69,-1.0
2526,2026-03-15,Bundesliga,A,0.13632208572232846,3.05,2.05
2526,2026-03-15,La Liga,A,0.0757238935096932,9.19,-1.0
2526,2026-03-15,La Liga,A,0.09227223523010775,3.29,-1.0
2526,2026-03-15,La Liga,A,0.14334939809810537,3.19,-1.0
2526,2026-03-15,La Liga,A,0.08644681836687307,4.06,-1.0
2526,2026-03-15,Ligue 1,A,0.13936023640557793,1.99,-1.0
2526,2026-03-15,Ligue 1,A,0.16828437565279836,1.97,0.97
2526,2026-03-15,Ligue 1,A,0.22934632628027263,3.12,2.12
2526,2026-03-15,Ligue 1,A,0.12275247127952543,4.39,-1.0
2526,2026-03-15,Premier League,A,0.11065828069084482,2.85,-1.0
2526,2026-03-15,Premier League,A,0.029891593452539472,8.72,-1.0
2526,2026-03-15,Premier League,A,0.10768046963628705,4.38,-1.0
2526,2026-03-15,Premier League,D,0.03998919698831693,3.4,2.4
2526,2026-03-15,Serie A,D,0.08194990937986757,3.29,-1.0
2526,2026-03-15,Serie A,A,0.16502864587685806,1.93,-1.0
2526,2026-03-15,Serie A,A,0.1155650720701511,3.04,-1.0
2526,2026-03-15,Serie A,A,0.12775497479395898,2.84,1.8399999999999999
2526,2026-03-15,Serie A,A,0.07181887267425496,2.37,1.37
2526,2026-03-16,La Liga,A,0.1040888972023839,4.92,-1.0
2526,2026-03-16,Premier League,D,0.07401886558439419,4.15,3.1500000000000004
2526,2026-03-16,Serie A,A,0.10950793994921387,1.92,0.9199999999999999
2526,2026-03-20,Bundesliga,D,0.08317245029525908,4.09,-1.0
2526,2026-03-20,La Liga,D,0.04750375678486318,3.62,-1.0
2526,2026-03-20,Ligue 1,A,0.06475309389796956,12.02,-1.0
2526,2026-03-20,Premier League,A,0.10073327987824382,2.07,-1.0
2526,2026-03-20,Serie A,A,0.08472534060362735,1.73,0.73
2526,2026-03-20,Serie A,D,0.09513251700969688,3.1,-1.0
2526,2026-03-21,Bundesliga,D,0.052597478825511274,7.61,-1.0
2526,2026-03-21,Bundesliga,A,0.11624459648039157,6.96,-1.0
2526,2026-03-21,Bundesliga,A,0.11167080724612766,2.99,-1.0
2526,2026-03-21,Bundesliga,A,0.1711156799610688,1.56,-1.0
2526,2026-03-21,Bundesliga,A,0.1277441210459227,2.77,1.77
2526,2026-03-21,La Liga,D,0.06850300025266226,3.3,-1.0
2526,2026-03-21,La Liga,A,0.09115838499542622,3.28,2.28
2526,2026-03-21,La Liga,A,0.06508124236523416,3.33,-1.0
2526,2026-03-21,La Liga,A,0.048567417167412086,3.29,-1.0
2526,2026-03-21,La Liga,A,0.058745323862159304,3.34,2.34
2526,2026-03-21,Ligue 1,A,0.1182664777611343,3.13,-1.0
2526,2026-03-21,Ligue 1,A,0.13937808247983074,1.33,0.33000000000000007
2526,2026-03-21,Ligue 1,A,0.08412018604624844,4.16,-1.0
2526,2026-03-21,Premier League,A,0.17163337573841286,2.22,-1.0
2526,2026-03-21,Premier League,A,0.13393793401723036,2.08,-1.0
2526,2026-03-21,Premier League,A,0.09237045620785225,6.22,-1.0
2526,2026-03-21,Premier League,A,0.1710519838097086,2.77,-1.0
2526,2026-03-21,Serie A,D,0.07079972124698983,5.19,4.19
2526,2026-03-21,Serie A,D,0.12460940604762585,4.71,-1.0
2526,2026-03-21,Serie A,A,0.09873910467995378,3.88,2.88
2526,2026-03-22,Bundesliga,A,0.10482397452218356,1.97,0.97
2526,2026-03-22,Bundesliga,D,0.12454895659243348,3.58,-1.0
2526,2026-03-22,Bundesliga,A,0.1373651539674024,2.7,1.7000000000000002
2526,2026-03-22,La Liga,A,0.1206770685817814,3.17,-1.0
2526,2026-03-22,La Liga,A,0.09012983597800543,9.96,-1.0
2526,2026-03-22,La Liga,A,0.12339693698618873,4.64,3.6399999999999997
2526,2026-03-22,La Liga,A,0.11518212052608007,3.54,-1.0
2526,2026-03-22,Ligue 1,A,0.17830152231521257,2.42,1.42
2526,2026-03-22,Ligue 1,A,0.150763271770889,3.69,2.69
2526,2026-03-22,Ligue 1,A,0.1314215186381284,2.01,1.0099999999999998
2526,2026-03-22,Ligue 1,A,0.09050943530280059,3.94,-1.0
2526,2026-03-22,Ligue 1,A,0.10249867179926964,8.03,-1.0
2526,2026-03-22,Premier League,A,0.10180943799422099,3.7,-1.0
2526,2026-03-22,Premier League,A,0.10747358142686325,5.04,4.04
2526,2026-03-22,Premier League,A,0.08429942306666899,3.11,2.11
2526,2026-03-22,Serie A,D,0.09770082939619296,4.56,-1.0
2526,2026-03-22,Serie A,A,0.10378182051890228,3.28,2.28
2526,2026-03-22,Serie A,D,0.11416747229523572,5.63,-1.0
2526,2026-03-22,Serie A,A,0.14338002965970764,1.61,-1.0
2526,2026-03-22,Serie A,A,0.0673589419512565,7.33,-1.0
2526,2026-04-03,La Liga,D,0.03960998632090157,3.77,-1.0
2526,2026-04-03,Ligue 1,A,0.03526204447217314,10.65,-1.0
2526,2026-04-04,Bundesliga,A,0.12518492942393744,1.37,0.3700000000000001
2526,2026-04-04,Bundesliga,A,0.15101164208524237,3.07,-1.0
2526,2026-04-04,Bundesliga,A,0.09965800770896285,4.41,3.41
2526,2026-04-04,Bundesliga,A,0.100858780041232,6.73,-1.0
2526,2026-04-04,Bundesliga,A,0.1170486412464592,5.2,-1.0
2526,2026-04-04,Bundesliga,A,0.12303412101009154,2.68,1.6800000000000002
2526,2026-04-04,Bundesliga,A,0.1583471153307311,1.93,0.9299999999999999
2526,2026-04-04,La Liga,A,0.09535368681506246,2.15,1.15
2526,2026-04-04,La Liga,A,0.04518887306425573,4.59,-1.0
2526,2026-04-04,La Liga,A,0.12651799932248375,1.55,-1.0
2526,2026-04-04,La Liga,A,0.04310071162539156,5.42,-1.0
2526,2026-04-04,Ligue 1,A,0.11776767255611376,2.21,1.21
2526,2026-04-04,Ligue 1,A,0.08437817760951849,2.63,-1.0
2526,2026-04-04,Ligue 1,A,0.11356920738197096,4.1,-1.0
2526,2026-04-04,Serie A,A,0.11654903208680281,4.91,-1.0
2526,2026-04-04,Serie A,A,0.12354269041926344,4.24,-1.0
2526,2026-04-04,Serie A,A,0.11907990437836768,1.89,0.8899999999999999
2526,2026-04-05,Bundesliga,A,0.15147623893682044,3.4,-1.0
2526,2026-04-05,Bundesliga,D,0.11513571111617044,3.13,2.13
2526,2026-04-05,La Liga,A,0.09224589553706058,2.97,-1.0
2526,2026-04-05,La Liga,A,0.11144690450503097,2.63,-1.0
2526,2026-04-05,La Liga,A,0.15906055110703932,2.64,-1.0
2526,2026-04-05,La Liga,A,0.18335268521004827,3.07,2.07
2526,2026-04-05,Ligue 1,A,0.14297713110839072,1.78,-1.0
2526,2026-04-05,Ligue 1,A,0.09862848342409086,2.9,-1.0
2526,2026-04-05,Ligue 1,A,0.18187641399742077,3.21,-1.0
2526,2026-04-05,Ligue 1,A,0.1748018130540857,2.43,-1.0
2526,2026-04-05,Ligue 1,A,0.13451851966409678,3.06,-1.0
2526,2026-04-05,Serie A,A,0.15509251425537263,2.05,1.0499999999999998
2526,2026-04-05,Serie A,D,0.08635008320286525,3.84,-1.0
2526,2026-04-05,Serie A,D,0.0903479071306742,2.96,-1.0
2526,2026-04-06,La Liga,A,0.14506475227555726,2.19,-1.0
2526,2026-04-06,Serie A,D,0.0895079904806022,4.52,-1.0
2526,2026-04-06,Serie A,A,0.11690315484741132,1.72,0.72
2526,2026-04-06,Serie A,A,0.13281755229778885,2.98,-1.0
2526,2026-04-06,Serie A,A,0.1406644875726829,1.67,-1.0
2526,2026-04-10,Bundesliga,A,0.18746732928071208,2.01,-1.0
2526,2026-04-10,La Liga,D,0.0532149461494921,5.76,4.76
2526,2026-04-10,Ligue 1,D,0.08037453459057406,6.39,-1.0
2526,2026-04-10,Ligue 1,A,0.10906815026210598,1.9,-1.0
2526,2026-04-10,Premier League,D,0.04685606639296369,3.74,-1.0
2526,2026-04-10,Serie A,D,0.11876330031686683,4.89,-1.0
2526,2026-04-11,Bundesliga,A,0.16149010953524928,3.42,2.42
2526,2026-04-11,Bundesliga,A,0.1795885070701747,2.25,-1.0
2526,2026-04-11,Bundesliga,A,0.08106160898751552,5.57,-1.0
2526,2026-04-11,Bundesliga,A,0.13853336773373848,1.34,0.3400000000000001
2526,2026-04-11,Bundesliga,D,0.11179314335353285,3.58,-1.0
2526,2026-04-11,La Liga,D,0.0625811178633405,6.26,-1.0
2526,2026-04-11,La Liga,A,0.05951278701097945,2.83,-1.0
2526,2026-04-11,La Liga,A,0.065793625782538,2.63,-1.0
2526,2026-04-11,La Liga,A,0.07847954967964457,4.76,-1.0
2526,2026-04-11,Ligue 1,A,0.17433183213166614,3.86,-1.0
2526,2026-04-11,Ligue 1,A,0.08541714769370551,7.99,-1.0
2526,2026-04-11,Premier League,A,0.05741330212248019,7.06,6.06
2526,2026-04-11,Premier League,A,0.12209889572860105,3.45,-1.0
2526,2026-04-11,Premier League,A,0.12632145282202112,1.72,0.72
2526,2026-04-11,Premier League,D,0.06342621557607969,4.18,-1.0
2526,2026-04-11,Serie A,A,0.13816184249713526,2.29,1.29
2526,2026-04-11,Serie A,A,0.10780669407039772,3.61,-1.0
2526,2026-04-11,Serie A,D,0.1238470070447939,4.43,-1.0
2526,2026-04-11,Serie A,A,0.12820285638815956,4.38,-1.0
2526,2026-04-12,Bundesliga,A,0.1476549946144204,3.08,-1.0
2526,2026-04-12,Bundesliga,A,0.17909393784576277,3.3,2.3
2526,2026-04-12,Bundesliga,A,0.11018893211749325,6.75,-1.0
2526,2026-04-12,La Liga,A,0.09198184785207514,2.99,1.9900000000000002
2526,2026-04-12,La Liga,D,0.07187974160014557,3.8,-1.0
2526,2026-04-12,La Liga,A,0.12256835468230765,2.96,-1.0
2526,2026-04-12,La Liga,A,0.14679581177071288,3.14,-1.0
2526,2026-04-12,Ligue 1,A,0.07318159587166051,4.92,-1.0
2526,2026-04-12,Ligue 1,A,0.10132113754541514,4.2,-1.0
2526,2026-04-12,Ligue 1,A,0.14992748755309288,2.33,1.33
2526,2026-04-12,Premier League,A,0.165225959508231,2.1,1.1
2526,2026-04-12,Premier League,A,0.18488701208803499,2.22,-1.0
2526,2026-04-12,Premier League,A,0.1736486615079857,2.65,-1.0
2526,2026-04-12,Premier League,A,0.11660606806287255,2.63,-1.0
2526,2026-04-12,Serie A,D,0.08797464362603491,3.37,-1.0
2526,2026-04-12,Serie A,A,0.15908576488405146,2.23,1.23
2526,2026-04-12,Serie A,D,0.07074956427866713,3.24,-1.0
2526,2026-04-12,Serie A,A,0.1048603939124586,1.59,-1.0
2526,2026-04-13,La Liga,A,0.12200282136764629,2.78,-1.0
2526,2026-04-13,Premier League,A,0.08126539151678433,5.3,4.3
2526,2026-04-13,Serie A,A,0.10889398653291815,3.31,-1.0
2526,2026-04-17,Bundesliga,A,0.12828015483838306,2.49,-1.0
2526,2026-04-17,Ligue 1,A,0.04420920838364176,6.18,-1.0
2526,2026-04-17,Serie A,D,0.05672891513044723,6.04,-1.0
2526,2026-04-17,Serie A,A,0.1690315102697022,1.54,-1.0
2526,2026-04-18,Bundesliga,A,0.15824752054329222,1.97,0.97
2526,2026-04-18,Bundesliga,A,0.12467426000075382,2.42,-1.0
2526,2026-04-18,Bundesliga,A,0.0636294799553804,6.64,5.64
2526,2026-04-18,Bundesliga,A,0.17089751452381086,3.18,2.18
2526,2026-04-18,Bundesliga,A,0.13799850341856013,3.55,-1.0
2526,2026-04-18,Ligue 1,A,0.1687716620803324,2.65,-1.0
2526,2026-04-18,Ligue 1,A,0.096855588536641,6.23,-1.0
2526,2026-04-18,Ligue 1,A,0.1701896115271916,1.74,-1.0
2526,2026-04-18,Premier League,A,0.08309065851951897,3.26,-1.0
2526,2026-04-18,Premier League,A,0.05010913911093351,3.07,2.07
2526,2026-04-18,Premier League,A,0.05469019677303544,5.5,-1.0
2526,2026-04-18,Premier League,A,0.0732955167736255,3.48,2.48
2526,2026-04-18,Premier League,A,0.09878703785533843,2.41,-1.0
2526,2026-04-18,Serie A,D,0.07400639325003863,3.83,-1.0
2526,2026-04-18,Serie A,D,0.07151985090449059,3.25,2.25
2526,2026-04-18,Serie A,A,0.15109035545969518,3.77,2.77
2526,2026-04-19,Bundesliga,D,0.08357535519938009,5.39,-1.0
2526,2026-04-19,Bundesliga,A,0.09827067355423125,4.63,-1.0
2526,2026-04-19,Bundesliga,A,0.14658746189932403,2.79,-1.0
2526,2026-04-19,Ligue 1,A,0.1757670352850329,2.08,1.08
2526,2026-04-19,Ligue 1,D,0.088497593365129,4.18,3.1799999999999997
2526,2026-04-19,Ligue 1,A,0.1411963182590087,3.01,-1.0
2526,2026-04-19,Ligue 1,A,0.062489934670667144,8.85,7.85
2526,2026-04-19,Ligue 1,A,0.10270471564484912,2.49,1.4900000000000002
2526,2026-04-19,Premier League,A,0.06649387688249353,5.25,-1.0
2526,2026-04-19,Premier League,A,0.18032939100636008,2.25,1.25
2526,2026-04-19,Premier League,A,0.04403813601927306,4.25,-1.0
2526,2026-04-19,Premier League,A,0.11930728572615873,6.32,-1.0
2526,2026-04-19,Serie A,A,0.0762181890478521,2.54,-1.0
2526,2026-04-19,Serie A,D,0.07112244800842693,4.38,-1.0
2526,2026-04-19,Serie A,D,0.06243515651093012,3.12,-1.0
2526,2026-04-19,Serie A,A,0.11710493394697974,1.56,0.56
2526,2026-04-20,Premier League,A,0.17148199556705612,3.11,-1.0
2526,2026-04-20,Serie A,A,0.13580984915971206,2.13,-1.0
2526,2026-04-21,La Liga,A,0.05565385611056614,4.4,-1.0
2526,2026-04-21,La Liga,A,0.1251587878978358,2.88,1.88
2526,2026-04-21,La Liga,A,0.1553081413377954,2.88,-1.0
2526,2026-04-21,La Liga,A,0.014582969684405103,11.23,-1.0
2526,2026-04-21,Premier League,A,0.11658629788206726,2.66,-1.0
2526,2026-04-22,La Liga,A,0.023343712715772666,10.25,-1.0
2526,2026-04-22,La Liga,A,0.08453163464352431,2.44,-1.0
2526,2026-04-22,La Liga,A,0.09426728145516566,3.58,2.58
2526,2026-04-22,Ligue 1,A,0.07096796759327105,12.84,-1.0
2526,2026-04-22,Premier League,A,0.07686754479937025,3.57,-1.0
2526,2026-04-22,Premier League,A,0.03552040261320255,1.14,0.1399999999999999
2526,2026-04-23,La Liga,A,0.1597322178257009,2.81,-1.0
2526,2026-04-23,La Liga,A,0.14631052628310381,2.03,-1.0
2526,2026-04-23,La Liga,A,0.08939392900105497,3.65,-1.0
2526,2026-04-24,Bundesliga,A,0.07522598187693494,6.06,-1.0
2526,2026-04-24,La Liga,A,0.14152776460203376,1.84,-1.0
2526,2026-04-24,Ligue 1,A,0.10000243398142794,1.55,-1.0
2526,2026-04-24,Premier League,A,0.1328832553733364,2.66,1.6600000000000001
2526,2026-04-24,Serie A,D,0.11146185014734467,4.85,-1.0
2526,2026-04-25,Bundesliga,A,0.11573957388814643,2.53,-1.0
2526,2026-04-25,Bundesliga,A,0.21761438586234993,1.83,0.8300000000000001
2526,2026-04-25,Bundesliga,A,0.17570273066839448,1.77,0.77
2526,2026-04-25,Bundesliga,A,0.1901838034164669,2.89,-1.0
2526,2026-04-25,Bundesliga,A,0.1312251233032845,1.64,0.6399999999999999
2526,2026-04-25,Bundesliga,A,0.12586564209571693,2.95,-1.0
2526,2026-04-25,La Liga,D,0.08947539895407847,3.13,-1.0
2526,2026-04-25,La Liga,A,0.06846026566578595,3.15,-1.0
2526,2026-04-25,La Liga,A,0.14562205242731452,1.61,0.6100000000000001
2526,2026-04-25,La Liga,A,0.08915077061428,3.49,-1.0
2526,2026-04-25,Ligue 1,A,0.09759529497672836,1.24,0.24
2526,2026-04-25,Ligue 1,A,0.09419403673308407,5.03,-1.0
2526,2026-04-25,Ligue 1,A,0.126894058240912,2.01,-1.0
2526,2026-04-25,Premier League,A,0.06713427071800324,6.22,-1.0
2526,2026-04-25,Premier League,A,0.18254325296320695,2.47,-1.0
2526,2026-04-25,Premier League,D,0.04450955069823004,4.76,-1.0
2526,2026-04-25,Premier League,A,0.12845426482896843,2.9,-1.0
2526,2026-04-25,Premier League,A,0.16677349453032997,1.7,0.7
2526,2026-04-25,Serie A,A,0.07805462048731299,2.38,1.38
2526,2026-04-25,Serie A,A,0.13886885017582962,3.73,-1.0
2526,2026-04-25,Serie A,A,0.09940951113941598,2.8,-1.0
2526,2026-04-26,Bundesliga,A,0.08018366264808643,7.51,-1.0
2526,2026-04-26,Bundesliga,D,0.07970218439644955,4.46,3.46
2526,2026-04-26,La Liga,A,0.1517097955779665,3.55,-1.0
2526,2026-04-26,La Liga,A,0.09233350591744721,2.93,1.9300000000000002
2526,2026-04-26,La Liga,A,0.14640181906309369,2.63,-1.0
2526,2026-04-26,La Liga,A,0.166716691269371,3.57,-1.0
2526,2026-04-26,Ligue 1,A,0.1466801465257043,5.18,-1.0
2526,2026-04-26,Ligue 1,A,0.08653311278152853,3.22,2.22
2526,2026-04-26,Ligue 1,A,0.09520337763971043,5.9,-1.0
2526,2026-04-26,Ligue 1,A,0.1968350833865521,1.89,0.8899999999999999
2526,2026-04-26,Ligue 1,A,0.13307150766434767,7.02,-1.0
2526,2026-04-26,Serie A,D,0.07499660799395902,3.34,2.34
2526,2026-04-26,Serie A,A,0.15517784777723598,1.75,0.75
2526,2026-04-26,Serie A,A,0.14696316840438906,2.45,-1.0
2526,2026-04-26,Serie A,A,0.1438110886919124,1.4,-1.0
2526,2026-04-27,La Liga,A,0.10099831517339475,3.72,-1.0
2526,2026-04-27,Premier League,A,0.14817602390099172,3.84,-1.0
2526,2026-04-27,Serie A,A,0.12470754632149728,1.74,-1.0
2526,2026-04-27,Serie A,D,0.13920353358647702,3.26,2.26
2526,2026-05-01,La Liga,D,0.07588336531993994,3.43,-1.0
2526,2026-05-01,Premier League,A,0.058295792248510586,8.57,-1.0
2526,2026-05-01,Serie A,A,0.09262554563666797,2.27,1.27
2526,2026-05-02,Bundesliga,D,0.08589764318429152,6.75,5.75
2526,2026-05-02,Bundesliga,A,0.12696865260995308,4.26,3.26
2526,2026-05-02,Bundesliga,D,0.09583793913150113,3.98,2.98
2526,2026-05-02,Bundesliga,A,0.11679758016033315,2.9,-1.0
2526,2026-05-02,Bundesliga,A,0.17517981692719664,2.84,-1.0
2526,2026-05-02,Bundesliga,A,0.14571782665991018,3.5,2.5
2526,2026-05-02,La Liga,A,0.1272244108776518,2.55,1.5499999999999998
2526,2026-05-02,La Liga,A,0.1243546286189483,1.71,0.71
2526,2026-05-02,La Liga,D,0.05133940497553144,3.77,-1.0
2526,2026-05-02,La Liga,D,0.08726521456405323,4.09,-1.0
2526,2026-05-02,Ligue 1,A,0.11313753552597527,1.39,0.3899999999999999
2526,2026-05-02,Ligue 1,A,0.20175334056531968,1.68,-1.0
2526,2026-05-02,Ligue 1,A,0.13448567241011045,1.73,-1.0
2526,2026-05-02,Ligue 1,A,0.07751951001849638,8.6,-1.0
2526,2026-05-02,Premier League,A,0.07106651618221968,7.0,-1.0
2526,2026-05-02,Premier League,A,0.12320419972703789,3.62,-1.0
2526,2026-05-02,Premier League,A,0.09773274808974985,2.6,-1.0
2526,2026-05-02,Premier League,A,0.18251856204683048,2.18,-1.0
2526,2026-05-02,Serie A,A,0.0666246683258698,5.54,-1.0
2526,2026-05-02,Serie A,A,0.14979218511285114,3.18,-1.0
2526,2026-05-02,Serie A,A,0.10004826760185881,3.2,-1.0
2526,2026-05-03,Bundesliga,A,0.18231012613584735,2.67,-1.0
2526,2026-05-03,Bundesliga,A,0.17402835241538345,1.89,-1.0
2526,2026-05-03,Bundesliga,A,0.1970119181672742,2.55,1.5499999999999998
2526,2026-05-03,La Liga,D,0.08290022587732487,4.02,-1.0
2526,2026-05-03,La Liga,D,0.07222004116598832,3.81,-1.0
2526,2026-05-03,La Liga,A,0.14909025836329726,1.73,0.73
2526,2026-05-03,La Liga,A,0.0960568889596862,4.15,3.1500000000000004
2526,2026-05-03,Ligue 1,A,0.14092931591584343,5.16,-1.0
2526,2026-05-03,Ligue 1,A,0.15179229340018674,7.78,-1.0
2526,2026-05-03,Ligue 1,D,0.0727589989664601,3.59,-1.0
2526,2026-05-03,Ligue 1,A,0.20070999161503222,3.53,-1.0
2526,2026-05-03,Ligue 1,A,0.14324086067168207,2.54,1.54
2526,2026-05-03,Premier League,A,0.15980399299423415,3.21,2.21
2526,2026-05-03,Premier League,D,0.05837163273186041,4.16,-1.0
2526,2026-05-03,Premier League,A,0.17288171583652245,2.76,-1.0
2526,2026-05-03,Serie A,D,0.11312633948686668,3.43,2.43
2526,2026-05-03,Serie A,A,0.08145009209019895,11.94,-1.0
2526,2026-05-03,Serie A,D,0.13218398389357128,6.02,5.02
2526,2026-05-03,Serie A,A,0.18470742999355916,1.68,-1.0
2526,2026-05-04,La Liga,A,0.15474798222595676,2.87,-1.0
2526,2026-05-04,Premier League,D,0.13399403023968828,3.93,-1.0
2526,2026-05-04,Premier League,A,0.174982060615123,1.44,-1.0
2526,2026-05-04,Serie A,A,0.17662741578727326,2.42,1.42
2526,2026-05-04,Serie A,D,0.08546319723151605,3.94,-1.0
2526,2026-05-08,Bundesliga,A,0.03606430654455603,4.43,-1.0
2526,2026-05-08,La Liga,A,0.058109343409393444,2.81,-1.0
2526,2026-05-08,Ligue 1,D,0.08637706616803334,4.79,-1.0
2526,2026-05-08,Serie A,D,0.08409813955726003,3.23,-1.0
2526,2026-05-09,Bundesliga,A,0.11401493880216612,3.2,-1.0
2526,2026-05-09,Bundesliga,D,0.06843898355965972,4.91,-1.0
2526,2026-05-09,Bundesliga,A,0.09028139093170631,8.8,-1.0
2526,2026-05-09,Bundesliga,A,0.19052702338869748,2.82,-1.0
2526,2026-05-09,Bundesliga,A,0.14842836539277993,1.62,0.6200000000000001
2526,2026-05-09,La Liga,A,0.11596591072705892,3.34,2.34
2526,2026-05-09,La Liga,D,0.06253404159919518,3.32,2.32
2526,2026-05-09,La Liga,A,0.10830778762848925,3.66,-1.0
2526,2026-05-09,La Liga,A,0.17165001072136932,2.59,-1.0
2526,2026-05-09,Premier League,A,0.03259113473438742,9.98,-1.0
2526,2026-05-09,Premier League,A,0.1358510049213491,2.39,1.3900000000000001
2526,2026-05-09,Premier League,A,0.09733664338856404,3.81,-1.0
2526,2026-05-09,Premier League,D,0.08772434394336945,5.51,-1.0
2526,2026-05-09,Premier League,A,0.11823394954342514,1.86,-1.0
2526,2026-05-09,Serie A,D,0.11559376719601838,3.12,-1.0
2526,2026-05-09,Serie A,A,0.1693332223097378,1.75,0.75
2526,2026-05-09,Serie A,A,0.1338637405580324,1.44,0.43999999999999995
2526,2026-05-10,Bundesliga,A,0.1080471471926226,3.48,2.48
2526,2026-05-10,Bundesliga,A,0.17355685942993254,2.35,-1.0
2526,2026-05-10,Bundesliga,A,0.1559273637224853,4.24,3.24
2526,2026-05-10,La Liga,A,0.07113064382483653,4.73,3.7300000000000004
2526,2026-05-10,La Liga,A,0.0823821507722132,4.28,-1.0
2526,2026-05-10,La Liga,A,0.11694267744314801,2.83,-1.0
2526,2026-05-10,La Liga,A,0.22869330512028235,2.42,-1.0
2526,2026-05-10,Ligue 1,A,0.12696573139249484,2.39,-1.0
2526,2026-05-10,Ligue 1,A,0.21709344512822082,2.85,-1.0
2526,2026-05-10,Ligue 1,A,0.1822978399914359,1.96,0.96
2526,2026-05-10,Ligue 1,A,0.1833593324524031,2.13,1.13
2526,2026-05-10,Ligue 1,A,0.19640403611063578,2.75,1.75
2526,2026-05-10,Ligue 1,A,0.09101411195979707,13.44,-1.0
2526,2026-05-10,Ligue 1,A,0.09552868692301836,5.57,-1.0
2526,2026-05-10,Ligue 1,A,0.18582971743928145,1.74,-1.0
2526,2026-05-10,Premier League,A,0.16958770179063432,1.58,-1.0
2526,2026-05-10,Premier League,A,0.16781846129857986,2.56,-1.0
2526,2026-05-10,Premier League,A,0.1938901384547969,2.56,-1.0
2526,2026-05-10,Premier League,A,0.12770451712794195,1.58,0.5800000000000001
2526,2026-05-10,Serie A,D,0.1337326624342035,3.62,-1.0
2526,2026-05-10,Serie A,D,0.07725853596524312,3.31,2.31
2526,2026-05-10,Serie A,D,0.11733375280579095,3.42,-1.0
2526,2026-05-10,Serie A,A,0.10685282809680896,1.53,0.53
2526,2026-05-10,Serie A,A,0.1434772329784808,1.37,0.3700000000000001
2526,2026-05-11,La Liga,A,0.13180119934045048,2.92,-1.0
2526,2026-05-11,Premier League,D,0.10233260622423618,3.82,2.82
2526,2026-05-11,Serie A,A,0.14288383756717202,6.06,5.06
2526,2026-05-12,La Liga,D,0.04870858931022312,4.16,-1.0
2526,2026-05-12,La Liga,D,0.05012717763772648,3.78,-1.0
2526,2026-05-12,La Liga,A,0.09735646466869691,2.61,1.6099999999999999
2526,2026-05-13,La Liga,A,0.10108683866358242,2.1,-1.0
2526,2026-05-13,La Liga,A,0.09631523444202073,2.69,-1.0
2526,2026-05-13,La Liga,A,0.08300894838251571,3.51,-1.0
2526,2026-05-13,La Liga,D,0.07090137958902754,3.29,-1.0
2526,2026-05-13,Ligue 1,A,0.1511961980449828,2.42,1.42
2526,2026-05-13,Ligue 1,A,0.11051531978356,1.95,0.95
2526,2026-05-13,Premier League,D,0.04250335796600857,7.03,-1.0
2526,2026-05-14,La Liga,A,0.12187113266085181,3.21,-1.0
2526,2026-05-14,La Liga,D,0.0968151934602379,6.28,-1.0
2526,2026-05-14,La Liga,A,0.12204957786208231,3.23,-1.0
2526,2026-05-15,Premier League,A,0.13371146114717536,2.43,-1.0
2526,2026-05-16,Bundesliga,D,0.06742774162378637,8.71,-1.0
2526,2026-05-16,Bundesliga,A,0.13911144017143207,1.86,-1.0
2526,2026-05-16,Bundesliga,A,0.09659326651435529,2.28,-1.0
2526,2026-05-16,Bundesliga,A,0.1648759880705461,3.35,2.35
2526,2026-05-16,Bundesliga,D,0.06606716988915343,6.29,5.29
2526,2026-05-16,Bundesliga,A,0.16395735646182463,1.67,-1.0
2526,2026-05-16,Bundesliga,A,0.18858882739389826,2.28,1.2799999999999998
2526,2026-05-16,Bundesliga,A,0.15761976749937578,2.39,-1.0
2526,2026-05-16,Bundesliga,A,0.16613625546453448,1.93,0.9299999999999999
2526,2026-05-17,La Liga,A,0.17395858323295132,3.42,-1.0
2526,2026-05-17,La Liga,A,0.1482353014350385,4.25,-1.0
2526,2026-05-17,La Liga,D,0.08930487163376916,5.5,-1.0
2526,2026-05-17,La Liga,A,0.1791017662428096,3.57,-1.0
2526,2026-05-17,La Liga,A,0.1356889225628229,3.27,-1.0
2526,2026-05-17,La Liga,A,0.1774007096992331,3.7,2.7
2526,2026-05-17,La Liga,A,0.1676104796393082,1.9,0.8999999999999999
2526,2026-05-17,La Liga,A,0.18892050179507508,2.16,1.1600000000000001
2526,2026-05-17,La Liga,A,0.17512664991364318,3.21,2.21
2526,2026-05-17,La Liga,A,0.19421199732590916,2.69,-1.0
2526,2026-05-17,Ligue 1,A,0.1363701334904476,4.16,-1.0
2526,2026-05-17,Ligue 1,D,0.04550128362427694,4.77,-1.0
2526,2026-05-17,Ligue 1,A,0.27711494516144697,2.56,1.56
2526,2026-05-17,Ligue 1,A,0.09933828997553845,4.04,3.04
2526,2026-05-17,Ligue 1,D,0.06648978799113836,3.69,-1.0
2526,2026-05-17,Ligue 1,A,0.10706076366431544,2.55,-1.0
2526,2026-05-17,Ligue 1,A,0.08186966918864944,7.75,-1.0
2526,2026-05-17,Ligue 1,A,0.1761774975645789,1.52,-1.0
2526,2026-05-17,Ligue 1,A,0.18683703926081274,2.15,-1.0
2526,2026-05-17,Premier League,D,0.08041312757276295,4.09,3.09
2526,2026-05-17,Premier League,A,0.13026679046072698,4.18,3.1799999999999997
2526,2026-05-17,Premier League,A,0.1677696969365075,2.14,-1.0
2526,2026-05-17,Premier League,A,0.10433130728879356,4.94,-1.0
2526,2026-05-17,Premier League,A,0.14107509989901046,3.15,-1.0
2526,2026-05-17,Premier League,A,0.16433196794599952,1.87,-1.0
2526,2026-05-17,Serie A,A,0.1336007141200781,4.65,3.6500000000000004
2526,2026-05-17,Serie A,D,0.10502757337737678,3.11,-1.0
2526,2026-05-17,Serie A,A,0.08115954377958985,11.34,-1.0
2526,2026-05-17,Serie A,A,0.17947185556662382,1.71,0.71
2526,2026-05-17,Serie A,D,0.11736404843898479,6.85,5.85
2526,2026-05-17,Serie A,D,0.09414394251127839,5.28,-1.0
2526,2026-05-17,Serie A,A,0.13073592253943522,1.37,0.3700000000000001
2526,2026-05-17,Serie A,D,0.07059933653944062,4.09,-1.0
2526,2026-05-17,Serie A,A,0.19611130470325322,2.61,1.6099999999999999
2526,2026-05-17,Serie A,A,0.15252509033253886,2.97,1.9700000000000002
2526,2026-05-18,Premier League,A,0.08701630704449538,22.13,-1.0
2526,2026-05-19,Premier League,A,0.1328491284526453,1.66,-1.0
2526,2026-05-19,Premier League,A,0.11203182877397658,3.76,-1.0
2526,2026-05-22,Serie A,A,0.14381252274458783,2.49,-1.0
2526,2026-05-23,La Liga,A,0.17919381711921567,2.82,1.8199999999999998
2526,2026-05-23,La Liga,A,0.10815353828040447,3.26,-1.0
2526,2026-05-23,La Liga,D,0.07141118433995425,3.68,-1.0
2526,2026-05-23,La Liga,A,0.1421529934491345,2.76,-1.0
2526,2026-05-23,La Liga,A,0.0964789811452626,3.38,-1.0
2526,2026-05-23,La Liga,D,0.04548554519826961,3.86,2.86
2526,2026-05-23,La Liga,D,0.07498500449065082,4.33,-1.0
2526,2026-05-23,La Liga,A,0.09850294555502653,5.84,-1.0
2526,2026-05-23,La Liga,A,0.17605507471501136,1.84,-1.0
2526,2026-05-23,Serie A,A,0.08713496209692972,2.19,-1.0
2526,2026-05-23,Serie A,D,0.15314235078434046,4.16,-1.0
2526,2026-05-24,La Liga,A,0.13144398726444256,2.58,-1.0
2526,2026-05-24,Premier League,A,0.1085342429158383,3.58,2.58
2526,2026-05-24,Premier League,A,0.14711856447191712,2.77,-1.0
2526,2026-05-24,Premier League,A,0.12251317750390911,1.76,0.76
2526,2026-05-24,Premier League,A,0.1582833852241174,2.27,-1.0
2526,2026-05-24,Premier League,D,0.11131180784561118,4.09,3.09
2526,2026-05-24,Premier League,A,0.0823370112900291,8.39,7.390000000000001
2526,2026-05-24,Premier League,A,0.25163519384180166,2.05,-1.0
2526,2026-05-24,Premier League,A,0.21080303554506918,1.99,-1.0
2526,2026-05-24,Premier League,A,0.10179850515119424,3.78,-1.0
2526,2026-05-24,Premier League,A,0.09548486236097214,3.75,-1.0
2526,2026-05-24,Serie A,A,0.1785674868874737,1.55,0.55
2526,2026-05-24,Serie A,A,0.11610077474801944,4.84,-1.0
2526,2026-05-24,Serie A,D,0.12725690585783372,5.3,-1.0
2526,2026-05-24,Serie A,A,0.13018932613382916,6.72,-1.0
2526,2026-05-24,Serie A,A,0.11290307866055826,2.55,-1.0
2526,2026-05-24,Serie A,A,0.1901456702595945,1.4,-1.0
2526,2026-05-24,Serie A,A,0.10784491266441298,1.3,0.30000000000000004
